store_id,sku_id,category,policy,total_holding_cost,total_stockout_cost,total_cost,service_level,inventory_turns,avg_days_of_stock,avg_inventory,stockout_units,num_stockout_events
store_0001,sku_00001,Dairy,baseline_rolling_mean,2.2009520547945205,0.0,2.2009520547945205,1.0,1.4088050314465408,10.600000000000001,11.357142857142858,0.0,0
store_0001,sku_00001,Dairy,baseline_seasonal_naive,2.339376712328767,0.0,2.339376712328767,1.0,1.3254437869822486,11.266666666666667,12.071428571428571,0.0,0
store_0001,sku_00001,Dairy,ML_95,1.4949863013698628,0.0,1.4949863013698628,1.0,2.074074074074074,7.2,7.714285714285714,0.0,0
store_0001,sku_00001,Dairy,ML_99,1.4949863013698628,0.0,1.4949863013698628,1.0,2.074074074074074,7.2,7.714285714285714,0.0,0
store_0001,sku_00002,Automotive,baseline_rolling_mean,0.3166027397260275,0.0,0.3166027397260275,1.0,0.7850467289719626,10.190476190476192,7.642857142857143,0.0,0
store_0001,sku_00002,Automotive,baseline_seasonal_naive,0.36690410958904107,0.0,0.36690410958904107,1.0,0.6774193548387096,11.80952380952381,8.857142857142858,0.0,0
store_0001,sku_00002,Automotive,ML_95,0.28701369863013704,0.0,0.28701369863013704,1.0,0.8659793814432989,9.238095238095239,6.928571428571429,0.0,0
store_0001,sku_00002,Automotive,ML_99,0.28701369863013704,0.0,0.28701369863013704,1.0,0.8659793814432989,9.238095238095239,6.928571428571429,0.0,0
store_0001,sku_00003,Toys,baseline_rolling_mean,2.442246575342466,0.0,2.442246575342466,1.0,1.4056224899598395,8.440677966101694,17.785714285714285,0.0,0
store_0001,sku_00003,Toys,baseline_seasonal_naive,3.6094246575342464,0.0,3.6094246575342464,1.0,0.9510869565217391,12.47457627118644,26.285714285714285,0.0,0
store_0001,sku_00003,Toys,ML_95,1.9910684931506852,0.0,1.9910684931506852,1.0,1.7241379310344827,6.881355932203389,14.5,0.0,0
store_0001,sku_00003,Toys,ML_99,1.9910684931506852,0.0,1.9910684931506852,1.0,1.7241379310344827,6.881355932203389,14.5,0.0,0
store_0001,sku_00004,Beverages,baseline_rolling_mean,0.2391232876712329,0.0,0.2391232876712329,1.0,1.75,8.0,2.2857142857142856,0.0,0
store_0001,sku_00004,Beverages,baseline_seasonal_naive,0.3885753424657535,0.0,0.3885753424657535,1.0,1.0769230769230769,13.000000000000002,3.7142857142857144,0.0,0
store_0001,sku_00004,Beverages,ML_95,0.28395890410958907,0.0,0.28395890410958907,1.0,1.4736842105263157,9.500000000000002,2.7142857142857144,0.0,0
store_0001,sku_00004,Beverages,ML_99,0.28395890410958907,0.0,0.28395890410958907,1.0,1.4736842105263157,9.500000000000002,2.7142857142857144,0.0,0
store_0001,sku_00005,Apparel,baseline_rolling_mean,0.19006849315068491,0.0,0.19006849315068491,1.0,0.7567567567567568,11.384615384615383,5.285714285714286,0.0,0
store_0001,sku_00005,Apparel,baseline_seasonal_naive,0.5136986301369864,0.0,0.5136986301369864,1.0,0.27999999999999997,30.76923076923077,14.285714285714286,0.0,0
store_0001,sku_00005,Apparel,ML_95,0.19006849315068491,0.0,0.19006849315068491,1.0,0.7567567567567568,11.384615384615383,5.285714285714286,0.0,0
store_0001,sku_00005,Apparel,ML_99,0.19006849315068491,0.0,0.19006849315068491,1.0,0.7567567567567568,11.384615384615383,5.285714285714286,0.0,0
store_0001,sku_00006,Meat,baseline_rolling_mean,1.4226575342465755,0.0,1.4226575342465755,1.0,0.8596491228070176,12.666666666666664,8.142857142857142,0.0,0
store_0001,sku_00006,Meat,baseline_seasonal_naive,2.433493150684931,0.0,2.433493150684931,1.0,0.5025641025641026,21.666666666666664,13.928571428571429,0.0,0
store_0001,sku_00006,Meat,ML_95,0.935958904109589,0.0,0.935958904109589,1.0,1.3066666666666669,8.333333333333332,5.357142857142857,0.0,0
store_0001,sku_00006,Meat,ML_99,0.935958904109589,0.0,0.935958904109589,1.0,1.3066666666666669,8.333333333333332,5.357142857142857,0.0,0
store_0001,sku_00007,Office,baseline_rolling_mean,0.7159726027397262,0.0,0.7159726027397262,1.0,1.5806451612903225,10.782608695652176,8.857142857142858,0.0,0
store_0001,sku_00007,Office,baseline_seasonal_naive,1.0624109589041095,0.0,1.0624109589041095,1.0,1.065217391304348,16.0,13.142857142857142,0.0,0
store_0001,sku_00007,Office,ML_95,0.6582328767123288,7.587,8.245232876712329,0.9285714285714286,1.719298245614035,9.91304347826087,8.142857142857142,1.0,1
store_0001,sku_00007,Office,ML_99,0.6582328767123288,7.587,8.245232876712329,0.9285714285714286,1.719298245614035,9.91304347826087,8.142857142857142,1.0,1
store_0001,sku_00008,Seasonal,baseline_rolling_mean,2.5769589041095893,0.0,2.5769589041095893,1.0,2.3333333333333335,8.262295081967213,18.0,0.0,0
store_0001,sku_00008,Seasonal,baseline_seasonal_naive,5.62431506849315,0.0,5.62431506849315,1.0,1.069090909090909,18.0327868852459,39.285714285714285,0.0,0
store_0001,sku_00008,Seasonal,ML_95,2.6280890410958904,107.49600000000001,110.1240890410959,0.8095238095238095,2.2879377431906613,8.426229508196723,18.357142857142858,8.0,1
store_0001,sku_00008,Seasonal,ML_99,2.6280890410958904,107.49600000000001,110.1240890410959,0.8095238095238095,2.2879377431906613,8.426229508196723,18.357142857142858,8.0,1
store_0001,sku_00009,Beauty,baseline_rolling_mean,0.33165068493150696,0.0,0.33165068493150696,1.0,1.024390243902439,13.666666666666666,2.9285714285714284,0.0,0
store_0001,sku_00009,Beauty,baseline_seasonal_naive,0.3073835616438356,0.0,0.3073835616438356,1.0,1.1052631578947367,12.666666666666668,2.7142857142857144,0.0,0
store_0001,sku_00009,Beauty,ML_95,0.47725342465753423,0.0,0.47725342465753423,1.0,0.711864406779661,19.666666666666668,4.214285714285714,0.0,0
store_0001,sku_00009,Beauty,ML_99,0.47725342465753423,0.0,0.47725342465753423,1.0,0.711864406779661,19.666666666666668,4.214285714285714,0.0,0
store_0001,sku_00010,Dairy,baseline_rolling_mean,4.18177397260274,0.0,4.18177397260274,1.0,1.238938053097345,9.826086956521738,24.214285714285715,0.0,0
store_0001,sku_00010,Dairy,baseline_seasonal_naive,5.834746575342467,0.0,5.834746575342467,1.0,0.8879492600422834,13.71014492753623,33.785714285714285,0.0,0
store_0001,sku_00010,Dairy,ML_95,2.750842465753425,0.0,2.750842465753425,1.0,1.8834080717488788,6.463768115942028,15.928571428571429,0.0,0
store_0001,sku_00010,Dairy,ML_99,2.750842465753425,0.0,2.750842465753425,1.0,1.8834080717488788,6.463768115942028,15.928571428571429,0.0,0
store_0001,sku_00011,Bakery,baseline_rolling_mean,0.9483904109589041,0.0,0.9483904109589041,1.0,1.0980392156862744,10.200000000000001,10.928571428571429,0.0,0
store_0001,sku_00011,Bakery,baseline_seasonal_naive,1.30791095890411,0.0,1.30791095890411,1.0,0.7962085308056872,14.066666666666666,15.071428571428571,0.0,0
store_0001,sku_00011,Bakery,ML_95,0.8678082191780823,0.0,0.8678082191780823,1.0,1.2,9.333333333333334,10.0,0.0,0
store_0001,sku_00011,Bakery,ML_99,0.8678082191780823,0.0,0.8678082191780823,1.0,1.2,9.333333333333334,10.0,0.0,0
store_0001,sku_00012,Household,baseline_rolling_mean,0.9372328767123288,0.0,0.9372328767123288,1.0,1.7037037037037037,9.692307692307693,13.5,0.0,0
store_0001,sku_00012,Household,baseline_seasonal_naive,1.3686575342465752,0.0,1.3686575342465752,1.0,1.1666666666666665,14.153846153846155,19.714285714285715,0.0,0
store_0001,sku_00012,Household,ML_95,0.6843287671232876,0.0,0.6843287671232876,1.0,2.333333333333333,7.0769230769230775,9.857142857142858,0.0,0
store_0001,sku_00012,Household,ML_99,0.6942465753424656,0.0,0.6942465753424656,1.0,2.3,7.17948717948718,10.0,0.0,0
store_0001,sku_00013,Automotive,baseline_rolling_mean,0.45945205479452045,5.031,5.49045205479452,0.9642857142857143,3.2666666666666666,6.153846153846154,8.571428571428571,1.0,1
store_0001,sku_00013,Automotive,baseline_seasonal_naive,0.4173356164383561,25.155,25.57233561643836,0.8214285714285714,3.596330275229358,5.58974358974359,7.785714285714286,5.0,2
store_0001,sku_00013,Automotive,ML_95,0.7542671232876712,10.062,10.81626712328767,0.9285714285714286,1.9898477157360406,10.102564102564102,14.071428571428571,2.0,1
store_0001,sku_00013,Automotive,ML_99,0.7542671232876712,10.062,10.81626712328767,0.9285714285714286,1.9898477157360406,10.102564102564102,14.071428571428571,2.0,1
store_0001,sku_00014,Home,baseline_rolling_mean,2.653746575342467,0.0,2.653746575342467,1.0,1.7746478873239437,8.037735849056604,15.214285714285714,0.0,0
store_0001,sku_00014,Home,baseline_seasonal_naive,4.335698630136987,0.0,4.335698630136987,1.0,1.0862068965517242,13.132075471698114,24.857142857142858,0.0,0
store_0001,sku_00014,Home,ML_95,2.2426027397260277,0.0,2.2426027397260277,1.0,2.1,6.7924528301886795,12.857142857142858,0.0,0
store_0001,sku_00014,Home,ML_99,2.2426027397260277,0.0,2.2426027397260277,1.0,2.1,6.7924528301886795,12.857142857142858,0.0,0
store_0001,sku_00015,Office,baseline_rolling_mean,0.857876712328767,0.0,0.857876712328767,1.0,0.6533333333333334,11.11111111111111,10.714285714285714,0.0,0
store_0001,sku_00015,Office,baseline_seasonal_naive,1.618527397260274,0.0,1.618527397260274,1.0,0.34628975265017664,20.962962962962962,20.214285714285715,0.0,0
store_0001,sku_00015,Office,ML_95,0.6462671232876713,0.0,0.6462671232876713,1.0,0.8672566371681416,8.37037037037037,8.071428571428571,0.0,0
store_0001,sku_00015,Office,ML_99,0.6462671232876713,0.0,0.6462671232876713,1.0,0.8672566371681416,8.37037037037037,8.071428571428571,0.0,0
store_0001,sku_00016,Office,baseline_rolling_mean,4.784000000000001,0.0,4.784000000000001,1.0,3.614130434782609,6.133333333333333,26.285714285714285,0.0,0
store_0001,sku_00016,Office,baseline_seasonal_naive,5.07,0.0,5.07,1.0,3.41025641025641,6.5,27.857142857142858,0.0,0
store_0001,sku_00016,Office,ML_95,8.619000000000002,51.246,59.865,0.968421052631579,2.0060331825037707,11.049999999999999,47.357142857142854,3.0,1
store_0001,sku_00016,Office,ML_99,8.619000000000002,51.246,59.865,0.968421052631579,2.0060331825037707,11.049999999999999,47.357142857142854,3.0,1
store_0001,sku_00017,Meat,baseline_rolling_mean,2.887643835616439,0.0,2.887643835616439,1.0,1.2857142857142858,10.31578947368421,7.0,0.0,0
store_0001,sku_00017,Meat,baseline_seasonal_naive,2.799246575342466,0.0,2.799246575342466,1.0,1.3263157894736843,10.0,6.785714285714286,0.0,0
store_0001,sku_00017,Meat,ML_95,1.7090136986301372,0.0,1.7090136986301372,1.0,2.172413793103448,6.105263157894737,4.142857142857143,0.0,0
store_0001,sku_00017,Meat,ML_99,1.7090136986301372,0.0,1.7090136986301372,1.0,2.172413793103448,6.105263157894737,4.142857142857143,0.0,0
store_0001,sku_00018,Beauty,baseline_rolling_mean,0.6253972602739726,0.0,0.6253972602739726,1.0,0.6666666666666666,12.923076923076923,6.0,0.0,0
store_0001,sku_00018,Beauty,baseline_seasonal_naive,1.5709383561643833,0.0,1.5709383561643833,1.0,0.26540284360189575,32.46153846153846,15.071428571428571,0.0,0
store_0001,sku_00018,Beauty,ML_95,0.45415753424657546,0.0,0.45415753424657546,1.0,0.918032786885246,9.384615384615383,4.357142857142857,0.0,0
store_0001,sku_00018,Beauty,ML_99,0.45415753424657546,0.0,0.45415753424657546,1.0,0.918032786885246,9.384615384615383,4.357142857142857,0.0,0
store_0001,sku_00019,Pet,baseline_rolling_mean,0.6153287671232875,0.0,0.6153287671232875,1.0,0.782608695652174,11.5,11.5,0.0,0
store_0001,sku_00019,Pet,baseline_seasonal_naive,0.9172602739726027,0.0,0.9172602739726027,1.0,0.525,17.142857142857142,17.142857142857142,0.0,0
store_0001,sku_00019,Pet,ML_95,0.49684931506849317,0.0,0.49684931506849317,1.0,0.9692307692307691,9.285714285714286,9.285714285714286,0.0,0
store_0001,sku_00019,Pet,ML_99,0.49684931506849317,0.0,0.49684931506849317,1.0,0.9692307692307691,9.285714285714286,9.285714285714286,0.0,0
store_0001,sku_00020,Pet,baseline_rolling_mean,0.8582465753424656,0.0,0.8582465753424656,1.0,0.9891304347826088,10.222222222222221,13.142857142857142,0.0,0
store_0001,sku_00020,Pet,baseline_seasonal_naive,1.4552876712328766,0.0,1.4552876712328766,1.0,0.5833333333333334,17.333333333333332,22.285714285714285,0.0,0
store_0001,sku_00020,Pet,ML_95,0.8582465753424656,0.0,0.8582465753424656,1.0,0.9891304347826088,10.222222222222221,13.142857142857142,0.0,0
store_0001,sku_00020,Pet,ML_99,0.8582465753424656,0.0,0.8582465753424656,1.0,0.9891304347826088,10.222222222222221,13.142857142857142,0.0,0
store_0001,sku_00021,Grocery,baseline_rolling_mean,3.1407260273972604,0.0,3.1407260273972604,1.0,1.875598086124402,8.36,14.928571428571429,0.0,0
store_0001,sku_00021,Grocery,baseline_seasonal_naive,6.551945205479452,0.0,6.551945205479452,1.0,0.8990825688073395,17.439999999999998,31.142857142857142,0.0,0
store_0001,sku_00021,Grocery,ML_95,2.7500136986301373,0.0,2.7500136986301373,1.0,2.1420765027322406,7.319999999999999,13.071428571428571,0.0,0
store_0001,sku_00021,Grocery,ML_99,2.7500136986301373,0.0,2.7500136986301373,1.0,2.1420765027322406,7.319999999999999,13.071428571428571,0.0,0
store_0001,sku_00022,Baby,baseline_rolling_mean,0.12554794520547943,7.02,7.145547945205479,0.8181818181818181,3.276595744680851,7.230769230769231,3.357142857142857,2.0,2
store_0001,sku_00022,Baby,baseline_seasonal_naive,0.36328767123287664,0.0,0.36328767123287664,1.0,1.1323529411764708,20.92307692307692,9.714285714285714,0.0,0
store_0001,sku_00022,Baby,ML_95,0.21904109589041093,0.0,0.21904109589041093,1.0,1.878048780487805,12.615384615384615,5.857142857142857,0.0,0
store_0001,sku_00022,Baby,ML_99,0.21904109589041093,0.0,0.21904109589041093,1.0,1.878048780487805,12.615384615384615,5.857142857142857,0.0,0
store_0001,sku_00023,Meat,baseline_rolling_mean,2.6715,0.0,2.6715,1.0,0.8949771689497718,12.514285714285714,15.642857142857142,0.0,0
store_0001,sku_00023,Meat,baseline_seasonal_naive,3.452212328767123,0.0,3.452212328767123,1.0,0.6925795053003533,16.17142857142857,20.214285714285715,0.0,0
store_0001,sku_00023,Meat,ML_95,1.6712123287671232,0.0,1.6712123287671232,1.0,1.4306569343065692,7.828571428571429,9.785714285714286,0.0,0
store_0001,sku_00023,Meat,ML_99,1.6712123287671232,0.0,1.6712123287671232,1.0,1.4306569343065692,7.828571428571429,9.785714285714286,0.0,0
store_0001,sku_00024,Seasonal,baseline_rolling_mean,4.910609589041098,0.0,4.910609589041098,1.0,1.4714714714714716,8.222222222222221,23.785714285714285,0.0,0
store_0001,sku_00024,Seasonal,baseline_seasonal_naive,6.149321917808219,0.0,6.149321917808219,1.0,1.1750599520383693,10.296296296296296,29.785714285714285,0.0,0
store_0001,sku_00024,Seasonal,ML_95,4.423972602739727,0.0,4.423972602739727,1.0,1.6333333333333335,7.407407407407407,21.428571428571427,0.0,0
store_0001,sku_00024,Seasonal,ML_99,4.423972602739727,0.0,4.423972602739727,1.0,1.6333333333333335,7.407407407407407,21.428571428571427,0.0,0
store_0001,sku_00025,Home,baseline_rolling_mean,4.319575342465754,0.0,4.319575342465754,1.0,1.439252336448598,9.511111111111111,15.285714285714286,0.0,0
store_0001,sku_00025,Home,baseline_seasonal_naive,9.708952054794521,0.0,9.708952054794521,1.0,0.6403326403326404,21.377777777777776,34.357142857142854,0.0,0
store_0001,sku_00025,Home,ML_95,3.068109589041096,0.0,3.068109589041096,1.0,2.026315789473684,6.7555555555555555,10.857142857142858,0.0,0
store_0001,sku_00025,Home,ML_99,3.068109589041096,0.0,3.068109589041096,1.0,2.026315789473684,6.7555555555555555,10.857142857142858,0.0,0
store_0001,sku_00026,Garden,baseline_rolling_mean,4.933047945205479,0.0,4.933047945205479,1.0,1.9326599326599325,7.615384615384616,21.214285714285715,0.0,0
store_0001,sku_00026,Garden,baseline_seasonal_naive,8.520719178082192,0.0,8.520719178082192,1.0,1.1189083820662766,13.153846153846155,36.642857142857146,0.0,0
store_0001,sku_00026,Garden,ML_95,3.5876712328767133,43.65,47.237671232876714,0.9512195121951219,2.6574074074074074,5.538461538461539,15.428571428571429,2.0,1
store_0001,sku_00026,Garden,ML_99,3.5876712328767133,43.65,47.237671232876714,0.9512195121951219,2.6574074074074074,5.538461538461539,15.428571428571429,2.0,1
store_0001,sku_00027,Seasonal,baseline_rolling_mean,4.17,0.0,4.17,1.0,1.7260273972602738,8.690476190476192,26.071428571428573,0.0,0
store_0001,sku_00027,Seasonal,baseline_seasonal_naive,4.478465753424659,0.0,4.478465753424659,1.0,1.6071428571428572,9.333333333333334,28.0,0.0,0
store_0001,sku_00027,Seasonal,ML_95,3.084657534246576,30.023999999999997,33.108657534246575,0.9555555555555556,2.3333333333333335,6.428571428571428,19.285714285714285,2.0,1
store_0001,sku_00027,Seasonal,ML_99,3.107506849315069,30.023999999999997,33.131506849315066,0.9555555555555556,2.3161764705882355,6.476190476190475,19.428571428571427,2.0,1
store_0001,sku_00028,Beauty,baseline_rolling_mean,0.8511438356164382,0.0,0.8511438356164382,1.0,1.0413223140495869,12.1,8.642857142857142,0.0,0
store_0001,sku_00028,Beauty,baseline_seasonal_naive,0.8652123287671233,0.0,0.8652123287671233,1.0,1.024390243902439,12.3,8.785714285714286,0.0,0
store_0001,sku_00028,Beauty,ML_95,0.28840410958904106,0.0,0.28840410958904106,1.0,3.073170731707317,4.1,2.9285714285714284,0.0,0
store_0001,sku_00028,Beauty,ML_99,0.28840410958904106,0.0,0.28840410958904106,1.0,3.073170731707317,4.1,2.9285714285714284,0.0,0
store_0001,sku_00029,Bakery,baseline_rolling_mean,0.2654246575342466,24.912,25.177424657534246,0.7777777777777778,4.5,8.0,2.0,2.0,2
store_0001,sku_00029,Bakery,baseline_seasonal_naive,0.4739726027397261,37.367999999999995,37.84197260273972,0.6666666666666667,2.52,14.285714285714286,3.5714285714285716,3.0,3
store_0001,sku_00029,Bakery,ML_95,0.6351232876712328,12.456,13.091123287671232,0.8888888888888888,1.8805970149253732,19.142857142857142,4.785714285714286,1.0,1
store_0001,sku_00029,Bakery,ML_99,0.6351232876712328,12.456,13.091123287671232,0.8888888888888888,1.8805970149253732,19.142857142857142,4.785714285714286,1.0,1
store_0001,sku_00030,Household,baseline_rolling_mean,0.5273150684931508,0.0,0.5273150684931508,1.0,0.5526315789473684,10.857142857142858,5.428571428571429,0.0,0
store_0001,sku_00030,Household,baseline_seasonal_naive,1.4015479452054795,0.0,1.4015479452054795,1.0,0.2079207920792079,28.857142857142858,14.428571428571429,0.0,0
store_0001,sku_00030,Household,ML_95,0.5273150684931508,0.0,0.5273150684931508,1.0,0.5526315789473684,10.857142857142858,5.428571428571429,0.0,0
store_0001,sku_00030,Household,ML_99,0.5273150684931508,0.0,0.5273150684931508,1.0,0.5526315789473684,10.857142857142858,5.428571428571429,0.0,0
store_0001,sku_00031,Health,baseline_rolling_mean,0.4502739726027396,0.0,0.4502739726027396,1.0,0.7283236994219653,13.307692307692308,12.357142857142858,0.0,0
store_0001,sku_00031,Health,baseline_seasonal_naive,1.6527397260273977,0.0,1.6527397260273977,1.0,0.19842519685039373,48.84615384615384,45.357142857142854,0.0,0
store_0001,sku_00031,Health,ML_95,0.2863013698630137,0.0,0.2863013698630137,1.0,1.1454545454545455,8.461538461538462,7.857142857142857,0.0,0
store_0001,sku_00031,Health,ML_99,0.2863013698630137,0.0,0.2863013698630137,1.0,1.1454545454545455,8.461538461538462,7.857142857142857,0.0,0
store_0001,sku_00032,Garden,baseline_rolling_mean,2.7798356164383557,0.0,2.7798356164383557,1.0,1.1136363636363638,8.799999999999999,12.571428571428571,0.0,0
store_0001,sku_00032,Garden,baseline_seasonal_naive,4.690972602739727,0.0,4.690972602739727,1.0,0.6599326599326599,14.85,21.214285714285715,0.0,0
store_0001,sku_00032,Garden,ML_95,2.5429178082191783,0.0,2.5429178082191783,1.0,1.2173913043478262,8.049999999999999,11.5,0.0,0
store_0001,sku_00032,Garden,ML_99,2.5429178082191783,0.0,2.5429178082191783,1.0,1.2173913043478262,8.049999999999999,11.5,0.0,0
store_0001,sku_00033,Beauty,baseline_rolling_mean,0.20062328767123286,0.0,0.20062328767123286,1.0,2.4705882352941178,8.5,1.2142857142857142,0.0,0
store_0001,sku_00033,Beauty,baseline_seasonal_naive,0.9677123287671234,15.506999999999998,16.474712328767122,0.6666666666666667,0.5121951219512195,41.0,5.857142857142857,1.0,1
store_0001,sku_00033,Beauty,ML_95,0.6136712328767124,15.506999999999998,16.12067123287671,0.6666666666666667,0.8076923076923077,26.000000000000004,3.7142857142857144,1.0,1
store_0001,sku_00033,Beauty,ML_99,0.3658424657534248,0.0,0.3658424657534248,1.0,1.3548387096774193,15.500000000000002,2.2142857142857144,0.0,0
store_0001,sku_00034,Dairy,baseline_rolling_mean,3.9363287671232876,0.0,3.9363287671232876,1.0,0.9572649572649572,9.176470588235295,16.714285714285715,0.0,0
store_0001,sku_00034,Dairy,baseline_seasonal_naive,5.803561643835616,0.0,5.803561643835616,1.0,0.6492753623188406,13.529411764705882,24.642857142857142,0.0,0
store_0001,sku_00034,Dairy,ML_95,3.9363287671232876,0.0,3.9363287671232876,1.0,0.9572649572649572,9.176470588235295,16.714285714285715,0.0,0
store_0001,sku_00034,Dairy,ML_99,3.9363287671232876,0.0,3.9363287671232876,1.0,0.9572649572649572,9.176470588235295,16.714285714285715,0.0,0
store_0001,sku_00035,Pet,baseline_rolling_mean,1.968972602739726,0.0,1.968972602739726,1.0,2.359550561797753,7.0078740157480315,31.785714285714285,0.0,0
store_0001,sku_00035,Pet,baseline_seasonal_naive,2.7565616438356164,0.0,2.7565616438356164,1.0,1.6853932584269662,9.811023622047244,44.5,0.0,0
store_0001,sku_00035,Pet,ML_95,2.3716164383561646,0.0,2.3716164383561646,1.0,1.9589552238805972,8.440944881889763,38.285714285714285,0.0,0
store_0001,sku_00035,Pet,ML_99,2.3716164383561646,0.0,2.3716164383561646,1.0,1.9589552238805972,8.440944881889763,38.285714285714285,0.0,0
store_0001,sku_00036,Office,baseline_rolling_mean,2.1867123287671233,0.0,2.1867123287671233,1.0,0.9333333333333332,11.333333333333334,18.214285714285715,0.0,0
store_0001,sku_00036,Office,baseline_seasonal_naive,2.4782739726027394,0.0,2.4782739726027394,1.0,0.823529411764706,12.844444444444443,20.642857142857142,0.0,0
store_0001,sku_00036,Office,ML_95,1.2434246575342467,0.0,1.2434246575342467,1.0,1.6413793103448275,6.444444444444445,10.357142857142858,0.0,0
store_0001,sku_00036,Office,ML_99,1.2434246575342467,0.0,1.2434246575342467,1.0,1.6413793103448275,6.444444444444445,10.357142857142858,0.0,0
store_0001,sku_00037,Meat,baseline_rolling_mean,2.2409863013698628,0.0,2.2409863013698628,1.0,0.7455621301775148,13.52,12.071428571428571,0.0,0
store_0001,sku_00037,Meat,baseline_seasonal_naive,3.2355068493150685,0.0,3.2355068493150685,1.0,0.5163934426229508,19.519999999999996,17.428571428571427,0.0,0
store_0001,sku_00037,Meat,ML_95,1.776876712328767,0.0,1.776876712328767,1.0,0.9402985074626866,10.719999999999999,9.571428571428571,0.0,0
store_0001,sku_00037,Meat,ML_99,1.776876712328767,0.0,1.776876712328767,1.0,0.9402985074626866,10.719999999999999,9.571428571428571,0.0,0
store_0001,sku_00038,Pet,baseline_rolling_mean,0.5723630136986303,0.0,0.5723630136986303,1.0,0.9333333333333333,9.0,9.642857142857142,0.0,0
store_0001,sku_00038,Pet,baseline_seasonal_naive,0.6190000000000001,0.0,0.6190000000000001,1.0,0.863013698630137,9.733333333333334,10.428571428571429,0.0,0
store_0001,sku_00038,Pet,ML_95,0.5554041095890413,0.0,0.5554041095890413,1.0,0.9618320610687022,8.733333333333334,9.357142857142858,0.0,0
store_0001,sku_00038,Pet,ML_99,0.5554041095890413,0.0,0.5554041095890413,1.0,0.9618320610687022,8.733333333333334,9.357142857142858,0.0,0
store_0001,sku_00039,Produce,baseline_rolling_mean,1.9757739726027403,0.0,1.9757739726027403,1.0,1.5862068965517242,7.660377358490567,14.5,0.0,0
store_0001,sku_00039,Produce,baseline_seasonal_naive,2.76413698630137,0.0,2.76413698630137,1.0,1.1338028169014085,10.716981132075471,20.285714285714285,0.0,0
store_0001,sku_00039,Produce,ML_95,1.8297808219178084,0.0,1.8297808219178084,1.0,1.7127659574468084,7.09433962264151,13.428571428571429,0.0,0
store_0001,sku_00039,Produce,ML_99,1.8297808219178084,0.0,1.8297808219178084,1.0,1.7127659574468084,7.09433962264151,13.428571428571429,0.0,0
store_0001,sku_00040,Home,baseline_rolling_mean,6.365931506849316,0.0,6.365931506849316,1.0,1.116564417177914,8.693333333333333,23.285714285714285,0.0,0
store_0001,sku_00040,Home,baseline_seasonal_naive,7.264191780821919,0.0,7.264191780821919,1.0,0.9784946236559139,9.920000000000002,26.571428571428573,0.0,0
store_0001,sku_00040,Home,ML_95,6.131602739726029,0.0,6.131602739726029,1.0,1.159235668789809,8.373333333333333,22.428571428571427,0.0,0
store_0001,sku_00040,Home,ML_99,6.131602739726029,0.0,6.131602739726029,1.0,1.159235668789809,8.373333333333333,22.428571428571427,0.0,0
store_0001,sku_00041,Pet,baseline_rolling_mean,0.4329452054794521,0.0,0.4329452054794521,1.0,1.3333333333333333,9.130434782608695,7.5,0.0,0
store_0001,sku_00041,Pet,baseline_seasonal_naive,0.8122876712328767,0.0,0.8122876712328767,1.0,0.7106598984771574,17.130434782608695,14.071428571428571,0.0,0
store_0001,sku_00041,Pet,ML_95,0.3504794520547945,0.0,0.3504794520547945,1.0,1.647058823529412,7.391304347826087,6.071428571428571,0.0,0
store_0001,sku_00041,Pet,ML_99,0.3504794520547945,0.0,0.3504794520547945,1.0,1.647058823529412,7.391304347826087,6.071428571428571,0.0,0
store_0001,sku_00042,Health,baseline_rolling_mean,1.1616438356164385,0.0,1.1616438356164385,1.0,0.6339622641509435,12.045454545454545,18.928571428571427,0.0,0
store_0001,sku_00042,Health,baseline_seasonal_naive,1.42027397260274,0.0,1.42027397260274,1.0,0.5185185185185185,14.727272727272727,23.142857142857142,0.0,0
store_0001,sku_00042,Health,ML_95,0.916164383561644,0.0,0.916164383561644,1.0,0.8038277511961722,9.5,14.928571428571429,0.0,0
store_0001,sku_00042,Health,ML_99,0.916164383561644,0.0,0.916164383561644,1.0,0.8038277511961722,9.5,14.928571428571429,0.0,0
store_0001,sku_00043,Frozen,baseline_rolling_mean,1.485616438356164,0.0,1.485616438356164,1.0,1.3533333333333335,8.450704225352112,21.428571428571427,0.0,0
store_0001,sku_00043,Frozen,baseline_seasonal_naive,1.7282671232876707,0.0,1.7282671232876707,1.0,1.1633237822349571,9.830985915492958,24.928571428571427,0.0,0
store_0001,sku_00043,Frozen,ML_95,1.4261917808219176,0.0,1.4261917808219176,1.0,1.409722222222222,8.11267605633803,20.571428571428573,0.0,0
store_0001,sku_00043,Frozen,ML_99,1.4261917808219176,0.0,1.4261917808219176,1.0,1.409722222222222,8.11267605633803,20.571428571428573,0.0,0
store_0001,sku_00044,Electronics,baseline_rolling_mean,2.727,0.0,2.727,1.0,1.4383561643835616,9.419354838709678,10.428571428571429,0.0,0
store_0001,sku_00044,Electronics,baseline_seasonal_naive,5.080438356164384,0.0,5.080438356164384,1.0,0.7720588235294118,17.548387096774192,19.428571428571427,0.0,0
store_0001,sku_00044,Electronics,ML_95,1.662349315068493,0.0,1.662349315068493,1.0,2.359550561797753,5.741935483870967,6.357142857142857,0.0,0
store_0001,sku_00044,Electronics,ML_99,1.662349315068493,0.0,1.662349315068493,1.0,2.359550561797753,5.741935483870967,6.357142857142857,0.0,0
store_0001,sku_00045,Home,baseline_rolling_mean,3.4202671232876716,0.0,3.4202671232876716,1.0,2.126582278481013,8.777777777777777,16.928571428571427,0.0,0
store_0001,sku_00045,Home,baseline_seasonal_naive,4.863417808219179,0.0,4.863417808219179,1.0,1.4955489614243322,12.481481481481483,24.071428571428573,0.0,0
store_0001,sku_00045,Home,ML_95,3.925369863013699,0.0,3.925369863013699,1.0,1.8529411764705883,10.074074074074073,19.428571428571427,0.0,0
store_0001,sku_00045,Home,ML_99,3.925369863013699,0.0,3.925369863013699,1.0,1.8529411764705883,10.074074074074073,19.428571428571427,0.0,0
store_0001,sku_00046,Garden,baseline_rolling_mean,0.7432534246575343,53.270999999999994,54.014253424657525,0.5,1.5272727272727273,36.666666666666664,3.9285714285714284,3.0,2
store_0001,sku_00046,Garden,baseline_seasonal_naive,2.121650684931507,53.270999999999994,55.3926506849315,0.5,0.535031847133758,104.66666666666667,11.214285714285714,3.0,2
store_0001,sku_00046,Garden,ML_95,1.2297465753424657,53.270999999999994,54.50074657534246,0.5,0.9230769230769231,60.66666666666667,6.5,3.0,2
store_0001,sku_00046,Garden,ML_99,1.2297465753424657,53.270999999999994,54.50074657534246,0.5,0.9230769230769231,60.66666666666667,6.5,3.0,2
store_0001,sku_00047,Household,baseline_rolling_mean,1.3665273972602738,0.0,1.3665273972602738,1.0,1.9236641221374045,8.733333333333334,9.357142857142858,0.0,0
store_0001,sku_00047,Household,baseline_seasonal_naive,1.8046506849315067,0.0,1.8046506849315067,1.0,1.4566473988439306,11.533333333333335,12.357142857142858,0.0,0
store_0001,sku_00047,Household,ML_95,1.3352328767123285,0.0,1.3352328767123285,1.0,1.96875,8.533333333333333,9.142857142857142,0.0,0
store_0001,sku_00047,Household,ML_99,1.3352328767123285,0.0,1.3352328767123285,1.0,1.96875,8.533333333333333,9.142857142857142,0.0,0
store_0001,sku_00048,Meat,baseline_rolling_mean,1.828013698630137,0.0,1.828013698630137,1.0,0.6461538461538461,14.444444444444445,9.285714285714286,0.0,0
store_0001,sku_00048,Meat,baseline_seasonal_naive,3.838828767123288,0.0,3.838828767123288,1.0,0.3076923076923077,30.333333333333332,19.5,0.0,0
store_0001,sku_00048,Meat,ML_95,1.3358561643835616,0.0,1.3358561643835616,1.0,0.8842105263157894,10.555555555555555,6.785714285714286,0.0,0
store_0001,sku_00048,Meat,ML_99,1.3358561643835616,0.0,1.3358561643835616,1.0,0.8842105263157894,10.555555555555555,6.785714285714286,0.0,0
store_0001,sku_00049,Toys,baseline_rolling_mean,0.28910958904109596,0.0,0.28910958904109596,1.0,0.0,42.0,1.5,0.0,0
store_0001,sku_00049,Toys,baseline_seasonal_naive,0.5506849315068494,0.0,0.5506849315068494,1.0,0.0,80.0,2.857142857142857,0.0,0
store_0001,sku_00049,Toys,ML_95,0.1927397260273973,0.0,0.1927397260273973,1.0,0.0,28.0,1.0,0.0,0
store_0001,sku_00049,Toys,ML_99,0.1927397260273973,0.0,0.1927397260273973,1.0,0.0,28.0,1.0,0.0,0
store_0001,sku_00050,Apparel,baseline_rolling_mean,0.31643835616438354,0.0,0.31643835616438354,1.0,1.9090909090909092,8.148148148148147,7.857142857142857,0.0,0
store_0001,sku_00050,Apparel,baseline_seasonal_naive,0.26465753424657534,0.0,0.26465753424657534,1.0,2.282608695652174,6.814814814814815,6.571428571428571,0.0,0
store_0001,sku_00050,Apparel,ML_95,0.26753424657534247,0.0,0.26753424657534247,1.0,2.258064516129032,6.888888888888889,6.642857142857143,0.0,0
store_0001,sku_00050,Apparel,ML_99,0.26753424657534247,0.0,0.26753424657534247,1.0,2.258064516129032,6.888888888888889,6.642857142857143,0.0,0
store_0001,sku_00051,Seasonal,baseline_rolling_mean,4.028698630136986,0.0,4.028698630136986,1.0,1.015267175572519,11.644444444444444,18.714285714285715,0.0,0
store_0001,sku_00051,Seasonal,baseline_seasonal_naive,4.613013698630136,0.0,4.613013698630136,1.0,0.8866666666666667,13.333333333333332,21.428571428571427,0.0,0
store_0001,sku_00051,Seasonal,ML_95,2.321883561643835,0.0,2.321883561643835,1.0,1.7615894039735098,6.711111111111111,10.785714285714286,0.0,0
store_0001,sku_00051,Seasonal,ML_99,2.321883561643835,0.0,2.321883561643835,1.0,1.7615894039735098,6.711111111111111,10.785714285714286,0.0,0
store_0001,sku_00052,Dairy,baseline_rolling_mean,4.202,0.0,4.202,1.0,0.4794520547945205,11.918367346938776,20.857142857142858,0.0,0
store_0001,sku_00052,Dairy,baseline_seasonal_naive,5.612260273972603,0.0,5.612260273972603,1.0,0.358974358974359,15.918367346938776,27.857142857142858,0.0,0
store_0001,sku_00052,Dairy,ML_95,3.899801369863013,0.0,3.899801369863013,1.0,0.5166051660516605,11.061224489795919,19.357142857142858,0.0,0
store_0001,sku_00052,Dairy,ML_99,3.899801369863013,0.0,3.899801369863013,1.0,0.5166051660516605,11.061224489795919,19.357142857142858,0.0,0
store_0001,sku_00053,Health,baseline_rolling_mean,0.353958904109589,0.0,0.353958904109589,1.0,1.696969696969697,10.999999999999998,14.142857142857142,0.0,0
store_0001,sku_00053,Health,baseline_seasonal_naive,0.4236780821917808,0.0,0.4236780821917808,1.0,1.417721518987342,13.166666666666664,16.928571428571427,0.0,0
store_0001,sku_00053,Health,ML_95,0.23776027397260274,2.3489999999999998,2.5867602739726023,0.9583333333333334,2.526315789473684,7.388888888888888,9.5,1.0,1
store_0001,sku_00053,Health,ML_99,0.23776027397260274,2.3489999999999998,2.5867602739726023,0.9583333333333334,2.526315789473684,7.388888888888888,9.5,1.0,1
store_0001,sku_00054,Office,baseline_rolling_mean,0.6603972602739725,0.0,0.6603972602739725,1.0,2.1649484536082473,7.461538461538462,6.928571428571429,0.0,0
store_0001,sku_00054,Office,baseline_seasonal_naive,0.537849315068493,0.0,0.537849315068493,1.0,2.6582278481012658,6.0769230769230775,5.642857142857143,0.0,0
store_0001,sku_00054,Office,ML_95,0.4221095890410958,17.892,18.314109589041095,0.8666666666666667,3.387096774193548,4.769230769230769,4.428571428571429,2.0,1
store_0001,sku_00054,Office,ML_99,0.42891780821917797,17.892,18.32091780821918,0.8666666666666667,3.3333333333333335,4.846153846153846,4.5,2.0,1
store_0001,sku_00055,Toys,baseline_rolling_mean,1.8521438356164384,0.0,1.8521438356164384,1.0,1.272727272727273,10.592592592592592,10.214285714285714,0.0,0
store_0001,sku_00055,Toys,baseline_seasonal_naive,2.305465753424657,0.0,2.305465753424657,1.0,1.0224719101123596,13.185185185185183,12.714285714285714,0.0,0
store_0001,sku_00055,Toys,ML_95,1.230445205479452,0.0,1.230445205479452,1.0,1.9157894736842105,7.037037037037037,6.785714285714286,0.0,0
store_0001,sku_00055,Toys,ML_99,1.230445205479452,0.0,1.230445205479452,1.0,1.9157894736842105,7.037037037037037,6.785714285714286,0.0,0
store_0001,sku_00056,Household,baseline_rolling_mean,0.6899794520547944,0.0,0.6899794520547944,1.0,2.0,7.279999999999999,6.5,0.0,0
store_0001,sku_00056,Household,baseline_seasonal_naive,1.8500547945205479,0.0,1.8500547945205479,1.0,0.7459016393442623,19.519999999999996,17.428571428571427,0.0,0
store_0001,sku_00056,Household,ML_95,0.9401917808219178,0.0,0.9401917808219178,1.0,1.4677419354838708,9.92,8.857142857142858,0.0,0
store_0001,sku_00056,Household,ML_99,0.9401917808219178,0.0,0.9401917808219178,1.0,1.4677419354838708,9.92,8.857142857142858,0.0,0
store_0001,sku_00057,Toys,baseline_rolling_mean,2.129095890410959,0.0,2.129095890410959,1.0,1.6041666666666667,8.347826086956522,13.714285714285714,0.0,0
store_0001,sku_00057,Toys,baseline_seasonal_naive,2.772260273972603,0.0,2.772260273972603,1.0,1.232,10.869565217391305,17.857142857142858,0.0,0
store_0001,sku_00057,Toys,ML_95,1.829691780821918,0.0,1.829691780821918,1.0,1.8666666666666665,7.173913043478262,11.785714285714286,0.0,0
store_0001,sku_00057,Toys,ML_99,1.829691780821918,0.0,1.829691780821918,1.0,1.8666666666666665,7.173913043478262,11.785714285714286,0.0,0
store_0001,sku_00058,Toys,baseline_rolling_mean,0.9938013698630138,0.0,0.9938013698630138,1.0,0.9882352941176471,9.444444444444443,6.071428571428571,0.0,0
store_0001,sku_00058,Toys,baseline_seasonal_naive,1.4965479452054795,0.0,1.4965479452054795,1.0,0.65625,14.22222222222222,9.142857142857142,0.0,0
store_0001,sku_00058,Toys,ML_95,0.9938013698630138,0.0,0.9938013698630138,1.0,0.9882352941176471,9.444444444444443,6.071428571428571,0.0,0
store_0001,sku_00058,Toys,ML_99,0.9938013698630138,0.0,0.9938013698630138,1.0,0.9882352941176471,9.444444444444443,6.071428571428571,0.0,0
store_0001,sku_00059,Beauty,baseline_rolling_mean,0.1541917808219178,12.663,12.817191780821918,0.6666666666666667,2.625,10.666666666666666,1.1428571428571428,1.0,1
store_0001,sku_00059,Beauty,baseline_seasonal_naive,0.1541917808219178,12.663,12.817191780821918,0.6666666666666667,2.625,10.666666666666666,1.1428571428571428,1.0,1
store_0001,sku_00059,Beauty,ML_95,0.33729452054794523,0.0,0.33729452054794523,1.0,1.2,23.333333333333336,2.5,0.0,0
store_0001,sku_00059,Beauty,ML_99,0.33729452054794523,0.0,0.33729452054794523,1.0,1.2,23.333333333333336,2.5,0.0,0
store_0001,sku_00060,Automotive,baseline_rolling_mean,0.20952054794520555,0.0,0.20952054794520555,1.0,2.210526315789474,7.916666666666667,6.785714285714286,0.0,0
store_0001,sku_00060,Automotive,baseline_seasonal_naive,0.39478082191780833,0.0,0.39478082191780833,1.0,1.1731843575418994,14.916666666666668,12.785714285714286,0.0,0
store_0001,sku_00060,Automotive,ML_95,0.1676164383561644,2.8979999999999997,3.065616438356164,0.9333333333333333,2.763157894736842,6.333333333333334,5.428571428571429,1.0,1
store_0001,sku_00060,Automotive,ML_99,0.1676164383561644,2.8979999999999997,3.065616438356164,0.9333333333333333,2.763157894736842,6.333333333333334,5.428571428571429,1.0,1
store_0001,sku_00061,Beverages,baseline_rolling_mean,1.2193150684931506,0.0,1.2193150684931506,1.0,1.4,9.473684210526315,6.428571428571429,0.0,0
store_0001,sku_00061,Beverages,baseline_seasonal_naive,1.2057671232876714,0.0,1.2057671232876714,1.0,1.4157303370786518,9.368421052631579,6.357142857142857,0.0,0
store_0001,sku_00061,Beverages,ML_95,0.541917808219178,0.0,0.541917808219178,1.0,3.15,4.2105263157894735,2.857142857142857,0.0,0
store_0001,sku_00061,Beverages,ML_99,0.541917808219178,0.0,0.541917808219178,1.0,3.15,4.2105263157894735,2.857142857142857,0.0,0
store_0001,sku_00062,Frozen,baseline_rolling_mean,0.3265068493150685,0.0,0.3265068493150685,1.0,1.4666666666666666,8.4,15.0,0.0,0
store_0001,sku_00062,Frozen,baseline_seasonal_naive,0.3871438356164384,0.0,0.3871438356164384,1.0,1.2369477911646587,9.959999999999999,17.785714285714285,0.0,0
store_0001,sku_00062,Frozen,ML_95,0.24254794520547945,0.0,0.24254794520547945,1.0,1.9743589743589745,6.239999999999999,11.142857142857142,0.0,0
store_0001,sku_00062,Frozen,ML_99,0.24254794520547945,0.0,0.24254794520547945,1.0,1.9743589743589745,6.239999999999999,11.142857142857142,0.0,0
store_0001,sku_00063,Home,baseline_rolling_mean,3.8804383561643836,0.0,3.8804383561643836,1.0,2.2931034482758617,7.733333333333334,16.571428571428573,0.0,0
store_0001,sku_00063,Home,baseline_seasonal_naive,8.128849315068495,0.0,8.128849315068495,1.0,1.0946502057613168,16.2,34.714285714285715,0.0,0
store_0001,sku_00063,Home,ML_95,5.452684931506849,43.956,49.408684931506855,0.9473684210526316,1.6319018404907977,10.866666666666667,23.285714285714285,2.0,1
store_0001,sku_00063,Home,ML_99,5.452684931506849,43.956,49.408684931506855,0.9473684210526316,1.6319018404907977,10.866666666666667,23.285714285714285,2.0,1
store_0001,sku_00064,Apparel,baseline_rolling_mean,0.3994520547945205,0.0,0.3994520547945205,1.0,1.7283950617283952,8.1,5.785714285714286,0.0,0
store_0001,sku_00064,Apparel,baseline_seasonal_naive,0.4438356164383561,0.0,0.4438356164383561,1.0,1.5555555555555556,9.0,6.428571428571429,0.0,0
store_0001,sku_00064,Apparel,ML_95,0.3501369863013698,0.0,0.3501369863013698,1.0,1.971830985915493,7.1,5.071428571428571,0.0,0
store_0001,sku_00064,Apparel,ML_99,0.3501369863013698,0.0,0.3501369863013698,1.0,1.971830985915493,7.1,5.071428571428571,0.0,0
store_0001,sku_00065,Produce,baseline_rolling_mean,2.2395205479452054,85.04999999999998,87.28952054794519,0.8076923076923077,2.1040462427745665,12.814814814814815,12.357142857142858,5.0,4
store_0001,sku_00065,Produce,baseline_seasonal_naive,1.5922602739726026,102.05999999999997,103.65226027397257,0.7692307692307692,2.9593495934959346,9.111111111111112,8.785714285714286,6.0,5
store_0001,sku_00065,Produce,ML_95,3.624657534246575,85.04999999999998,88.67465753424656,0.8076923076923077,1.3,20.74074074074074,20.0,5.0,4
store_0001,sku_00065,Produce,ML_99,3.624657534246575,85.04999999999998,88.67465753424656,0.8076923076923077,1.3,20.74074074074074,20.0,5.0,4
store_0001,sku_00066,Toys,baseline_rolling_mean,6.884965753424657,0.0,6.884965753424657,1.0,1.521259842519685,7.8395061728395055,45.357142857142854,0.0,0
store_0001,sku_00066,Toys,baseline_seasonal_naive,7.513828767123287,0.0,7.513828767123287,1.0,1.393939393939394,8.555555555555555,49.5,0.0,0
store_0001,sku_00066,Toys,ML_95,6.592219178082192,0.0,6.592219178082192,1.0,1.588815789473684,7.506172839506173,43.42857142857143,0.0,0
store_0001,sku_00066,Toys,ML_99,6.592219178082192,0.0,6.592219178082192,1.0,1.588815789473684,7.506172839506173,43.42857142857143,0.0,0
store_0001,sku_00067,Meat,baseline_rolling_mean,0.5430684931506848,0.0,0.5430684931506848,1.0,1.647058823529412,9.066666666666666,4.857142857142857,0.0,0
store_0001,sku_00067,Meat,baseline_seasonal_naive,0.8305753424657535,0.0,0.8305753424657535,1.0,1.0769230769230769,13.866666666666667,7.428571428571429,0.0,0
store_0001,sku_00067,Meat,ML_95,0.5430684931506848,0.0,0.5430684931506848,1.0,1.647058823529412,9.066666666666666,4.857142857142857,0.0,0
store_0001,sku_00067,Meat,ML_99,0.5430684931506848,0.0,0.5430684931506848,1.0,1.647058823529412,9.066666666666666,4.857142857142857,0.0,0
store_0001,sku_00068,Toys,baseline_rolling_mean,2.5723972602739726,0.0,2.5723972602739726,1.0,1.435897435897436,8.478260869565219,13.928571428571429,0.0,0
store_0001,sku_00068,Toys,baseline_seasonal_naive,2.757082191780822,0.0,2.757082191780822,1.0,1.339712918660287,9.08695652173913,14.928571428571429,0.0,0
store_0001,sku_00068,Toys,ML_95,2.0447260273972603,0.0,2.0447260273972603,1.0,1.8064516129032258,6.739130434782608,11.071428571428571,0.0,0
store_0001,sku_00068,Toys,ML_99,2.0447260273972603,0.0,2.0447260273972603,1.0,1.8064516129032258,6.739130434782608,11.071428571428571,0.0,0
store_0001,sku_00069,Grocery,baseline_rolling_mean,0.27036986301369853,0.0,0.27036986301369853,1.0,1.5555555555555554,12.000000000000002,1.2857142857142858,0.0,0
store_0001,sku_00069,Grocery,baseline_seasonal_naive,0.25534931506849307,0.0,0.25534931506849307,1.0,1.647058823529412,11.333333333333334,1.2142857142857142,0.0,0
store_0001,sku_00069,Grocery,ML_95,0.3004109589041095,0.0,0.3004109589041095,1.0,1.4,13.333333333333334,1.4285714285714286,0.0,0
store_0001,sku_00069,Grocery,ML_99,0.3004109589041095,0.0,0.3004109589041095,1.0,1.4,13.333333333333334,1.4285714285714286,0.0,0
store_0001,sku_00070,Office,baseline_rolling_mean,1.172712328767123,0.0,1.172712328767123,1.0,0.603448275862069,10.311111111111112,16.571428571428573,0.0,0
store_0001,sku_00070,Office,baseline_seasonal_naive,1.395123287671233,0.0,1.395123287671233,1.0,0.5072463768115941,12.266666666666667,19.714285714285715,0.0,0
store_0001,sku_00070,Office,ML_95,1.1423835616438356,0.0,1.1423835616438356,1.0,0.6194690265486726,10.044444444444444,16.142857142857142,0.0,0
store_0001,sku_00070,Office,ML_99,1.1423835616438356,0.0,1.1423835616438356,1.0,0.6194690265486726,10.044444444444444,16.142857142857142,0.0,0
store_0001,sku_00071,Office,baseline_rolling_mean,1.8804794520547947,0.0,1.8804794520547947,1.0,0.4421052631578947,11.515151515151514,13.571428571428571,0.0,0
store_0001,sku_00071,Office,baseline_seasonal_naive,2.2961643835616443,0.0,2.2961643835616443,1.0,0.3620689655172413,14.060606060606062,16.571428571428573,0.0,0
store_0001,sku_00071,Office,ML_95,1.8804794520547947,0.0,1.8804794520547947,1.0,0.4421052631578947,11.515151515151514,13.571428571428571,0.0,0
store_0001,sku_00071,Office,ML_99,1.8804794520547947,0.0,1.8804794520547947,1.0,0.4421052631578947,11.515151515151514,13.571428571428571,0.0,0
store_0001,sku_00072,Office,baseline_rolling_mean,0.9711986301369864,0.0,0.9711986301369864,1.0,1.9416058394160582,8.058823529411766,9.785714285714286,0.0,0
store_0001,sku_00072,Office,baseline_seasonal_naive,2.0132876712328764,0.0,2.0132876712328764,1.0,0.9366197183098592,16.705882352941178,20.285714285714285,0.0,0
store_0001,sku_00072,Office,ML_95,0.6734589041095891,9.315,9.988458904109589,0.9473684210526316,2.8000000000000003,5.588235294117648,6.785714285714286,1.0,1
store_0001,sku_00072,Office,ML_99,0.8648630136986302,0.0,0.8648630136986302,1.0,2.180327868852459,7.176470588235294,8.714285714285714,0.0,0
store_0001,sku_00073,Home,baseline_rolling_mean,3.3907191780821915,23.084999999999997,26.475719178082187,0.9743589743589743,2.8290155440414506,6.225806451612903,13.785714285714286,1.0,1
store_0001,sku_00073,Home,baseline_seasonal_naive,4.339417808219177,23.084999999999997,27.424417808219175,0.9743589743589743,2.210526315789474,7.96774193548387,17.642857142857142,1.0,1
store_0001,sku_00073,Home,ML_95,6.0084246575342455,23.084999999999997,29.093424657534243,0.9743589743589743,1.5964912280701755,11.032258064516128,24.428571428571427,1.0,1
store_0001,sku_00073,Home,ML_99,6.078698630136986,23.084999999999997,29.163698630136984,0.9743589743589743,1.5780346820809248,11.161290322580644,24.714285714285715,1.0,1
store_0001,sku_00074,Pet,baseline_rolling_mean,0.2147123287671233,4.149,4.363712328767123,0.9285714285714286,2.882352941176471,9.066666666666666,4.857142857142857,1.0,1
store_0001,sku_00074,Pet,baseline_seasonal_naive,0.8272739726027397,4.149,4.97627397260274,0.9285714285714286,0.748091603053435,34.93333333333334,18.714285714285715,1.0,1
store_0001,sku_00074,Pet,ML_95,0.45468493150684935,4.149,4.60368493150685,0.9285714285714286,1.361111111111111,19.200000000000003,10.285714285714286,1.0,1
store_0001,sku_00074,Pet,ML_99,0.45468493150684935,4.149,4.60368493150685,0.9285714285714286,1.361111111111111,19.200000000000003,10.285714285714286,1.0,1
store_0001,sku_00075,Seasonal,baseline_rolling_mean,3.4996438356164385,0.0,3.4996438356164385,1.0,0.7777777777777778,12.461538461538462,23.142857142857142,0.0,0
store_0001,sku_00075,Seasonal,baseline_seasonal_naive,3.4780410958904113,0.0,3.4780410958904113,1.0,0.782608695652174,12.384615384615385,23.0,0.0,0
store_0001,sku_00075,Seasonal,ML_95,2.3871027397260276,0.0,2.3871027397260276,1.0,1.1402714932126696,8.5,15.785714285714286,0.0,0
store_0001,sku_00075,Seasonal,ML_99,2.3871027397260276,0.0,2.3871027397260276,1.0,1.1402714932126696,8.5,15.785714285714286,0.0,0
store_0001,sku_00076,Beverages,baseline_rolling_mean,2.1314383561643835,0.0,2.1314383561643835,1.0,0.33939393939393936,20.625000000000004,11.785714285714286,0.0,0
store_0001,sku_00076,Beverages,baseline_seasonal_naive,3.939931506849314,0.0,3.939931506849314,1.0,0.1836065573770492,38.125,21.785714285714285,0.0,0
store_0001,sku_00076,Beverages,ML_95,0.930082191780822,0.0,0.930082191780822,1.0,0.7777777777777777,9.000000000000002,5.142857142857143,0.0,0
store_0001,sku_00076,Beverages,ML_99,0.930082191780822,0.0,0.930082191780822,1.0,0.7777777777777777,9.000000000000002,5.142857142857143,0.0,0
store_0001,sku_00077,Office,baseline_rolling_mean,0.7961095890410957,24.048000000000002,24.844109589041096,0.9090909090909091,3.5402298850574714,6.96,6.214285714285714,2.0,2
store_0001,sku_00077,Office,baseline_seasonal_naive,1.1072328767123285,36.072,37.179232876712334,0.8636363636363636,2.5454545454545454,9.68,8.642857142857142,3.0,2
store_0001,sku_00077,Office,ML_95,1.8301369863013697,24.048000000000002,25.87813698630137,0.9090909090909091,1.5399999999999998,16.0,14.285714285714286,2.0,1
store_0001,sku_00077,Office,ML_99,1.8301369863013697,24.048000000000002,25.87813698630137,0.9090909090909091,1.5399999999999998,16.0,14.285714285714286,2.0,1
store_0001,sku_00078,Electronics,baseline_rolling_mean,2.995616438356164,0.0,2.995616438356164,1.0,1.4000000000000001,8.461538461538462,7.857142857142857,0.0,0
store_0001,sku_00078,Electronics,baseline_seasonal_naive,5.991232876712329,0.0,5.991232876712329,1.0,0.7000000000000001,16.923076923076923,15.714285714285714,0.0,0
store_0001,sku_00078,Electronics,ML_95,2.8594520547945197,0.0,2.8594520547945197,1.0,1.4666666666666666,8.076923076923077,7.5,0.0,0
store_0001,sku_00078,Electronics,ML_99,2.8594520547945197,0.0,2.8594520547945197,1.0,1.4666666666666666,8.076923076923077,7.5,0.0,0
store_0001,sku_00079,Pet,baseline_rolling_mean,0.583150684931507,0.0,0.583150684931507,1.0,1.5555555555555556,7.615384615384615,7.071428571428571,0.0,0
store_0001,sku_00079,Pet,baseline_seasonal_naive,0.6361643835616437,0.0,0.6361643835616437,1.0,1.4259259259259258,8.307692307692308,7.714285714285714,0.0,0
store_0001,sku_00079,Pet,ML_95,0.5713698630136989,0.0,0.5713698630136989,1.0,1.5876288659793814,7.461538461538462,6.928571428571429,0.0,0
store_0001,sku_00079,Pet,ML_99,0.5713698630136989,0.0,0.5713698630136989,1.0,1.5876288659793814,7.461538461538462,6.928571428571429,0.0,0
store_0001,sku_00080,Baby,baseline_rolling_mean,0.26264383561643834,0.0,0.26264383561643834,1.0,1.0606060606060606,14.666666666666666,4.714285714285714,0.0,0
store_0001,sku_00080,Baby,baseline_seasonal_naive,0.7759931506849315,0.0,0.7759931506849315,1.0,0.358974358974359,43.33333333333333,13.928571428571429,0.0,0
store_0001,sku_00080,Baby,ML_95,0.13132191780821917,0.0,0.13132191780821917,1.0,2.121212121212121,7.333333333333333,2.357142857142857,0.0,0
store_0001,sku_00080,Baby,ML_99,0.13132191780821917,0.0,0.13132191780821917,1.0,2.121212121212121,7.333333333333333,2.357142857142857,0.0,0
store_0001,sku_00081,Electronics,baseline_rolling_mean,2.103787671232877,0.0,2.103787671232877,1.0,0.0,30.8,5.5,0.0,0
store_0001,sku_00081,Electronics,baseline_seasonal_naive,2.5136164383561646,0.0,2.5136164383561646,1.0,0.0,36.8,6.571428571428571,0.0,0
store_0001,sku_00081,Electronics,ML_95,1.1475205479452055,0.0,1.1475205479452055,1.0,0.0,16.8,3.0,0.0,0
store_0001,sku_00081,Electronics,ML_99,1.1475205479452055,0.0,1.1475205479452055,1.0,0.0,16.8,3.0,0.0,0
store_0001,sku_00082,Grocery,baseline_rolling_mean,5.812294520547945,0.0,5.812294520547945,1.0,1.4126126126126124,8.28358208955224,39.642857142857146,0.0,0
store_0001,sku_00082,Grocery,baseline_seasonal_naive,8.744623287671233,0.0,8.744623287671233,1.0,0.9389221556886227,12.46268656716418,59.642857142857146,0.0,0
store_0001,sku_00082,Grocery,ML_95,5.445753424657534,0.0,5.445753424657534,1.0,1.5076923076923077,7.761194029850747,37.142857142857146,0.0,0
store_0001,sku_00082,Grocery,ML_99,5.445753424657534,0.0,5.445753424657534,1.0,1.5076923076923077,7.761194029850747,37.142857142857146,0.0,0
store_0001,sku_00083,Produce,baseline_rolling_mean,5.512541095890409,0.0,5.512541095890409,1.0,1.2588555858310626,8.534883720930232,26.214285714285715,0.0,0
store_0001,sku_00083,Produce,baseline_seasonal_naive,6.488876712328764,0.0,6.488876712328764,1.0,1.0694444444444444,10.046511627906977,30.857142857142858,0.0,0
store_0001,sku_00083,Produce,ML_95,5.04690410958904,0.0,5.04690410958904,1.0,1.375,7.813953488372093,24.0,0.0,0
store_0001,sku_00083,Produce,ML_99,5.04690410958904,0.0,5.04690410958904,1.0,1.375,7.813953488372093,24.0,0.0,0
store_0001,sku_00084,Frozen,baseline_rolling_mean,0.6918356164383562,0.0,0.6918356164383562,1.0,1.423728813559322,8.0,16.857142857142858,0.0,0
store_0001,sku_00084,Frozen,baseline_seasonal_naive,0.6947671232876712,0.0,0.6947671232876712,1.0,1.417721518987342,8.033898305084746,16.928571428571427,0.0,0
store_0001,sku_00084,Frozen,ML_95,0.633205479452055,0.0,0.633205479452055,1.0,1.5555555555555556,7.322033898305085,15.428571428571429,0.0,0
store_0001,sku_00084,Frozen,ML_99,0.633205479452055,0.0,0.633205479452055,1.0,1.5555555555555556,7.322033898305085,15.428571428571429,0.0,0
store_0001,sku_00085,Produce,baseline_rolling_mean,5.109671232876712,0.0,5.109671232876712,1.0,2.494061757719715,6.845528455284553,30.071428571428573,0.0,0
store_0001,sku_00085,Produce,baseline_seasonal_naive,6.311232876712327,0.0,6.311232876712327,1.0,2.019230769230769,8.455284552845528,37.142857142857146,0.0,0
store_0001,sku_00085,Produce,ML_95,5.777205479452054,15.948,21.725205479452054,0.9866666666666667,2.2058823529411766,7.739837398373983,34.0,1.0,1
store_0001,sku_00085,Produce,ML_99,5.777205479452054,15.948,21.725205479452054,0.9866666666666667,2.2058823529411766,7.739837398373983,34.0,1.0,1
store_0001,sku_00086,Household,baseline_rolling_mean,0.6950273972602741,16.164,16.859027397260277,0.875,1.9823008849557522,8.37037037037037,8.071428571428571,2.0,1
store_0001,sku_00086,Household,baseline_seasonal_naive,1.3100958904109592,0.0,1.3100958904109592,1.0,1.051643192488263,15.777777777777777,15.214285714285714,0.0,0
store_0001,sku_00086,Household,ML_95,0.6950273972602741,16.164,16.859027397260277,0.875,1.9823008849557522,8.37037037037037,8.071428571428571,2.0,1
store_0001,sku_00086,Household,ML_99,0.6950273972602741,16.164,16.859027397260277,0.875,1.9823008849557522,8.37037037037037,8.071428571428571,2.0,1
store_0001,sku_00087,Home,baseline_rolling_mean,3.6306027397260268,30.978,34.60860273972603,0.9565217391304348,2.090909090909091,7.897435897435898,11.0,1.0,1
store_0001,sku_00087,Home,baseline_seasonal_naive,4.903671232876712,0.0,4.903671232876712,1.0,1.5480769230769231,10.666666666666668,14.857142857142858,0.0,0
store_0001,sku_00087,Home,ML_95,5.092273972602739,30.978,36.07027397260274,0.9565217391304348,1.4907407407407407,11.076923076923078,15.428571428571429,1.0,1
store_0001,sku_00087,Home,ML_99,5.092273972602739,30.978,36.07027397260274,0.9565217391304348,1.4907407407407407,11.076923076923078,15.428571428571429,1.0,1
store_0001,sku_00088,Home,baseline_rolling_mean,3.263726027397261,0.0,3.263726027397261,1.0,0.6062992125984252,11.043478260869565,18.142857142857142,0.0,0
store_0001,sku_00088,Home,baseline_seasonal_naive,5.126876712328768,0.0,5.126876712328768,1.0,0.38596491228070173,17.347826086956523,28.5,0.0,0
store_0001,sku_00088,Home,ML_95,3.263726027397261,0.0,3.263726027397261,1.0,0.6062992125984252,11.043478260869565,18.142857142857142,0.0,0
store_0001,sku_00088,Home,ML_99,3.263726027397261,0.0,3.263726027397261,1.0,0.6062992125984252,11.043478260869565,18.142857142857142,0.0,0
store_0001,sku_00089,Pet,baseline_rolling_mean,7.11986301369863,0.0,7.11986301369863,1.0,1.4,8.626198083067093,96.42857142857143,0.0,0
store_0001,sku_00089,Pet,baseline_seasonal_naive,7.436301369863014,0.0,7.436301369863014,1.0,1.3404255319148937,9.00958466453674,100.71428571428571,0.0,0
store_0001,sku_00089,Pet,ML_95,5.764452054794521,0.0,5.764452054794521,1.0,1.7291857273559013,6.984025559105431,78.07142857142857,0.0,0
store_0001,sku_00089,Pet,ML_99,5.764452054794521,0.0,5.764452054794521,1.0,1.7291857273559013,6.984025559105431,78.07142857142857,0.0,0
store_0001,sku_00090,Automotive,baseline_rolling_mean,0.014,0.0,0.014,1.0,2.0,7.0,0.5,0.0,0
store_0001,sku_00090,Automotive,baseline_seasonal_naive,0.01,0.0,0.01,1.0,2.8,5.0,0.35714285714285715,0.0,0
store_0001,sku_00090,Automotive,ML_95,0.05199999999999999,0.0,0.05199999999999999,1.0,0.5384615384615384,26.000000000000004,1.8571428571428572,0.0,0
store_0001,sku_00090,Automotive,ML_99,0.05199999999999999,0.0,0.05199999999999999,1.0,0.5384615384615384,26.000000000000004,1.8571428571428572,0.0,0
store_0001,sku_00091,Electronics,baseline_rolling_mean,4.352232876712328,0.0,4.352232876712328,1.0,2.320855614973262,7.791666666666667,13.357142857142858,0.0,0
store_0001,sku_00091,Electronics,baseline_seasonal_naive,4.887534246575343,0.0,4.887534246575343,1.0,2.066666666666667,8.75,15.0,0.0,0
store_0001,sku_00091,Electronics,ML_95,4.934082191780822,61.163999999999994,66.09808219178082,0.935483870967742,2.047169811320755,8.833333333333334,15.142857142857142,2.0,1
store_0001,sku_00091,Electronics,ML_99,4.934082191780822,61.163999999999994,66.09808219178082,0.935483870967742,2.047169811320755,8.833333333333334,15.142857142857142,2.0,1
store_0001,sku_00092,Dairy,baseline_rolling_mean,3.4386301369863017,0.0,3.4386301369863017,1.0,1.1454545454545455,11.282051282051283,15.714285714285714,0.0,0
store_0001,sku_00092,Dairy,baseline_seasonal_naive,6.142643835616439,0.0,6.142643835616439,1.0,0.6412213740458015,20.153846153846157,28.071428571428573,0.0,0
store_0001,sku_00092,Dairy,ML_95,2.563342465753425,0.0,2.563342465753425,1.0,1.5365853658536586,8.41025641025641,11.714285714285714,0.0,0
store_0001,sku_00092,Dairy,ML_99,2.563342465753425,0.0,2.563342465753425,1.0,1.5365853658536586,8.41025641025641,11.714285714285714,0.0,0
store_0001,sku_00093,Office,baseline_rolling_mean,1.099760273972603,34.001999999999995,35.1017602739726,0.8461538461538461,2.1411764705882352,8.095238095238095,6.071428571428571,2.0,1
store_0001,sku_00093,Office,baseline_seasonal_naive,1.3067739726027394,0.0,1.3067739726027394,1.0,1.801980198019802,9.619047619047619,7.214285714285714,0.0,0
store_0001,sku_00093,Office,ML_95,1.5396643835616441,0.0,1.5396643835616441,1.0,1.5294117647058822,11.333333333333334,8.5,0.0,0
store_0001,sku_00093,Office,ML_99,1.5396643835616441,0.0,1.5396643835616441,1.0,1.5294117647058822,11.333333333333334,8.5,0.0,0
store_0001,sku_00094,Electronics,baseline_rolling_mean,2.9216986301369867,54.07199999999999,56.993698630136976,0.9310344827586207,2.859154929577465,7.282051282051282,10.142857142857142,2.0,1
store_0001,sku_00094,Electronics,baseline_seasonal_naive,3.333205479452055,0.0,3.333205479452055,1.0,2.506172839506173,8.307692307692308,11.571428571428571,0.0,0
store_0001,sku_00094,Electronics,ML_95,3.8270136986301373,54.07199999999999,57.89901369863013,0.9310344827586207,2.182795698924731,9.53846153846154,13.285714285714286,2.0,1
store_0001,sku_00094,Electronics,ML_99,3.8270136986301373,54.07199999999999,57.89901369863013,0.9310344827586207,2.182795698924731,9.53846153846154,13.285714285714286,2.0,1
store_0001,sku_00095,Apparel,baseline_rolling_mean,0.6010890410958905,0.0,0.6010890410958905,1.0,1.1105527638190955,9.967799642218246,15.307692307692308,0.0,0
store_0001,sku_00095,Apparel,baseline_seasonal_naive,0.7339931506849315,0.0,0.7339931506849315,1.0,0.9094650205761317,12.171735241502683,18.692307692307693,0.0,0
store_0001,sku_00095,Apparel,ML_95,0.41079452054794524,0.0,0.41079452054794524,1.0,1.625,6.812164579606439,10.461538461538462,0.0,0
store_0001,sku_00095,Apparel,ML_99,0.41079452054794524,0.0,0.41079452054794524,1.0,1.625,6.812164579606439,10.461538461538462,0.0,0
store_0001,sku_00096,Electronics,baseline_rolling_mean,3.356219178082192,108.09,111.4462191780822,0.8809523809523809,2.8823529411764706,8.680851063829786,14.571428571428571,5.0,4
store_0001,sku_00096,Electronics,baseline_seasonal_naive,2.681684931506849,324.27,326.9516849315068,0.6428571428571428,3.607361963190184,6.936170212765957,11.642857142857142,15.0,6
store_0001,sku_00096,Electronics,ML_95,5.922739726027397,43.236,49.15873972602739,0.9523809523809523,1.6333333333333333,15.319148936170214,25.714285714285715,2.0,2
store_0001,sku_00096,Electronics,ML_99,5.922739726027397,43.236,49.15873972602739,0.9523809523809523,1.6333333333333333,15.319148936170214,25.714285714285715,2.0,2
store_0001,sku_00097,Electronics,baseline_rolling_mean,2.2943150684931504,31.733999999999998,34.02831506849315,0.9333333333333333,2.210526315789474,6.785714285714286,13.571428571428571,2.0,1
store_0001,sku_00097,Electronics,baseline_seasonal_naive,4.612780821917809,0.0,4.612780821917809,1.0,1.0994764397905759,13.642857142857142,27.285714285714285,0.0,0
store_0001,sku_00097,Electronics,ML_95,2.825630136986301,31.733999999999998,34.5596301369863,0.9333333333333333,1.7948717948717947,8.357142857142858,16.714285714285715,2.0,1
store_0001,sku_00097,Electronics,ML_99,2.825630136986301,31.733999999999998,34.5596301369863,0.9333333333333333,1.7948717948717947,8.357142857142858,16.714285714285715,2.0,1
store_0001,sku_00098,Dairy,baseline_rolling_mean,4.175342465753425,0.0,4.175342465753425,1.0,0.9553805774278215,11.545454545454545,27.214285714285715,0.0,0
store_0001,sku_00098,Dairy,baseline_seasonal_naive,5.621917808219178,0.0,5.621917808219178,1.0,0.7095516569200779,15.545454545454547,36.642857142857146,0.0,0
store_0001,sku_00098,Dairy,ML_95,2.695890410958904,0.0,2.695890410958904,1.0,1.4796747967479673,7.454545454545455,17.571428571428573,0.0,0
store_0001,sku_00098,Dairy,ML_99,2.695890410958904,0.0,2.695890410958904,1.0,1.4796747967479673,7.454545454545455,17.571428571428573,0.0,0
store_0001,sku_00099,Electronics,baseline_rolling_mean,3.0971027397260267,302.69699999999995,305.794102739726,0.7804878048780488,4.743801652892563,6.05,8.642857142857142,9.0,3
store_0001,sku_00099,Electronics,baseline_seasonal_naive,8.088301369863013,33.632999999999996,41.721301369863006,0.975609756097561,1.8164556962025316,15.8,22.571428571428573,1.0,1
store_0001,sku_00099,Electronics,ML_95,7.21804109589041,33.632999999999996,40.85104109589041,0.975609756097561,2.0354609929078014,14.1,20.142857142857142,1.0,1
store_0001,sku_00099,Electronics,ML_99,7.397212328767123,33.632999999999996,41.03021232876712,0.975609756097561,1.986159169550173,14.45,20.642857142857142,1.0,1
store_0001,sku_00100,Office,baseline_rolling_mean,1.2073972602739729,0.0,1.2073972602739729,1.0,0.8615384615384615,11.304347826086959,9.285714285714286,0.0,0
store_0001,sku_00100,Office,baseline_seasonal_naive,2.0618630136986305,0.0,2.0618630136986305,1.0,0.5045045045045045,19.304347826086957,15.857142857142858,0.0,0
store_0001,sku_00100,Office,ML_95,0.9473424657534248,0.0,0.9473424657534248,1.0,1.0980392156862746,8.869565217391305,7.285714285714286,0.0,0
store_0001,sku_00100,Office,ML_99,0.9473424657534248,0.0,0.9473424657534248,1.0,1.0980392156862746,8.869565217391305,7.285714285714286,0.0,0
store_0001,sku_00101,Health,baseline_rolling_mean,0.47963698630136986,0.0,0.47963698630136986,1.0,0.7615062761506275,13.277777777777779,17.071428571428573,0.0,0
store_0001,sku_00101,Health,baseline_seasonal_naive,0.8328424657534246,0.0,0.8328424657534246,1.0,0.43855421686746987,23.055555555555554,29.642857142857142,0.0,0
store_0001,sku_00101,Health,ML_95,0.33915753424657535,0.0,0.33915753424657535,1.0,1.0769230769230769,9.388888888888888,12.071428571428571,0.0,0
store_0001,sku_00101,Health,ML_99,0.33915753424657535,0.0,0.33915753424657535,1.0,1.0769230769230769,9.388888888888888,12.071428571428571,0.0,0
store_0001,sku_00102,Apparel,baseline_rolling_mean,0.6149589041095889,0.0,0.6149589041095889,1.0,1.4482758620689655,7.909090909090909,12.428571428571429,0.0,0
store_0001,sku_00102,Apparel,baseline_seasonal_naive,0.7633972602739727,0.0,0.7633972602739727,1.0,1.1666666666666667,9.818181818181818,15.428571428571429,0.0,0
store_0001,sku_00102,Apparel,ML_95,0.600821917808219,0.0,0.600821917808219,1.0,1.4823529411764707,7.7272727272727275,12.142857142857142,0.0,0
store_0001,sku_00102,Apparel,ML_99,0.600821917808219,0.0,0.600821917808219,1.0,1.4823529411764707,7.7272727272727275,12.142857142857142,0.0,0
store_0001,sku_00103,Grocery,baseline_rolling_mean,0.3083013698630137,36.828,37.13630136986302,0.4,2.121212121212121,66.0,2.357142857142857,3.0,1
store_0001,sku_00103,Grocery,baseline_seasonal_naive,0.0,49.104,49.104,0.19999999999999996,5000000000.0,0.0,0.0,4.0,2
store_0001,sku_00103,Grocery,ML_95,0.6913424657534246,36.828,37.519342465753425,0.4,0.9459459459459459,148.0,5.285714285714286,3.0,1
store_0001,sku_00103,Grocery,ML_99,0.6913424657534246,36.828,37.519342465753425,0.4,0.9459459459459459,148.0,5.285714285714286,3.0,1
store_0001,sku_00104,Health,baseline_rolling_mean,0.19061643835616435,0.0,0.19061643835616435,1.0,1.2727272727272727,9.166666666666666,7.857142857142857,0.0,0
store_0001,sku_00104,Health,baseline_seasonal_naive,0.3188493150684932,0.0,0.3188493150684932,1.0,0.7608695652173914,15.333333333333334,13.142857142857142,0.0,0
store_0001,sku_00104,Health,ML_95,0.15595890410958904,0.0,0.15595890410958904,1.0,1.5555555555555556,7.500000000000001,6.428571428571429,0.0,0
store_0001,sku_00104,Health,ML_99,0.15595890410958904,0.0,0.15595890410958904,1.0,1.5555555555555556,7.500000000000001,6.428571428571429,0.0,0
store_0001,sku_00105,Household,baseline_rolling_mean,0.8792328767123285,0.0,0.8792328767123285,1.0,2.0704225352112675,7.282051282051282,10.142857142857142,0.0,0
store_0001,sku_00105,Household,baseline_seasonal_naive,2.2042739726027394,0.0,2.2042739726027394,1.0,0.8258426966292135,18.256410256410255,25.428571428571427,0.0,0
store_0001,sku_00105,Household,ML_95,1.4364931506849312,0.0,1.4364931506849312,1.0,1.2672413793103448,11.8974358974359,16.571428571428573,0.0,0
store_0001,sku_00105,Household,ML_99,1.4364931506849312,0.0,1.4364931506849312,1.0,1.2672413793103448,11.8974358974359,16.571428571428573,0.0,0
store_0001,sku_00106,Bakery,baseline_rolling_mean,1.6260616438356161,58.14,59.76606164383562,0.8620689655172413,2.761904761904762,6.837209302325581,10.5,4.0,3
store_0001,sku_00106,Bakery,baseline_seasonal_naive,2.201267123287671,58.14,60.34126712328767,0.8620689655172413,2.040201005025126,9.25581395348837,14.214285714285714,4.0,3
store_0001,sku_00106,Bakery,ML_95,3.7056506849315065,14.535,18.240650684931506,0.9655172413793104,1.2119402985074628,15.581395348837207,23.928571428571427,1.0,1
store_0001,sku_00106,Bakery,ML_99,3.7056506849315065,14.535,18.240650684931506,0.9655172413793104,1.2119402985074628,15.581395348837207,23.928571428571427,1.0,1
store_0001,sku_00107,Frozen,baseline_rolling_mean,2.6953150684931506,0.0,2.6953150684931506,1.0,0.7091503267973857,14.571428571428571,43.714285714285715,0.0,0
store_0001,sku_00107,Frozen,baseline_seasonal_naive,2.801013698630137,0.0,2.801013698630137,1.0,0.6823899371069182,15.142857142857144,45.42857142857143,0.0,0
store_0001,sku_00107,Frozen,ML_95,1.6207123287671235,0.0,1.6207123287671235,1.0,1.1793478260869565,8.761904761904761,26.285714285714285,0.0,0
store_0001,sku_00107,Frozen,ML_99,1.6207123287671235,0.0,1.6207123287671235,1.0,1.1793478260869565,8.761904761904761,26.285714285714285,0.0,0
store_0001,sku_00108,Beverages,baseline_rolling_mean,0.5747671232876712,0.0,0.5747671232876712,1.0,1.2962962962962963,9.818181818181818,3.857142857142857,0.0,0
store_0001,sku_00108,Beverages,baseline_seasonal_naive,1.0218082191780822,0.0,1.0218082191780822,1.0,0.7291666666666667,17.454545454545453,6.857142857142857,0.0,0
store_0001,sku_00108,Beverages,ML_95,0.5747671232876712,0.0,0.5747671232876712,1.0,1.2962962962962963,9.818181818181818,3.857142857142857,0.0,0
store_0001,sku_00108,Beverages,ML_99,0.5747671232876712,0.0,0.5747671232876712,1.0,1.2962962962962963,9.818181818181818,3.857142857142857,0.0,0
store_0001,sku_00109,Household,baseline_rolling_mean,0.6172465753424657,0.0,0.6172465753424657,1.0,2.050955414012739,10.129032258064514,11.214285714285714,0.0,0
store_0001,sku_00109,Household,baseline_seasonal_naive,0.5504109589041096,0.0,0.5504109589041096,1.0,2.3,9.032258064516128,10.0,0.0,0
store_0001,sku_00109,Household,ML_95,0.4875068493150685,5.166,5.653506849315069,0.9565217391304348,2.596774193548387,8.0,8.857142857142858,1.0,1
store_0001,sku_00109,Household,ML_99,0.4875068493150685,5.166,5.653506849315069,0.9565217391304348,2.596774193548387,8.0,8.857142857142858,1.0,1
store_0001,sku_00110,Bakery,baseline_rolling_mean,1.9101095890410957,0.0,1.9101095890410957,1.0,0.5664739884393063,11.93103448275862,12.357142857142858,0.0,0
store_0001,sku_00110,Bakery,baseline_seasonal_naive,2.9148493150684933,0.0,2.9148493150684933,1.0,0.3712121212121212,18.206896551724135,18.857142857142858,0.0,0
store_0001,sku_00110,Bakery,ML_95,1.9101095890410957,0.0,1.9101095890410957,1.0,0.5664739884393063,11.93103448275862,12.357142857142858,0.0,0
store_0001,sku_00110,Bakery,ML_99,1.9101095890410957,0.0,1.9101095890410957,1.0,0.5664739884393063,11.93103448275862,12.357142857142858,0.0,0
store_0001,sku_00111,Automotive,baseline_rolling_mean,0.26453424657534247,0.0,0.26453424657534247,1.0,2.7317073170731705,6.648648648648649,8.785714285714286,0.0,0
store_0001,sku_00111,Automotive,baseline_seasonal_naive,0.4645479452054796,0.0,0.4645479452054796,1.0,1.5555555555555556,11.675675675675675,15.428571428571429,0.0,0
store_0001,sku_00111,Automotive,ML_95,0.4236849315068494,5.651999999999999,6.075684931506848,0.9166666666666666,1.7055837563451777,10.64864864864865,14.071428571428571,2.0,1
store_0001,sku_00111,Automotive,ML_99,0.5226164383561644,0.0,0.5226164383561644,1.0,1.382716049382716,13.135135135135135,17.357142857142858,0.0,0
store_0001,sku_00112,Grocery,baseline_rolling_mean,2.859246575342466,0.0,2.859246575342466,1.0,1.12,10.377358490566039,19.642857142857142,0.0,0
store_0001,sku_00112,Grocery,baseline_seasonal_naive,3.31672602739726,0.0,3.31672602739726,1.0,0.9655172413793104,12.037735849056604,22.785714285714285,0.0,0
store_0001,sku_00112,Grocery,ML_95,2.859246575342466,0.0,2.859246575342466,1.0,1.12,10.377358490566039,19.642857142857142,0.0,0
store_0001,sku_00112,Grocery,ML_99,2.859246575342466,0.0,2.859246575342466,1.0,1.12,10.377358490566039,19.642857142857142,0.0,0
store_0001,sku_00113,Frozen,baseline_rolling_mean,1.885150684931507,0.0,1.885150684931507,1.0,0.7819148936170213,10.444444444444445,26.857142857142858,0.0,0
store_0001,sku_00113,Frozen,baseline_seasonal_naive,1.885150684931507,0.0,1.885150684931507,1.0,0.7819148936170213,10.444444444444445,26.857142857142858,0.0,0
store_0001,sku_00113,Frozen,ML_95,1.885150684931507,0.0,1.885150684931507,1.0,0.7819148936170213,10.444444444444445,26.857142857142858,0.0,0
store_0001,sku_00113,Frozen,ML_99,1.885150684931507,0.0,1.885150684931507,1.0,0.7819148936170213,10.444444444444445,26.857142857142858,0.0,0
store_0001,sku_00114,Toys,baseline_rolling_mean,1.3439315068493152,0.0,1.3439315068493152,1.0,0.9145728643216081,9.707317073170731,14.214285714285714,0.0,0
store_0001,sku_00114,Toys,baseline_seasonal_naive,1.4992602739726026,0.0,1.4992602739726026,1.0,0.8198198198198198,10.829268292682928,15.857142857142858,0.0,0
store_0001,sku_00114,Toys,ML_95,1.3439315068493152,0.0,1.3439315068493152,1.0,0.9145728643216081,9.707317073170731,14.214285714285714,0.0,0
store_0001,sku_00114,Toys,ML_99,1.3439315068493152,0.0,1.3439315068493152,1.0,0.9145728643216081,9.707317073170731,14.214285714285714,0.0,0
store_0001,sku_00115,Dairy,baseline_rolling_mean,1.0410890410958904,183.33899999999997,184.38008904109586,0.5806451612903225,4.474226804123711,6.928571428571429,6.928571428571429,13.0,5
store_0001,sku_00115,Dairy,baseline_seasonal_naive,1.2235479452054796,211.545,212.76854794520546,0.5161290322580645,3.8070175438596494,8.142857142857142,8.142857142857142,15.0,5
store_0001,sku_00115,Dairy,ML_95,2.1573082191780824,28.205999999999996,30.36330821917808,0.935483870967742,2.159203980099502,14.357142857142858,14.357142857142858,2.0,1
store_0001,sku_00115,Dairy,ML_99,2.1573082191780824,28.205999999999996,30.36330821917808,0.935483870967742,2.159203980099502,14.357142857142858,14.357142857142858,2.0,1
store_0001,sku_00116,Automotive,baseline_rolling_mean,0.4263287671232876,0.0,0.4263287671232876,1.0,1.3099415204678364,8.549999999999999,12.214285714285714,0.0,0
store_0001,sku_00116,Automotive,baseline_seasonal_naive,1.1318904109589043,0.0,1.1318904109589043,1.0,0.49339207048458145,22.7,32.42857142857143,0.0,0
store_0001,sku_00116,Automotive,ML_95,0.3839452054794521,0.0,0.3839452054794521,1.0,1.4545454545454546,7.7,11.0,0.0,0
store_0001,sku_00116,Automotive,ML_99,0.3839452054794521,0.0,0.3839452054794521,1.0,1.4545454545454546,7.7,11.0,0.0,0
store_0001,sku_00117,Beverages,baseline_rolling_mean,0.31105479452054796,0.0,0.31105479452054796,1.0,1.5555555555555556,9.818181818181818,3.857142857142857,0.0,0
store_0001,sku_00117,Beverages,baseline_seasonal_naive,0.5414657534246575,0.0,0.5414657534246575,1.0,0.8936170212765957,17.09090909090909,6.714285714285714,0.0,0
store_0001,sku_00117,Beverages,ML_95,0.2534520547945206,0.0,0.2534520547945206,1.0,1.9090909090909092,8.0,3.142857142857143,0.0,0
store_0001,sku_00117,Beverages,ML_99,0.2534520547945206,0.0,0.2534520547945206,1.0,1.9090909090909092,8.0,3.142857142857143,0.0,0
store_0001,sku_00118,Garden,baseline_rolling_mean,14.89713698630137,0.0,14.89713698630137,1.0,1.940074906367041,7.795620437956204,38.142857142857146,0.0,0
store_0001,sku_00118,Garden,baseline_seasonal_naive,17.101020547945204,0.0,17.101020547945204,1.0,1.6900489396411094,8.94890510948905,43.785714285714285,0.0,0
store_0001,sku_00118,Garden,ML_95,12.246897260273972,0.0,12.246897260273972,1.0,2.359908883826879,6.408759124087591,31.357142857142858,0.0,0
store_0001,sku_00118,Garden,ML_99,12.246897260273972,0.0,12.246897260273972,1.0,2.359908883826879,6.408759124087591,31.357142857142858,0.0,0
store_0001,sku_00119,Beverages,baseline_rolling_mean,0.8459246575342465,0.0,0.8459246575342465,1.0,0.49411764705882355,12.142857142857142,6.071428571428571,0.0,0
store_0001,sku_00119,Beverages,baseline_seasonal_naive,1.5425684931506847,0.0,1.5425684931506847,1.0,0.2709677419354839,22.142857142857142,11.071428571428571,0.0,0
store_0001,sku_00119,Beverages,ML_95,0.8459246575342465,0.0,0.8459246575342465,1.0,0.49411764705882355,12.142857142857142,6.071428571428571,0.0,0
store_0001,sku_00119,Beverages,ML_99,0.8459246575342465,0.0,0.8459246575342465,1.0,0.49411764705882355,12.142857142857142,6.071428571428571,0.0,0
store_0001,sku_00120,Household,baseline_rolling_mean,0.8051712328767124,37.340999999999994,38.1461712328767,0.7692307692307692,2.1411764705882352,8.94736842105263,6.071428571428571,3.0,2
store_0001,sku_00120,Household,baseline_seasonal_naive,1.9608287671232874,0.0,1.9608287671232874,1.0,0.8792270531400965,21.789473684210527,14.785714285714286,0.0,0
store_0001,sku_00120,Household,ML_95,0.994623287671233,12.447,13.441623287671232,0.9230769230769231,1.7333333333333334,11.052631578947368,7.5,1.0,1
store_0001,sku_00120,Household,ML_99,0.994623287671233,12.447,13.441623287671232,0.9230769230769231,1.7333333333333334,11.052631578947368,7.5,1.0,1
store_0001,sku_00121,Home,baseline_rolling_mean,2.9704109589041097,0.0,2.9704109589041097,1.0,1.794871794871795,7.959183673469388,13.928571428571429,0.0,0
store_0001,sku_00121,Home,baseline_seasonal_naive,5.285808219178083,0.0,5.285808219178083,1.0,1.0086455331412105,14.16326530612245,24.785714285714285,0.0,0
store_0001,sku_00121,Home,ML_95,2.452493150684932,0.0,2.452493150684932,1.0,2.1739130434782608,6.571428571428571,11.5,0.0,0
store_0001,sku_00121,Home,ML_99,2.452493150684932,0.0,2.452493150684932,1.0,2.1739130434782608,6.571428571428571,11.5,0.0,0
store_0001,sku_00122,Produce,baseline_rolling_mean,4.340068493150685,0.0,4.340068493150685,1.0,2.1241379310344826,8.787878787878789,20.714285714285715,0.0,0
store_0001,sku_00122,Produce,baseline_seasonal_naive,7.976746575342466,58.995000000000005,66.97174657534246,0.9318181818181819,1.155722326454034,16.15151515151515,38.07142857142857,3.0,1
store_0001,sku_00122,Produce,ML_95,5.731883561643836,58.995000000000005,64.72688356164385,0.9318181818181819,1.608355091383812,11.606060606060606,27.357142857142858,3.0,1
store_0001,sku_00122,Produce,ML_99,5.731883561643836,58.995000000000005,64.72688356164385,0.9318181818181819,1.608355091383812,11.606060606060606,27.357142857142858,3.0,1
store_0001,sku_00123,Electronics,baseline_rolling_mean,7.101561643835617,0.0,7.101561643835617,1.0,0.6687898089171975,13.955555555555554,22.428571428571427,0.0,0
store_0001,sku_00123,Electronics,baseline_seasonal_naive,8.390698630136987,0.0,8.390698630136987,1.0,0.5660377358490566,16.488888888888887,26.5,0.0,0
store_0001,sku_00123,Electronics,ML_95,5.3600958904109595,0.0,5.3600958904109595,1.0,0.8860759493670887,10.533333333333331,16.928571428571427,0.0,0
store_0001,sku_00123,Electronics,ML_99,5.3600958904109595,0.0,5.3600958904109595,1.0,0.8860759493670887,10.533333333333331,16.928571428571427,0.0,0
store_0001,sku_00124,Baby,baseline_rolling_mean,0.07506849315068494,0.0,0.07506849315068494,1.0,2.1,13.333333333333334,1.4285714285714286,0.0,0
store_0001,sku_00124,Baby,baseline_seasonal_naive,0.7056438356164383,0.0,0.7056438356164383,1.0,0.22340425531914893,125.33333333333334,13.428571428571429,0.0,0
store_0001,sku_00124,Baby,ML_95,0.1538904109589041,0.0,0.1538904109589041,1.0,1.024390243902439,27.333333333333332,2.9285714285714284,0.0,0
store_0001,sku_00124,Baby,ML_99,0.1538904109589041,0.0,0.1538904109589041,1.0,1.024390243902439,27.333333333333332,2.9285714285714284,0.0,0
store_0001,sku_00125,Office,baseline_rolling_mean,0.7382123287671231,43.596,44.33421232876712,0.6923076923076923,2.044943820224719,9.888888888888888,6.357142857142857,4.0,2
store_0001,sku_00125,Office,baseline_seasonal_naive,1.0285205479452055,0.0,1.0285205479452055,1.0,1.4677419354838708,13.777777777777777,8.857142857142858,0.0,0
store_0001,sku_00125,Office,ML_95,0.8709246575342463,10.899,11.769924657534245,0.9230769230769231,1.7333333333333334,11.666666666666666,7.5,1.0,1
store_0001,sku_00125,Office,ML_99,0.8709246575342463,10.899,11.769924657534245,0.9230769230769231,1.7333333333333334,11.666666666666666,7.5,1.0,1
store_0001,sku_00126,Bakery,baseline_rolling_mean,2.918712328767124,0.0,2.918712328767124,1.0,0.6816479400749064,12.418604651162791,19.071428571428573,0.0,0
store_0001,sku_00126,Bakery,baseline_seasonal_naive,3.847890410958904,0.0,3.847890410958904,1.0,0.5170454545454546,16.37209302325581,25.142857142857142,0.0,0
store_0001,sku_00126,Bakery,ML_95,1.8474246575342463,0.0,1.8474246575342463,1.0,1.0769230769230769,7.8604651162790695,12.071428571428571,0.0,0
store_0001,sku_00126,Bakery,ML_99,1.8474246575342463,0.0,1.8474246575342463,1.0,1.0769230769230769,7.8604651162790695,12.071428571428571,0.0,0
store_0001,sku_00127,Home,baseline_rolling_mean,2.0349657534246575,0.0,2.0349657534246575,1.0,1.2551724137931033,8.787878787878789,10.357142857142858,0.0,0
store_0001,sku_00127,Home,baseline_seasonal_naive,2.10513698630137,0.0,2.10513698630137,1.0,1.2133333333333334,9.09090909090909,10.714285714285714,0.0,0
store_0001,sku_00127,Home,ML_95,2.0349657534246575,0.0,2.0349657534246575,1.0,1.2551724137931033,8.787878787878789,10.357142857142858,0.0,0
store_0001,sku_00127,Home,ML_99,2.0349657534246575,0.0,2.0349657534246575,1.0,1.2551724137931033,8.787878787878789,10.357142857142858,0.0,0
store_0001,sku_00128,Household,baseline_rolling_mean,1.592013698630137,0.0,1.592013698630137,1.0,0.6936936936936937,10.325581395348838,15.857142857142858,0.0,0
store_0001,sku_00128,Household,baseline_seasonal_naive,1.9003767123287671,0.0,1.9003767123287671,1.0,0.5811320754716982,12.325581395348836,18.928571428571427,0.0,0
store_0001,sku_00128,Household,ML_95,1.5561575342465754,0.0,1.5561575342465754,1.0,0.7096774193548387,10.093023255813954,15.5,0.0,0
store_0001,sku_00128,Household,ML_99,1.5561575342465754,0.0,1.5561575342465754,1.0,0.7096774193548387,10.093023255813954,15.5,0.0,0
store_0001,sku_00129,Household,baseline_rolling_mean,0.7665890410958905,0.0,0.7665890410958905,1.0,2.485981308411215,7.9259259259259265,7.642857142857143,0.0,0
store_0001,sku_00129,Household,baseline_seasonal_naive,1.182123287671233,0.0,1.182123287671233,1.0,1.612121212121212,12.222222222222223,11.785714285714286,0.0,0
store_0001,sku_00129,Household,ML_95,0.6304657534246576,18.828000000000003,19.45846575342466,0.8947368421052632,3.022727272727273,6.518518518518518,6.285714285714286,2.0,1
store_0001,sku_00129,Household,ML_99,0.6304657534246576,18.828000000000003,19.45846575342466,0.8947368421052632,3.022727272727273,6.518518518518518,6.285714285714286,2.0,1
store_0001,sku_00130,Household,baseline_rolling_mean,0.29958904109589046,0.0,0.29958904109589046,1.0,2.333333333333333,7.2,2.5714285714285716,0.0,0
store_0001,sku_00130,Household,baseline_seasonal_naive,0.5825342465753426,0.0,0.5825342465753426,1.0,1.2,14.0,5.0,0.0,0
store_0001,sku_00130,Household,ML_95,0.4743493150684932,10.935,11.409349315068493,0.8333333333333334,1.473684210526316,11.399999999999999,4.071428571428571,1.0,1
store_0001,sku_00130,Household,ML_99,0.46602739726027403,0.0,0.46602739726027403,1.0,1.5,11.2,4.0,0.0,0
store_0001,sku_00131,Toys,baseline_rolling_mean,6.669561643835616,62.74799999999999,69.41756164383561,0.9655172413793104,2.9069212410501195,6.300751879699248,29.928571428571427,3.0,1
store_0001,sku_00131,Toys,baseline_seasonal_naive,7.672383561643835,0.0,7.672383561643835,1.0,2.5269709543568464,7.24812030075188,34.42857142857143,0.0,0
store_0001,sku_00131,Toys,ML_95,11.03104109589041,0.0,11.03104109589041,1.0,1.7575757575757576,10.421052631578947,49.5,0.0,0
store_0001,sku_00131,Toys,ML_99,11.03104109589041,0.0,11.03104109589041,1.0,1.7575757575757576,10.421052631578947,49.5,0.0,0
store_0001,sku_00132,Health,baseline_rolling_mean,0.3884246575342466,0.0,0.3884246575342466,1.0,2.420560747663551,9.727272727272728,15.285714285714286,0.0,0
store_0001,sku_00132,Health,baseline_seasonal_naive,0.40294520547945206,0.0,0.40294520547945206,1.0,2.333333333333333,10.090909090909092,15.857142857142858,0.0,0
store_0001,sku_00132,Health,ML_95,0.24140410958904113,0.0,0.24140410958904113,1.0,3.8947368421052633,6.045454545454546,9.5,0.0,0
store_0001,sku_00132,Health,ML_99,0.24140410958904113,0.0,0.24140410958904113,1.0,3.8947368421052633,6.045454545454546,9.5,0.0,0
store_0001,sku_00133,Meat,baseline_rolling_mean,2.3340410958904116,0.0,2.3340410958904116,1.0,1.2864864864864867,13.214285714285714,13.214285714285714,0.0,0
store_0001,sku_00133,Meat,baseline_seasonal_naive,3.6461506849315075,0.0,3.6461506849315075,1.0,0.823529411764706,20.642857142857142,20.642857142857142,0.0,0
store_0001,sku_00133,Meat,ML_95,1.0850136986301373,16.578000000000003,17.66301369863014,0.9411764705882353,2.7674418604651163,6.142857142857143,6.142857142857143,1.0,1
store_0001,sku_00133,Meat,ML_99,1.0850136986301373,16.578000000000003,17.66301369863014,0.9411764705882353,2.7674418604651163,6.142857142857143,6.142857142857143,1.0,1
store_0001,sku_00134,Health,baseline_rolling_mean,1.443486301369863,0.0,1.443486301369863,1.0,1.0025575447570334,12.819672131147541,27.928571428571427,0.0,0
store_0001,sku_00134,Health,baseline_seasonal_naive,1.5394726027397259,0.0,1.5394726027397259,1.0,0.9400479616306955,13.672131147540984,29.785714285714285,0.0,0
store_0001,sku_00134,Health,ML_95,0.5537671232876713,0.0,0.5537671232876713,1.0,2.6133333333333337,4.918032786885246,10.714285714285714,0.0,0
store_0001,sku_00134,Health,ML_99,0.5537671232876713,0.0,0.5537671232876713,1.0,2.6133333333333337,4.918032786885246,10.714285714285714,0.0,0
store_0001,sku_00135,Grocery,baseline_rolling_mean,2.4516986301369865,0.0,2.4516986301369865,1.0,1.116564417177914,9.588235294117647,23.285714285714285,0.0,0
store_0001,sku_00135,Grocery,baseline_seasonal_naive,2.722438356164384,0.0,2.722438356164384,1.0,1.005524861878453,10.647058823529413,25.857142857142858,0.0,0
store_0001,sku_00135,Grocery,ML_95,2.1959999999999997,0.0,2.1959999999999997,1.0,1.2465753424657533,8.588235294117649,20.857142857142858,0.0,0
store_0001,sku_00135,Grocery,ML_99,2.1959999999999997,0.0,2.1959999999999997,1.0,1.2465753424657533,8.588235294117649,20.857142857142858,0.0,0
store_0001,sku_00136,Produce,baseline_rolling_mean,1.874219178082192,0.0,1.874219178082192,1.0,1.1313131313131313,11.314285714285713,14.142857142857142,0.0,0
store_0001,sku_00136,Produce,baseline_seasonal_naive,3.8620273972602748,0.0,3.8620273972602748,1.0,0.5490196078431373,23.314285714285713,29.142857142857142,0.0,0
store_0001,sku_00136,Produce,ML_95,1.3441369863013697,0.0,1.3441369863013697,1.0,1.5774647887323945,8.114285714285714,10.142857142857142,0.0,0
store_0001,sku_00136,Produce,ML_99,1.3441369863013697,0.0,1.3441369863013697,1.0,1.5774647887323945,8.114285714285714,10.142857142857142,0.0,0
store_0001,sku_00137,Dairy,baseline_rolling_mean,1.8899794520547948,0.0,1.8899794520547948,1.0,1.3900709219858156,9.096774193548386,10.071428571428571,0.0,0
store_0001,sku_00137,Dairy,baseline_seasonal_naive,1.916787671232877,0.0,1.916787671232877,1.0,1.3706293706293706,9.225806451612902,10.214285714285714,0.0,0
store_0001,sku_00137,Dairy,ML_95,1.8765753424657539,0.0,1.8765753424657539,1.0,1.4,9.032258064516128,10.0,0.0,0
store_0001,sku_00137,Dairy,ML_99,1.8765753424657539,0.0,1.8765753424657539,1.0,1.4,9.032258064516128,10.0,0.0,0
store_0001,sku_00138,Office,baseline_rolling_mean,1.594479452054795,0.0,1.594479452054795,1.0,1.4444444444444444,8.723076923076922,12.461538461538462,0.0,0
store_0001,sku_00138,Office,baseline_seasonal_naive,3.159431506849315,0.0,3.159431506849315,1.0,0.7289719626168224,17.284615384615385,24.692307692307693,0.0,0
store_0001,sku_00138,Office,ML_95,1.28936301369863,0.0,1.28936301369863,1.0,1.786259541984733,7.053846153846154,10.076923076923077,0.0,0
store_0001,sku_00138,Office,ML_99,1.28936301369863,0.0,1.28936301369863,1.0,1.786259541984733,7.053846153846154,10.076923076923077,0.0,0
store_0001,sku_00139,Seasonal,baseline_rolling_mean,3.7119452054794517,0.0,3.7119452054794517,1.0,2.467948717948718,6.638297872340425,22.285714285714285,0.0,0
store_0001,sku_00139,Seasonal,baseline_seasonal_naive,3.866609589041096,0.0,3.866609589041096,1.0,2.3692307692307693,6.914893617021277,23.214285714285715,0.0,0
store_0001,sku_00139,Seasonal,ML_95,3.6643561643835616,62.532000000000004,66.19635616438356,0.9272727272727272,2.5,6.553191489361702,22.0,4.0,1
store_0001,sku_00139,Seasonal,ML_99,3.6643561643835616,62.532000000000004,66.19635616438356,0.9272727272727272,2.5,6.553191489361702,22.0,4.0,1
store_0001,sku_00140,Home,baseline_rolling_mean,13.221575342465753,0.0,13.221575342465753,1.0,0.8784313725490196,12.91139240506329,36.42857142857143,0.0,0
store_0001,sku_00140,Home,baseline_seasonal_naive,19.287945205479453,0.0,19.287945205479453,1.0,0.6021505376344086,18.835443037974684,53.142857142857146,0.0,0
store_0001,sku_00140,Home,ML_95,9.229178082191783,0.0,9.229178082191783,1.0,1.2584269662921348,9.0126582278481,25.428571428571427,0.0,0
store_0001,sku_00140,Home,ML_99,9.229178082191783,0.0,9.229178082191783,1.0,1.2584269662921348,9.0126582278481,25.428571428571427,0.0,0
store_0001,sku_00141,Pet,baseline_rolling_mean,3.5100821917808225,183.924,187.43408219178082,0.8586956521739131,3.9509202453987733,6.552763819095477,46.57142857142857,26.0,2
store_0001,sku_00141,Pet,baseline_seasonal_naive,2.7671506849315075,374.922,377.6891506849315,0.7119565217391304,5.011673151750973,5.165829145728644,36.714285714285715,53.0,3
store_0001,sku_00141,Pet,ML_95,6.729452054794521,0.0,6.729452054794521,1.0,2.0608,12.56281407035176,89.28571428571429,0.0,0
store_0001,sku_00141,Pet,ML_99,6.767136986301371,0.0,6.767136986301371,1.0,2.0493237867939538,12.63316582914573,89.78571428571429,0.0,0
store_0001,sku_00142,Seasonal,baseline_rolling_mean,4.849424657534247,0.0,4.849424657534247,1.0,1.4303405572755417,10.419354838709678,23.071428571428573,0.0,0
store_0001,sku_00142,Seasonal,baseline_seasonal_naive,6.440876712328768,0.0,6.440876712328768,1.0,1.0769230769230769,13.838709677419354,30.642857142857142,0.0,0
store_0001,sku_00142,Seasonal,ML_95,4.053698630136987,19.728,23.781698630136987,0.9696969696969697,1.7111111111111112,8.709677419354838,19.285714285714285,1.0,1
store_0001,sku_00142,Seasonal,ML_99,4.068712328767123,19.728,23.796712328767125,0.9696969696969697,1.7047970479704797,8.741935483870968,19.357142857142858,1.0,1
store_0001,sku_00143,Meat,baseline_rolling_mean,0.6406438356164383,20.043,20.683643835616436,0.8571428571428572,2.3333333333333335,7.0,3.0,1.0,1
store_0001,sku_00143,Meat,baseline_seasonal_naive,1.5711027397260273,0.0,1.5711027397260273,1.0,0.9514563106796117,17.166666666666668,7.357142857142857,0.0,0
store_0001,sku_00143,Meat,ML_95,0.6406438356164383,20.043,20.683643835616436,0.8571428571428572,2.3333333333333335,7.0,3.0,1.0,1
store_0001,sku_00143,Meat,ML_99,0.6406438356164383,20.043,20.683643835616436,0.8571428571428572,2.3333333333333335,7.0,3.0,1.0,1
store_0001,sku_00144,Garden,baseline_rolling_mean,8.002876712328769,604.8900000000001,612.8928767123289,0.7719298245614035,3.5309734513274336,5.794871794871795,16.142857142857142,13.0,5
store_0001,sku_00144,Garden,baseline_seasonal_naive,8.994383561643836,0.0,8.994383561643836,1.0,3.141732283464567,6.512820512820513,18.142857142857142,0.0,0
store_0001,sku_00144,Garden,ML_95,19.08650684931507,46.53,65.61650684931507,0.9824561403508771,1.4805194805194806,13.820512820512821,38.5,1.0,1
store_0001,sku_00144,Garden,ML_99,19.08650684931507,46.53,65.61650684931507,0.9824561403508771,1.4805194805194806,13.820512820512821,38.5,1.0,1
store_0001,sku_00145,Baby,baseline_rolling_mean,0.1395205479452055,17.459999999999997,17.599520547945204,0.5555555555555556,3.0,8.4,3.0,4.0,3
store_0001,sku_00145,Baby,baseline_seasonal_naive,0.20595890410958903,13.094999999999999,13.300958904109589,0.6666666666666667,2.032258064516129,12.4,4.428571428571429,3.0,2
store_0001,sku_00145,Baby,ML_95,0.23253424657534244,0.0,0.23253424657534244,1.0,1.8,14.0,5.0,0.0,0
store_0001,sku_00145,Baby,ML_99,0.23253424657534244,0.0,0.23253424657534244,1.0,1.8,14.0,5.0,0.0,0
store_0001,sku_00146,Garden,baseline_rolling_mean,3.1602739726027402,0.0,3.1602739726027402,1.0,1.9133333333333336,9.523809523809524,21.428571428571427,0.0,0
store_0001,sku_00146,Garden,baseline_seasonal_naive,2.55982191780822,0.0,2.55982191780822,1.0,2.3621399176954734,7.714285714285714,17.357142857142858,0.0,0
store_0001,sku_00146,Garden,ML_95,1.6749452054794525,0.0,1.6749452054794525,1.0,3.6100628930817606,5.0476190476190474,11.357142857142858,0.0,0
store_0001,sku_00146,Garden,ML_99,1.6749452054794525,0.0,1.6749452054794525,1.0,3.6100628930817606,5.0476190476190474,11.357142857142858,0.0,0
store_0001,sku_00147,Meat,baseline_rolling_mean,0.9007945205479453,0.0,0.9007945205479453,1.0,1.9090909090909092,7.333333333333334,3.142857142857143,0.0,0
store_0001,sku_00147,Meat,baseline_seasonal_naive,1.8630068493150684,0.0,1.8630068493150684,1.0,0.9230769230769231,15.166666666666668,6.5,0.0,0
store_0001,sku_00147,Meat,ML_95,0.716541095890411,0.0,0.716541095890411,1.0,2.4,5.833333333333334,2.5,0.0,0
store_0001,sku_00147,Meat,ML_99,0.716541095890411,0.0,0.716541095890411,1.0,2.4,5.833333333333334,2.5,0.0,0
store_0001,sku_00148,Pet,baseline_rolling_mean,0.7563835616438357,0.0,0.7563835616438357,1.0,1.103448275862069,9.441860465116278,14.5,0.0,0
store_0001,sku_00148,Pet,baseline_seasonal_naive,1.3078356164383564,0.0,1.3078356164383564,1.0,0.6381766381766382,16.325581395348838,25.071428571428573,0.0,0
store_0001,sku_00148,Pet,ML_95,0.7563835616438357,0.0,0.7563835616438357,1.0,1.103448275862069,9.441860465116278,14.5,0.0,0
store_0001,sku_00148,Pet,ML_99,0.7563835616438357,0.0,0.7563835616438357,1.0,1.103448275862069,9.441860465116278,14.5,0.0,0
store_0001,sku_00149,Home,baseline_rolling_mean,4.788630136986302,0.0,4.788630136986302,1.0,1.023076923076923,9.122807017543861,18.571428571428573,0.0,0
store_0001,sku_00149,Home,baseline_seasonal_naive,8.214342465753425,0.0,8.214342465753425,1.0,0.5964125560538116,15.649122807017545,31.857142857142858,0.0,0
store_0001,sku_00149,Home,ML_95,4.733376712328767,0.0,4.733376712328767,1.0,1.0350194552529182,9.017543859649123,18.357142857142858,0.0,0
store_0001,sku_00149,Home,ML_99,4.733376712328767,0.0,4.733376712328767,1.0,1.0350194552529182,9.017543859649123,18.357142857142858,0.0,0
store_0001,sku_00150,Pet,baseline_rolling_mean,1.1315410958904109,0.0,1.1315410958904109,1.0,1.5135135135135136,11.5625,13.214285714285714,0.0,0
store_0001,sku_00150,Pet,baseline_seasonal_naive,1.529109589041096,0.0,1.529109589041096,1.0,1.1199999999999999,15.625000000000002,17.857142857142858,0.0,0
store_0001,sku_00150,Pet,ML_95,0.7462054794520547,8.036999999999999,8.783205479452054,0.95,2.295081967213115,7.625,8.714285714285714,1.0,1
store_0001,sku_00150,Pet,ML_99,0.7462054794520547,8.036999999999999,8.783205479452054,0.95,2.295081967213115,7.625,8.714285714285714,1.0,1
store_0001,sku_00151,Household,baseline_rolling_mean,0.7781575342465753,0.0,0.7781575342465753,1.0,1.460122699386503,8.81081081081081,11.642857142857142,0.0,0
store_0001,sku_00151,Household,baseline_seasonal_naive,1.0645958904109587,0.0,1.0645958904109587,1.0,1.0672645739910314,12.054054054054054,15.928571428571429,0.0,0
store_0001,sku_00151,Household,ML_95,0.7017739726027395,0.0,0.7017739726027395,1.0,1.619047619047619,7.9459459459459465,10.5,0.0,0
store_0001,sku_00151,Household,ML_99,0.7017739726027395,0.0,0.7017739726027395,1.0,1.619047619047619,7.9459459459459465,10.5,0.0,0
store_0001,sku_00152,Meat,baseline_rolling_mean,2.2076712328767125,0.0,2.2076712328767125,1.0,0.2916666666666667,16.551724137931032,17.142857142857142,0.0,0
store_0001,sku_00152,Meat,baseline_seasonal_naive,4.783287671232877,0.0,4.783287671232877,1.0,0.1346153846153846,35.86206896551724,37.142857142857146,0.0,0
store_0001,sku_00152,Meat,ML_95,1.6281575342465755,0.0,1.6281575342465755,1.0,0.3954802259887006,12.206896551724137,12.642857142857142,0.0,0
store_0001,sku_00152,Meat,ML_99,1.6281575342465755,0.0,1.6281575342465755,1.0,0.3954802259887006,12.206896551724137,12.642857142857142,0.0,0
store_0001,sku_00153,Beauty,baseline_rolling_mean,0.31693150684931504,0.0,0.31693150684931504,1.0,1.4583333333333335,8.0,3.4285714285714284,0.0,0
store_0001,sku_00153,Beauty,baseline_seasonal_naive,0.6338630136986301,0.0,0.6338630136986301,1.0,0.7291666666666667,16.0,6.857142857142857,0.0,0
store_0001,sku_00153,Beauty,ML_95,0.31693150684931504,0.0,0.31693150684931504,1.0,1.4583333333333335,8.0,3.4285714285714284,0.0,0
store_0001,sku_00153,Beauty,ML_99,0.31693150684931504,0.0,0.31693150684931504,1.0,1.4583333333333335,8.0,3.4285714285714284,0.0,0
store_0001,sku_00154,Frozen,baseline_rolling_mean,0.8175342465753425,0.0,0.8175342465753425,1.0,1.26875,12.307692307692308,22.857142857142858,0.0,0
store_0001,sku_00154,Frozen,baseline_seasonal_naive,0.8609657534246574,0.0,0.8609657534246574,1.0,1.204747774480712,12.961538461538462,24.071428571428573,0.0,0
store_0001,sku_00154,Frozen,ML_95,0.6616917808219178,3.357,4.018691780821918,0.9655172413793104,1.5675675675675675,9.961538461538462,18.5,1.0,1
store_0001,sku_00154,Frozen,ML_99,0.6616917808219178,3.357,4.018691780821918,0.9655172413793104,1.5675675675675675,9.961538461538462,18.5,1.0,1
store_0001,sku_00155,Health,baseline_rolling_mean,0.12145205479452054,0.0,0.12145205479452054,1.0,0.3181818181818182,29.333333333333336,3.142857142857143,0.0,0
store_0001,sku_00155,Health,baseline_seasonal_naive,0.2760273972602739,0.0,0.2760273972602739,1.0,0.13999999999999999,66.66666666666667,7.142857142857143,0.0,0
store_0001,sku_00155,Health,ML_95,0.044164383561643844,0.0,0.044164383561643844,1.0,0.875,10.666666666666666,1.1428571428571428,0.0,0
store_0001,sku_00155,Health,ML_99,0.044164383561643844,0.0,0.044164383561643844,1.0,0.875,10.666666666666666,1.1428571428571428,0.0,0
store_0001,sku_00156,Home,baseline_rolling_mean,2.9599041095890417,0.0,2.9599041095890417,1.0,1.7622377622377623,7.944444444444443,10.214285714285714,0.0,0
store_0001,sku_00156,Home,baseline_seasonal_naive,3.4152739726027397,0.0,3.4152739726027397,1.0,1.5272727272727271,9.166666666666666,11.785714285714286,0.0,0
store_0001,sku_00156,Home,ML_95,3.4773698630136987,0.0,3.4773698630136987,1.0,1.5,9.333333333333332,12.0,0.0,0
store_0001,sku_00156,Home,ML_99,3.4773698630136987,0.0,3.4773698630136987,1.0,1.5,9.333333333333332,12.0,0.0,0
store_0001,sku_00157,Apparel,baseline_rolling_mean,0.7957534246575344,0.0,0.7957534246575344,1.0,3.121019108280255,6.156862745098039,11.214285714285714,0.0,0
store_0001,sku_00157,Apparel,baseline_seasonal_naive,0.9883561643835619,0.0,0.9883561643835619,1.0,2.5128205128205128,7.647058823529412,13.928571428571429,0.0,0
store_0001,sku_00157,Apparel,ML_95,1.2012328767123288,13.32,14.521232876712329,0.9428571428571428,2.067510548523207,9.294117647058822,16.928571428571427,2.0,1
store_0001,sku_00157,Apparel,ML_99,1.2012328767123288,13.32,14.521232876712329,0.9428571428571428,2.067510548523207,9.294117647058822,16.928571428571427,2.0,1
store_0001,sku_00158,Apparel,baseline_rolling_mean,0.1578767123287671,0.0,0.1578767123287671,1.0,1.96,8.333333333333334,3.5714285714285716,0.0,0
store_0001,sku_00158,Apparel,baseline_seasonal_naive,0.2904931506849315,0.0,0.2904931506849315,1.0,1.065217391304348,15.333333333333334,6.571428571428571,0.0,0
store_0001,sku_00158,Apparel,ML_95,0.22102739726027398,4.149,4.370027397260274,0.8571428571428572,1.4,11.666666666666668,5.0,1.0,1
store_0001,sku_00158,Apparel,ML_99,0.22102739726027398,4.149,4.370027397260274,0.8571428571428572,1.4,11.666666666666668,5.0,1.0,1
store_0001,sku_00159,Beauty,baseline_rolling_mean,0.08126712328767124,0.0,0.08126712328767124,1.0,2.8000000000000003,10.0,1.0714285714285714,0.0,0
store_0001,sku_00159,Beauty,baseline_seasonal_naive,0.016253424657534248,7.119,7.135253424657534,0.6666666666666667,14.0,2.0,0.21428571428571427,1.0,1
store_0001,sku_00159,Beauty,ML_95,0.14086301369863016,0.0,0.14086301369863016,1.0,1.6153846153846154,17.333333333333336,1.8571428571428572,0.0,0
store_0001,sku_00159,Beauty,ML_99,0.14086301369863016,0.0,0.14086301369863016,1.0,1.6153846153846154,17.333333333333336,1.8571428571428572,0.0,0
store_0001,sku_00160,Bakery,baseline_rolling_mean,0.8956232876712327,0.0,0.8956232876712327,1.0,1.6091954022988506,10.875,6.214285714285714,0.0,0
store_0001,sku_00160,Bakery,baseline_seasonal_naive,2.2750890410958906,0.0,2.2750890410958906,1.0,0.6334841628959276,27.625000000000004,15.785714285714286,0.0,0
store_0001,sku_00160,Bakery,ML_95,0.9162123287671232,13.526999999999997,14.443212328767121,0.9,1.5730337078651686,11.125,6.357142857142857,1.0,1
store_0001,sku_00160,Bakery,ML_99,0.9162123287671232,13.526999999999997,14.443212328767121,0.9,1.5730337078651686,11.125,6.357142857142857,1.0,1
store_0001,sku_00161,Dairy,baseline_rolling_mean,6.550616438356165,0.0,6.550616438356165,1.0,1.6135593220338982,7.919463087248323,42.142857142857146,0.0,0
store_0001,sku_00161,Dairy,baseline_seasonal_naive,10.45878082191781,0.0,10.45878082191781,1.0,1.010615711252654,12.644295302013425,67.28571428571429,0.0,0
store_0001,sku_00161,Dairy,ML_95,5.695705479452055,0.0,5.695705479452055,1.0,1.8557504873294346,6.885906040268457,36.642857142857146,0.0,0
store_0001,sku_00161,Dairy,ML_99,5.695705479452055,0.0,5.695705479452055,1.0,1.8557504873294346,6.885906040268457,36.642857142857146,0.0,0
store_0001,sku_00162,Health,baseline_rolling_mean,0.546472602739726,0.0,0.546472602739726,1.0,1.2791878172588833,8.382978723404255,14.071428571428571,0.0,0
store_0001,sku_00162,Health,baseline_seasonal_naive,0.6130479452054793,0.0,0.6130479452054793,1.0,1.1402714932126696,9.404255319148936,15.785714285714286,0.0,0
store_0001,sku_00162,Health,ML_95,0.515958904109589,0.0,0.515958904109589,1.0,1.3548387096774193,7.914893617021277,13.285714285714286,0.0,0
store_0001,sku_00162,Health,ML_99,0.515958904109589,0.0,0.515958904109589,1.0,1.3548387096774193,7.914893617021277,13.285714285714286,0.0,0
store_0001,sku_00163,Produce,baseline_rolling_mean,1.8270000000000004,0.0,1.8270000000000004,1.0,2.3333333333333335,7.875,9.0,0.0,0
store_0001,sku_00163,Produce,baseline_seasonal_naive,2.1315,0.0,2.1315,1.0,2.0,9.1875,10.5,0.0,0
store_0001,sku_00163,Produce,ML_95,1.2325000000000002,38.106,39.3385,0.9047619047619048,3.458823529411765,5.3125,6.071428571428571,2.0,1
store_0001,sku_00163,Produce,ML_99,1.2325000000000002,38.106,39.3385,0.9047619047619048,3.458823529411765,5.3125,6.071428571428571,2.0,1
store_0001,sku_00164,Health,baseline_rolling_mean,2.042602739726028,0.0,2.042602739726028,1.0,1.9801488833746899,7.462962962962963,57.57142857142857,0.0,0
store_0001,sku_00164,Health,baseline_seasonal_naive,2.460753424657535,0.0,2.460753424657535,1.0,1.6436663233779607,8.99074074074074,69.35714285714286,0.0,0
store_0001,sku_00164,Health,ML_95,1.9285616438356166,0.0,1.9285616438356166,1.0,2.097240473061761,7.046296296296296,54.357142857142854,0.0,0
store_0001,sku_00164,Health,ML_99,1.9310958904109592,0.0,1.9310958904109592,1.0,2.094488188976378,7.055555555555555,54.42857142857143,0.0,0
store_0001,sku_00165,Bakery,baseline_rolling_mean,1.241568493150685,0.0,1.241568493150685,1.0,0.98989898989899,12.375,7.071428571428571,0.0,0
store_0001,sku_00165,Bakery,baseline_seasonal_naive,1.6052602739726027,0.0,1.6052602739726027,1.0,0.765625,16.0,9.142857142857142,0.0,0
store_0001,sku_00165,Bakery,ML_95,0.8151712328767124,0.0,0.8151712328767124,1.0,1.5076923076923077,8.125000000000002,4.642857142857143,0.0,0
store_0001,sku_00165,Bakery,ML_99,0.8151712328767124,0.0,0.8151712328767124,1.0,1.5076923076923077,8.125000000000002,4.642857142857143,0.0,0
store_0001,sku_00166,Beauty,baseline_rolling_mean,0.4410958904109589,0.0,0.4410958904109589,1.0,1.4,10.0,2.857142857142857,0.0,0
store_0001,sku_00166,Beauty,baseline_seasonal_naive,0.6726712328767123,0.0,0.6726712328767123,1.0,0.918032786885246,15.25,4.357142857142857,0.0,0
store_0001,sku_00166,Beauty,ML_95,0.3528767123287671,0.0,0.3528767123287671,1.0,1.75,8.0,2.2857142857142856,0.0,0
store_0001,sku_00166,Beauty,ML_99,0.3528767123287671,0.0,0.3528767123287671,1.0,1.75,8.0,2.2857142857142856,0.0,0
store_0001,sku_00167,Garden,baseline_rolling_mean,0.3638698630136986,140.625,140.9888698630137,0.6153846153846154,10.705882352941178,5.666666666666667,1.2142857142857142,5.0,2
store_0001,sku_00167,Garden,baseline_seasonal_naive,2.226027397260274,56.25,58.476027397260275,0.8461538461538461,1.75,34.66666666666667,7.428571428571429,2.0,2
store_0001,sku_00167,Garden,ML_95,2.6327054794520546,28.125,30.757705479452056,0.9230769230769231,1.4796747967479673,41.00000000000001,8.785714285714286,1.0,1
store_0001,sku_00167,Garden,ML_99,0.8133561643835615,28.125,28.93835616438356,0.9230769230769231,4.789473684210526,12.666666666666668,2.7142857142857144,1.0,1
store_0001,sku_00168,Pet,baseline_rolling_mean,0.26095890410958905,9.144,9.40495890410959,0.875,2.986666666666667,5.999999999999999,5.357142857142857,2.0,1
store_0001,sku_00168,Pet,baseline_seasonal_naive,0.5567123287671234,0.0,0.5567123287671234,1.0,1.4,12.799999999999999,11.428571428571429,0.0,0
store_0001,sku_00168,Pet,ML_95,0.42797260273972604,9.144,9.571972602739725,0.875,1.8211382113821137,9.84,8.785714285714286,2.0,1
store_0001,sku_00168,Pet,ML_99,0.43841095890410964,9.144,9.58241095890411,0.875,1.7777777777777777,10.08,9.0,2.0,1
store_0001,sku_00169,Home,baseline_rolling_mean,5.114938356164383,0.0,5.114938356164383,1.0,0.8837209302325582,12.808510638297872,21.5,0.0,0
store_0001,sku_00169,Home,baseline_seasonal_naive,7.867828767123287,0.0,7.867828767123287,1.0,0.5745140388768899,19.702127659574465,33.07142857142857,0.0,0
store_0001,sku_00169,Home,ML_95,3.704506849315069,0.0,3.704506849315069,1.0,1.2201834862385321,9.27659574468085,15.571428571428571,0.0,0
store_0001,sku_00169,Home,ML_99,3.704506849315069,0.0,3.704506849315069,1.0,1.2201834862385321,9.27659574468085,15.571428571428571,0.0,0
store_0001,sku_00170,Pet,baseline_rolling_mean,0.1075068493150685,0.0,0.1075068493150685,1.0,1.1666666666666667,9.6,1.7142857142857142,0.0,0
store_0001,sku_00170,Pet,baseline_seasonal_naive,0.08063013698630138,0.0,0.08063013698630138,1.0,1.5555555555555554,7.2,1.2857142857142858,0.0,0
store_0001,sku_00170,Pet,ML_95,0.08063013698630138,0.0,0.08063013698630138,1.0,1.5555555555555554,7.2,1.2857142857142858,0.0,0
store_0001,sku_00170,Pet,ML_99,0.08063013698630138,0.0,0.08063013698630138,1.0,1.5555555555555554,7.2,1.2857142857142858,0.0,0
store_0001,sku_00171,Beverages,baseline_rolling_mean,1.0278013698630135,0.0,1.0278013698630135,1.0,0.46153846153846156,16.545454545454547,6.5,0.0,0
store_0001,sku_00171,Beverages,baseline_seasonal_naive,2.3605547945205476,0.0,2.3605547945205476,1.0,0.20095693779904306,38.0,14.928571428571429,0.0,0
store_0001,sku_00171,Beverages,ML_95,0.8696780821917806,0.0,0.8696780821917806,1.0,0.5454545454545454,14.0,5.5,0.0,0
store_0001,sku_00171,Beverages,ML_99,0.8696780821917806,0.0,0.8696780821917806,1.0,0.5454545454545454,14.0,5.5,0.0,0
store_0001,sku_00172,Office,baseline_rolling_mean,1.036876712328767,45.72,46.75687671232877,0.7916666666666666,2.25503355704698,11.46153846153846,10.642857142857142,5.0,4
store_0001,sku_00172,Office,baseline_seasonal_naive,0.7863561643835617,64.008,64.79435616438356,0.7083333333333333,2.9734513274336285,8.692307692307692,8.071428571428571,7.0,5
store_0001,sku_00172,Office,ML_95,1.5935890410958904,27.432000000000002,29.02558904109589,0.875,1.467248908296943,17.615384615384617,16.357142857142858,3.0,3
store_0001,sku_00172,Office,ML_99,1.5935890410958904,27.432000000000002,29.02558904109589,0.875,1.467248908296943,17.615384615384617,16.357142857142858,3.0,3
store_0001,sku_00173,Bakery,baseline_rolling_mean,3.893041095890411,0.0,3.893041095890411,1.0,0.8433734939759036,10.885245901639346,23.714285714285715,0.0,0
store_0001,sku_00173,Bakery,baseline_seasonal_naive,4.9952876712328775,0.0,4.9952876712328775,1.0,0.6572769953051644,13.967213114754099,30.428571428571427,0.0,0
store_0001,sku_00173,Bakery,ML_95,3.37709589041096,0.0,3.37709589041096,1.0,0.9722222222222221,9.442622950819674,20.571428571428573,0.0,0
store_0001,sku_00173,Bakery,ML_99,3.37709589041096,0.0,3.37709589041096,1.0,0.9722222222222221,9.442622950819674,20.571428571428573,0.0,0
store_0001,sku_00174,Beverages,baseline_rolling_mean,0.3164931506849315,65.664,65.98049315068494,0.4,3.6842105263157894,9.500000000000002,2.7142857142857144,6.0,4
store_0001,sku_00174,Beverages,baseline_seasonal_naive,0.08328767123287671,65.664,65.74728767123288,0.4,14.0,2.5,0.7142857142857143,6.0,4
store_0001,sku_00174,Beverages,ML_95,0.9078356164383562,32.831999999999994,33.73983561643835,0.7,1.2844036697247707,27.25,7.785714285714286,3.0,2
store_0001,sku_00174,Beverages,ML_99,0.9661369863013699,32.831999999999994,33.798136986301365,0.7,1.206896551724138,29.000000000000004,8.285714285714286,3.0,2
store_0001,sku_00175,Office,baseline_rolling_mean,0.7294931506849314,0.0,0.7294931506849314,1.0,1.2989690721649485,10.777777777777777,6.928571428571429,0.0,0
store_0001,sku_00175,Office,baseline_seasonal_naive,0.6542876712328767,0.0,0.6542876712328767,1.0,1.4482758620689655,9.666666666666666,6.214285714285714,0.0,0
store_0001,sku_00175,Office,ML_95,0.39858904109589044,0.0,0.39858904109589044,1.0,2.3773584905660377,5.888888888888888,3.7857142857142856,0.0,0
store_0001,sku_00175,Office,ML_99,0.39858904109589044,0.0,0.39858904109589044,1.0,2.3773584905660377,5.888888888888888,3.7857142857142856,0.0,0
store_0001,sku_00176,Beverages,baseline_rolling_mean,1.6190342465753425,0.0,1.6190342465753425,1.0,0.3916083916083916,15.052631578947366,10.214285714285714,0.0,0
store_0001,sku_00176,Beverages,baseline_seasonal_naive,2.253061643835616,0.0,2.253061643835616,1.0,0.2814070351758794,20.94736842105263,14.214285714285714,0.0,0
store_0001,sku_00176,Beverages,ML_95,1.3020205479452056,0.0,1.3020205479452056,1.0,0.48695652173913045,12.105263157894735,8.214285714285714,0.0,0
store_0001,sku_00176,Beverages,ML_99,1.3020205479452056,0.0,1.3020205479452056,1.0,0.48695652173913045,12.105263157894735,8.214285714285714,0.0,0
store_0001,sku_00177,Seasonal,baseline_rolling_mean,3.0544520547945204,0.0,3.0544520547945204,1.0,1.151111111111111,12.000000000000002,32.142857142857146,0.0,0
store_0001,sku_00177,Seasonal,baseline_seasonal_naive,3.461712328767123,0.0,3.461712328767123,1.0,1.0156862745098039,13.600000000000001,36.42857142857143,0.0,0
store_0001,sku_00177,Seasonal,ML_95,1.629041095890411,0.0,1.629041095890411,1.0,2.158333333333333,6.4,17.142857142857142,0.0,0
store_0001,sku_00177,Seasonal,ML_99,1.629041095890411,0.0,1.629041095890411,1.0,2.158333333333333,6.4,17.142857142857142,0.0,0
store_0001,sku_00178,Office,baseline_rolling_mean,1.5347671232876712,0.0,1.5347671232876712,1.0,0.8873239436619719,11.591836734693876,20.285714285714285,0.0,0
store_0001,sku_00178,Office,baseline_seasonal_naive,2.388616438356164,0.0,2.388616438356164,1.0,0.5701357466063348,18.040816326530614,31.571428571428573,0.0,0
store_0001,sku_00178,Office,ML_95,1.1456712328767125,0.0,1.1456712328767125,1.0,1.1886792452830188,8.653061224489795,15.142857142857142,0.0,0
store_0001,sku_00178,Office,ML_99,1.1456712328767125,0.0,1.1456712328767125,1.0,1.1886792452830188,8.653061224489795,15.142857142857142,0.0,0
store_0001,sku_00179,Household,baseline_rolling_mean,0.7407534246575342,0.0,0.7407534246575342,1.0,0.9333333333333333,12.5,10.714285714285714,0.0,0
store_0001,sku_00179,Household,baseline_seasonal_naive,1.2098972602739726,0.0,1.2098972602739726,1.0,0.5714285714285714,20.416666666666668,17.5,0.0,0
store_0001,sku_00179,Household,ML_95,0.36543835616438364,0.0,0.36543835616438364,1.0,1.8918918918918919,6.166666666666667,5.285714285714286,0.0,0
store_0001,sku_00179,Household,ML_99,0.36543835616438364,0.0,0.36543835616438364,1.0,1.8918918918918919,6.166666666666667,5.285714285714286,0.0,0
store_0001,sku_00180,Seasonal,baseline_rolling_mean,2.3080410958904105,0.0,2.3080410958904105,1.0,1.909090909090909,8.404494382022472,26.714285714285715,0.0,0
store_0001,sku_00180,Seasonal,baseline_seasonal_naive,2.561061643835616,0.0,2.561061643835616,1.0,1.7204819277108434,9.325842696629215,29.642857142857142,0.0,0
store_0001,sku_00180,Seasonal,ML_95,1.7094315068493149,48.653999999999996,50.36343150684931,0.8823529411764706,2.577617328519856,6.224719101123595,19.785714285714285,6.0,1
store_0001,sku_00180,Seasonal,ML_99,1.9994794520547943,0.0,1.9994794520547943,1.0,2.2037037037037037,7.280898876404494,23.142857142857142,0.0,0
store_0001,sku_00181,Beverages,baseline_rolling_mean,0.0,9.756,9.756,0.0,999999999.9999999,0.0,0.0,1.0,1
store_0001,sku_00181,Beverages,baseline_seasonal_naive,0.0,9.756,9.756,0.0,999999999.9999999,0.0,0.0,1.0,1
store_0001,sku_00181,Beverages,ML_95,0.06682191780821918,0.0,0.06682191780821918,1.0,1.5555555555555554,642857142.8571428,0.6428571428571429,0.0,0
store_0001,sku_00181,Beverages,ML_99,0.06682191780821918,0.0,0.06682191780821918,1.0,1.5555555555555554,642857142.8571428,0.6428571428571429,0.0,0
store_0001,sku_00182,Dairy,baseline_rolling_mean,7.561671232876711,0.0,7.561671232876711,1.0,1.6198347107438018,8.203389830508474,34.57142857142857,0.0,0
store_0001,sku_00182,Dairy,baseline_seasonal_naive,9.577075342465754,0.0,9.577075342465754,1.0,1.2789559543230016,10.389830508474576,43.785714285714285,0.0,0
store_0001,sku_00182,Dairy,ML_95,6.233691780821918,0.0,6.233691780821918,1.0,1.9649122807017543,6.762711864406779,28.5,0.0,0
store_0001,sku_00182,Dairy,ML_99,6.233691780821918,0.0,6.233691780821918,1.0,1.9649122807017543,6.762711864406779,28.5,0.0,0
store_0001,sku_00183,Dairy,baseline_rolling_mean,2.7842739726027395,0.0,2.7842739726027395,1.0,1.8235294117647058,8.654545454545454,17.0,0.0,0
store_0001,sku_00183,Dairy,baseline_seasonal_naive,2.9246575342465753,0.0,2.9246575342465753,1.0,1.736,9.090909090909092,17.857142857142858,0.0,0
store_0001,sku_00183,Dairy,ML_95,2.7374794520547945,46.116,48.85347945205479,0.9032258064516129,1.8547008547008546,8.50909090909091,16.714285714285715,3.0,1
store_0001,sku_00183,Dairy,ML_99,2.7374794520547945,46.116,48.85347945205479,0.9032258064516129,1.8547008547008546,8.50909090909091,16.714285714285715,3.0,1
store_0001,sku_00184,Household,baseline_rolling_mean,0.20532876712328765,0.0,0.20532876712328765,1.0,6.461538461538462,5.777777777777778,1.8571428571428572,0.0,0
store_0001,sku_00184,Household,baseline_seasonal_naive,0.8292123287671234,41.507999999999996,42.337212328767116,0.6666666666666667,1.6,23.333333333333332,7.5,4.0,3
store_0001,sku_00184,Household,ML_95,0.4264520547945206,10.376999999999999,10.80345205479452,0.9166666666666666,3.111111111111111,12.0,3.857142857142857,1.0,1
store_0001,sku_00184,Household,ML_99,0.4264520547945206,10.376999999999999,10.80345205479452,0.9166666666666666,3.111111111111111,12.0,3.857142857142857,1.0,1
store_0001,sku_00185,Garden,baseline_rolling_mean,9.437910958904109,0.0,9.437910958904109,1.0,1.7082228116710876,8.195652173913043,26.928571428571427,0.0,0
store_0001,sku_00185,Garden,baseline_seasonal_naive,18.750650684931507,0.0,18.750650684931507,1.0,0.8598130841121495,16.282608695652176,53.5,0.0,0
store_0001,sku_00185,Garden,ML_95,6.308630136986301,0.0,6.308630136986301,1.0,2.5555555555555554,5.478260869565218,18.0,0.0,0
store_0001,sku_00185,Garden,ML_99,6.308630136986301,0.0,6.308630136986301,1.0,2.5555555555555554,5.478260869565218,18.0,0.0,0
store_0001,sku_00186,Produce,baseline_rolling_mean,2.0736986301369864,0.0,2.0736986301369864,1.0,3.033333333333333,7.058823529411765,8.571428571428571,0.0,0
store_0001,sku_00186,Produce,baseline_seasonal_naive,3.162390410958904,45.414,48.57639041095891,0.9230769230769231,1.989071038251366,10.764705882352942,13.071428571428571,2.0,1
store_0001,sku_00186,Produce,ML_95,4.579417808219178,0.0,4.579417808219178,1.0,1.3735849056603775,15.588235294117647,18.928571428571427,0.0,0
store_0001,sku_00186,Produce,ML_99,4.579417808219178,0.0,4.579417808219178,1.0,1.3735849056603775,15.588235294117647,18.928571428571427,0.0,0
store_0001,sku_00187,Pet,baseline_rolling_mean,0.5238493150684931,0.0,0.5238493150684931,1.0,2.0,7.636363636363636,9.0,0.0,0
store_0001,sku_00187,Pet,baseline_seasonal_naive,1.226472602739726,0.0,1.226472602739726,1.0,0.8542372881355932,17.87878787878788,21.071428571428573,0.0,0
store_0001,sku_00187,Pet,ML_95,0.6277876712328767,5.463,6.090787671232877,0.9444444444444444,1.6688741721854303,9.151515151515152,10.785714285714286,1.0,1
store_0001,sku_00187,Pet,ML_99,0.6277876712328767,5.463,6.090787671232877,0.9444444444444444,1.6688741721854303,9.151515151515152,10.785714285714286,1.0,1
store_0001,sku_00188,Seasonal,baseline_rolling_mean,10.882465753424658,0.0,10.882465753424658,1.0,1.0923566878980893,10.921739130434784,44.857142857142854,0.0,0
store_0001,sku_00188,Seasonal,baseline_seasonal_naive,14.521506849315069,0.0,14.521506849315069,1.0,0.8186157517899761,14.573913043478262,59.857142857142854,0.0,0
store_0001,sku_00188,Seasonal,ML_95,7.780616438356164,0.0,7.780616438356164,1.0,1.5278396436525614,7.808695652173913,32.07142857142857,0.0,0
store_0001,sku_00188,Seasonal,ML_99,7.780616438356164,0.0,7.780616438356164,1.0,1.5278396436525614,7.808695652173913,32.07142857142857,0.0,0
store_0001,sku_00189,Frozen,baseline_rolling_mean,0.5227397260273973,0.0,0.5227397260273973,1.0,2.5375,8.0,11.428571428571429,0.0,0
store_0001,sku_00189,Frozen,baseline_seasonal_naive,0.5782808219178082,0.0,0.5782808219178082,1.0,2.2937853107344632,8.85,12.642857142857142,0.0,0
store_0001,sku_00189,Frozen,ML_95,0.7253013698630136,0.0,0.7253013698630136,1.0,1.8288288288288288,11.1,15.857142857142858,0.0,0
store_0001,sku_00189,Frozen,ML_99,0.7253013698630136,0.0,0.7253013698630136,1.0,1.8288288288288288,11.1,15.857142857142858,0.0,0
store_0001,sku_00190,Seasonal,baseline_rolling_mean,6.4371232876712305,0.0,6.4371232876712305,1.0,0.8367346938775511,12.703703703703704,49.0,0.0,0
store_0001,sku_00190,Seasonal,baseline_seasonal_naive,7.929109589041094,0.0,7.929109589041094,1.0,0.6792899408284024,15.648148148148147,60.357142857142854,0.0,0
store_0001,sku_00190,Seasonal,ML_95,4.27890410958904,0.0,4.27890410958904,1.0,1.2587719298245614,8.444444444444445,32.57142857142857,0.0,0
store_0001,sku_00190,Seasonal,ML_99,4.27890410958904,0.0,4.27890410958904,1.0,1.2587719298245614,8.444444444444445,32.57142857142857,0.0,0
store_0001,sku_00191,Health,baseline_rolling_mean,0.2854520547945205,0.0,0.2854520547945205,1.0,2.231884057971014,7.885714285714286,9.857142857142858,0.0,0
store_0001,sku_00191,Health,baseline_seasonal_naive,0.5357397260273973,0.0,0.5357397260273973,1.0,1.1891891891891893,14.8,18.5,0.0,0
store_0001,sku_00191,Health,ML_95,0.2296027397260274,5.436,5.665602739726028,0.9090909090909091,2.774774774774775,6.342857142857143,7.928571428571429,2.0,1
store_0001,sku_00191,Health,ML_99,0.2296027397260274,5.436,5.665602739726028,0.9090909090909091,2.774774774774775,6.342857142857143,7.928571428571429,2.0,1
store_0001,sku_00192,Toys,baseline_rolling_mean,1.6699315068493155,0.0,1.6699315068493155,1.0,1.2,9.767441860465116,15.0,0.0,0
store_0001,sku_00192,Toys,baseline_seasonal_naive,2.3538082191780823,0.0,2.3538082191780823,1.0,0.8513513513513514,13.767441860465116,21.142857142857142,0.0,0
store_0001,sku_00192,Toys,ML_95,1.3995616438356167,0.0,1.3995616438356167,1.0,1.4318181818181819,8.186046511627906,12.571428571428571,0.0,0
store_0001,sku_00192,Toys,ML_99,1.3995616438356167,0.0,1.3995616438356167,1.0,1.4318181818181819,8.186046511627906,12.571428571428571,0.0,0
store_0001,sku_00193,Electronics,baseline_rolling_mean,2.7588972602739723,0.0,2.7588972602739723,1.0,1.2606635071090047,9.590909090909092,15.071428571428571,0.0,0
store_0001,sku_00193,Electronics,baseline_seasonal_naive,4.733273972602739,0.0,4.733273972602739,1.0,0.7348066298342542,16.454545454545457,25.857142857142858,0.0,0
store_0001,sku_00193,Electronics,ML_95,2.0659041095890407,0.0,2.0659041095890407,1.0,1.6835443037974682,7.1818181818181825,11.285714285714286,0.0,0
store_0001,sku_00193,Electronics,ML_99,2.0659041095890407,0.0,2.0659041095890407,1.0,1.6835443037974682,7.1818181818181825,11.285714285714286,0.0,0
store_0001,sku_00194,Baby,baseline_rolling_mean,0.04777397260273973,20.925000000000004,20.972773972602745,0.375,7.466666666666667,6.0,1.0714285714285714,5.0,3
store_0001,sku_00194,Baby,baseline_seasonal_naive,0.04777397260273973,20.925000000000004,20.972773972602745,0.375,7.466666666666667,6.0,1.0714285714285714,5.0,3
store_0001,sku_00194,Baby,ML_95,0.15606164383561644,0.0,0.15606164383561644,1.0,2.2857142857142856,19.599999999999998,3.5,0.0,0
store_0001,sku_00194,Baby,ML_99,0.15606164383561644,0.0,0.15606164383561644,1.0,2.2857142857142856,19.599999999999998,3.5,0.0,0
store_0001,sku_00195,Meat,baseline_rolling_mean,4.563369863013698,0.0,4.563369863013698,1.0,2.3584229390681006,7.749999999999999,19.928571428571427,0.0,0
store_0001,sku_00195,Meat,baseline_seasonal_naive,6.427972602739725,0.0,6.427972602739725,1.0,1.6743002544529262,10.916666666666666,28.071428571428573,0.0,0
store_0001,sku_00195,Meat,ML_95,7.491123287671233,21.491999999999997,28.98312328767123,0.9787234042553191,1.4366812227074235,12.722222222222221,32.714285714285715,1.0,1
store_0001,sku_00195,Meat,ML_99,7.491123287671233,21.491999999999997,28.98312328767123,0.9787234042553191,1.4366812227074235,12.722222222222221,32.714285714285715,1.0,1
store_0001,sku_00196,Pet,baseline_rolling_mean,1.0284246575342464,0.0,1.0284246575342464,1.0,1.5866666666666667,8.823529411764707,10.714285714285714,0.0,0
store_0001,sku_00196,Pet,baseline_seasonal_naive,1.330095890410959,0.0,1.330095890410959,1.0,1.22680412371134,11.411764705882355,13.857142857142858,0.0,0
store_0001,sku_00196,Pet,ML_95,0.7473219178082191,0.0,0.7473219178082191,1.0,2.1834862385321103,6.411764705882353,7.785714285714286,0.0,0
store_0001,sku_00196,Pet,ML_99,0.7473219178082191,0.0,0.7473219178082191,1.0,2.1834862385321103,6.411764705882353,7.785714285714286,0.0,0
store_0001,sku_00197,Automotive,baseline_rolling_mean,0.15603424657534248,0.0,0.15603424657534248,1.0,1.1559633027522935,11.473684210526315,7.785714285714286,0.0,0
store_0001,sku_00197,Automotive,baseline_seasonal_naive,0.2905958904109589,0.0,0.2905958904109589,1.0,0.6206896551724138,21.36842105263158,14.5,0.0,0
store_0001,sku_00197,Automotive,ML_95,0.13599315068493148,0.0,0.13599315068493148,1.0,1.3263157894736843,10.0,6.785714285714286,0.0,0
store_0001,sku_00197,Automotive,ML_99,0.13599315068493148,0.0,0.13599315068493148,1.0,1.3263157894736843,10.0,6.785714285714286,0.0,0
store_0001,sku_00198,Grocery,baseline_rolling_mean,6.273719178082191,0.0,6.273719178082191,1.0,1.0609555189456343,8.992592592592592,43.357142857142854,0.0,0
store_0001,sku_00198,Grocery,baseline_seasonal_naive,8.40285616438356,0.0,8.40285616438356,1.0,0.7921279212792128,12.044444444444444,58.07142857142857,0.0,0
store_0001,sku_00198,Grocery,ML_95,5.71559589041096,0.0,5.71559589041096,1.0,1.1645569620253164,8.192592592592593,39.5,0.0,0
store_0001,sku_00198,Grocery,ML_99,5.71559589041096,0.0,5.71559589041096,1.0,1.1645569620253164,8.192592592592593,39.5,0.0,0
store_0001,sku_00199,Office,baseline_rolling_mean,0.5808219178082192,0.0,0.5808219178082192,1.0,3.5,8.0,7.142857142857143,0.0,0
store_0001,sku_00199,Office,baseline_seasonal_naive,0.8596164383561644,30.528,31.38761643835616,0.84,2.364864864864865,11.84,10.571428571428571,4.0,2
store_0001,sku_00199,Office,ML_95,1.1674520547945206,22.896,24.06345205479452,0.88,1.7412935323383083,16.08,14.357142857142858,3.0,1
store_0001,sku_00199,Office,ML_99,0.9525479452054796,0.0,0.9525479452054796,1.0,2.1341463414634148,13.12,11.714285714285714,0.0,0
store_0001,sku_00200,Pet,baseline_rolling_mean,0.5996164383561642,0.0,0.5996164383561642,1.0,0.7903225806451613,9.92,8.857142857142858,0.0,0
store_0001,sku_00200,Pet,baseline_seasonal_naive,1.0783424657534246,0.0,1.0783424657534246,1.0,0.43946188340807174,17.84,15.928571428571429,0.0,0
store_0001,sku_00200,Pet,ML_95,0.5706027397260274,0.0,0.5706027397260274,1.0,0.8305084745762712,9.44,8.428571428571429,0.0,0
store_0001,sku_00200,Pet,ML_99,0.5706027397260274,0.0,0.5706027397260274,1.0,0.8305084745762712,9.44,8.428571428571429,0.0,0
store_0002,sku_00001,Dairy,baseline_rolling_mean,1.7164657534246575,18.189,19.905465753424657,0.9565217391304348,2.596774193548387,8.266666666666667,8.857142857142858,1.0,1
store_0002,sku_00001,Dairy,baseline_seasonal_naive,2.062527397260274,18.189,20.251527397260276,0.9565217391304348,2.161073825503356,9.933333333333334,10.642857142857142,1.0,1
store_0002,sku_00001,Dairy,ML_95,3.5990410958904113,18.189,21.78804109589041,0.9565217391304348,1.2384615384615383,17.333333333333336,18.571428571428573,1.0,1
store_0002,sku_00001,Dairy,ML_99,3.5990410958904113,18.189,21.78804109589041,0.9565217391304348,1.2384615384615383,17.333333333333336,18.571428571428573,1.0,1
store_0002,sku_00002,Automotive,baseline_rolling_mean,0.5740273972602741,0.0,0.5740273972602741,1.0,0.36082474226804123,12.516129032258064,13.857142857142858,0.0,0
store_0002,sku_00002,Automotive,baseline_seasonal_naive,0.7130958904109589,0.0,0.7130958904109589,1.0,0.2904564315352697,15.548387096774194,17.214285714285715,0.0,0
store_0002,sku_00002,Automotive,ML_95,0.5562739726027397,0.0,0.5562739726027397,1.0,0.3723404255319149,12.129032258064516,13.428571428571429,0.0,0
store_0002,sku_00002,Automotive,ML_99,0.5562739726027397,0.0,0.5562739726027397,1.0,0.3723404255319149,12.129032258064516,13.428571428571429,0.0,0
store_0002,sku_00003,Toys,baseline_rolling_mean,2.3147397260273967,0.0,2.3147397260273967,1.0,1.2457627118644068,8.74074074074074,16.857142857142858,0.0,0
store_0002,sku_00003,Toys,baseline_seasonal_naive,3.854630136986301,0.0,3.854630136986301,1.0,0.748091603053435,14.555555555555555,28.071428571428573,0.0,0
store_0002,sku_00003,Toys,ML_95,2.2068493150684927,0.0,2.2068493150684927,1.0,1.3066666666666666,8.333333333333334,16.071428571428573,0.0,0
store_0002,sku_00003,Toys,ML_99,2.2068493150684927,0.0,2.2068493150684927,1.0,1.3066666666666666,8.333333333333334,16.071428571428573,0.0,0
store_0002,sku_00004,Beverages,baseline_rolling_mean,0.22417808219178084,0.0,0.22417808219178084,1.0,3.2666666666666666,6.666666666666666,2.142857142857143,0.0,0
store_0002,sku_00004,Beverages,baseline_seasonal_naive,1.3525410958904112,0.0,1.3525410958904112,1.0,0.5414364640883977,40.22222222222222,12.928571428571429,0.0,0
store_0002,sku_00004,Beverages,ML_95,0.5156095890410959,9.819,10.334609589041097,0.8571428571428572,1.4202898550724636,15.333333333333332,4.928571428571429,1.0,1
store_0002,sku_00004,Beverages,ML_99,0.4483561643835617,0.0,0.4483561643835617,1.0,1.6333333333333333,13.333333333333332,4.285714285714286,0.0,0
store_0002,sku_00005,Apparel,baseline_rolling_mean,0.2337328767123287,0.0,0.2337328767123287,1.0,1.5384615384615385,9.578947368421051,6.5,0.0,0
store_0002,sku_00005,Apparel,baseline_seasonal_naive,0.3904109589041096,0.0,0.3904109589041096,1.0,0.9210526315789473,16.0,10.857142857142858,0.0,0
store_0002,sku_00005,Apparel,ML_95,0.20804794520547945,0.0,0.20804794520547945,1.0,1.7283950617283952,8.526315789473683,5.785714285714286,0.0,0
store_0002,sku_00005,Apparel,ML_99,0.20804794520547945,0.0,0.20804794520547945,1.0,1.7283950617283952,8.526315789473683,5.785714285714286,0.0,0
store_0002,sku_00006,Meat,baseline_rolling_mean,1.0732328767123285,0.0,1.0732328767123285,1.0,2.1162790697674416,6.88,6.142857142857143,0.0,0
store_0002,sku_00006,Meat,baseline_seasonal_naive,1.0981917808219175,0.0,1.0981917808219175,1.0,2.0681818181818183,7.039999999999999,6.285714285714286,0.0,0
store_0002,sku_00006,Meat,ML_95,1.0981917808219177,0.0,1.0981917808219177,1.0,2.0681818181818183,7.039999999999999,6.285714285714286,0.0,0
store_0002,sku_00006,Meat,ML_99,1.0981917808219177,0.0,1.0981917808219177,1.0,2.0681818181818183,7.039999999999999,6.285714285714286,0.0,0
store_0002,sku_00007,Office,baseline_rolling_mean,0.9007397260273973,0.0,0.9007397260273973,1.0,1.1666666666666667,9.454545454545453,11.142857142857142,0.0,0
store_0002,sku_00007,Office,baseline_seasonal_naive,0.9180616438356164,0.0,0.9180616438356164,1.0,1.1446540880503144,9.636363636363637,11.357142857142858,0.0,0
store_0002,sku_00007,Office,ML_95,0.8834178082191781,0.0,0.8834178082191781,1.0,1.1895424836601307,9.272727272727273,10.928571428571429,0.0,0
store_0002,sku_00007,Office,ML_99,0.8834178082191781,0.0,0.8834178082191781,1.0,1.1895424836601307,9.272727272727273,10.928571428571429,0.0,0
store_0002,sku_00008,Seasonal,baseline_rolling_mean,2.2190479452054794,0.0,2.2190479452054794,1.0,2.0,7.614035087719299,15.5,0.0,0
store_0002,sku_00008,Seasonal,baseline_seasonal_naive,1.9020410958904108,0.0,1.9020410958904108,1.0,2.333333333333333,6.526315789473685,13.285714285714286,0.0,0
store_0002,sku_00008,Seasonal,ML_95,2.004301369863014,13.437000000000001,15.441301369863016,0.967741935483871,2.2142857142857144,6.87719298245614,14.0,1.0,1
store_0002,sku_00008,Seasonal,ML_99,2.004301369863014,13.437000000000001,15.441301369863016,0.967741935483871,2.2142857142857144,6.87719298245614,14.0,1.0,1
store_0002,sku_00009,Beauty,baseline_rolling_mean,0.4368082191780822,0.0,0.4368082191780822,1.0,0.5185185185185185,10.8,3.857142857142857,0.0,0
store_0002,sku_00009,Beauty,baseline_seasonal_naive,0.8817054794520549,0.0,0.8817054794520549,1.0,0.25688073394495414,21.8,7.785714285714286,0.0,0
store_0002,sku_00009,Beauty,ML_95,0.4368082191780822,0.0,0.4368082191780822,1.0,0.5185185185185185,10.8,3.857142857142857,0.0,0
store_0002,sku_00009,Beauty,ML_99,0.4368082191780822,0.0,0.4368082191780822,1.0,0.5185185185185185,10.8,3.857142857142857,0.0,0
store_0002,sku_00010,Dairy,baseline_rolling_mean,5.217965753424659,0.0,5.217965753424659,1.0,1.1583924349881796,8.905263157894737,30.214285714285715,0.0,0
store_0002,sku_00010,Dairy,baseline_seasonal_naive,5.24263698630137,0.0,5.24263698630137,1.0,1.1529411764705881,8.947368421052632,30.357142857142858,0.0,0
store_0002,sku_00010,Dairy,ML_95,4.8232260273972605,0.0,4.8232260273972605,1.0,1.2531969309462916,8.23157894736842,27.928571428571427,0.0,0
store_0002,sku_00010,Dairy,ML_99,4.8232260273972605,0.0,4.8232260273972605,1.0,1.2531969309462916,8.23157894736842,27.928571428571427,0.0,0
store_0002,sku_00011,Bakery,baseline_rolling_mean,1.2335273972602738,0.0,1.2335273972602738,1.0,1.6331658291457285,8.40422322775264,15.307692307692308,0.0,0
store_0002,sku_00011,Bakery,baseline_seasonal_naive,2.0827397260273974,0.0,2.0827397260273974,1.0,0.9672619047619048,14.19004524886878,25.846153846153847,0.0,0
store_0002,sku_00011,Bakery,ML_95,0.9669863013698631,0.0,0.9669863013698631,1.0,2.0833333333333335,6.588235294117647,12.0,0.0,0
store_0002,sku_00011,Bakery,ML_99,0.9669863013698631,0.0,0.9669863013698631,1.0,2.0833333333333335,6.588235294117647,12.0,0.0,0
store_0002,sku_00012,Household,baseline_rolling_mean,1.8794246575342466,0.0,1.8794246575342466,1.0,1.4775725593667546,10.383561643835616,27.071428571428573,0.0,0
store_0002,sku_00012,Household,baseline_seasonal_naive,2.891041095890411,0.0,2.891041095890411,1.0,0.9605488850771869,15.972602739726028,41.642857142857146,0.0,0
store_0002,sku_00012,Household,ML_95,1.3587397260273972,19.548000000000002,20.9067397260274,0.925,2.043795620437956,7.506849315068494,19.571428571428573,3.0,1
store_0002,sku_00012,Household,ML_99,1.3587397260273972,19.548000000000002,20.9067397260274,0.925,2.043795620437956,7.506849315068494,19.571428571428573,3.0,1
store_0002,sku_00013,Automotive,baseline_rolling_mean,0.8385000000000001,0.0,0.8385000000000001,1.0,1.534246575342466,8.264150943396226,15.642857142857142,0.0,0
store_0002,sku_00013,Automotive,baseline_seasonal_naive,1.129486301369863,0.0,1.129486301369863,1.0,1.1389830508474574,11.132075471698114,21.071428571428573,0.0,0
store_0002,sku_00013,Automotive,ML_95,0.8385000000000001,0.0,0.8385000000000001,1.0,1.534246575342466,8.264150943396226,15.642857142857142,0.0,0
store_0002,sku_00013,Automotive,ML_99,0.8385000000000001,0.0,0.8385000000000001,1.0,1.534246575342466,8.264150943396226,15.642857142857142,0.0,0
store_0002,sku_00014,Home,baseline_rolling_mean,2.541616438356165,0.0,2.541616438356165,1.0,1.5784313725490196,9.488372093023255,14.571428571428571,0.0,0
store_0002,sku_00014,Home,baseline_seasonal_naive,3.25177397260274,0.0,3.25177397260274,1.0,1.2337164750957854,12.139534883720929,18.642857142857142,0.0,0
store_0002,sku_00014,Home,ML_95,1.5199863013698636,16.371,17.890986301369864,0.9565217391304348,2.639344262295082,5.674418604651162,8.714285714285714,1.0,1
store_0002,sku_00014,Home,ML_99,1.5199863013698636,16.371,17.890986301369864,0.9565217391304348,2.639344262295082,5.674418604651162,8.714285714285714,1.0,1
store_0002,sku_00015,Office,baseline_rolling_mean,0.7263356164383562,0.0,0.7263356164383562,1.0,1.3228346456692914,9.769230769230768,9.071428571428571,0.0,0
store_0002,sku_00015,Office,baseline_seasonal_naive,1.2868150684931507,0.0,1.2868150684931507,1.0,0.7466666666666666,17.30769230769231,16.071428571428573,0.0,0
store_0002,sku_00015,Office,ML_95,0.5833561643835615,0.0,0.5833561643835615,1.0,1.6470588235294117,7.846153846153846,7.285714285714286,0.0,0
store_0002,sku_00015,Office,ML_99,0.5833561643835615,0.0,0.5833561643835615,1.0,1.6470588235294117,7.846153846153846,7.285714285714286,0.0,0
store_0002,sku_00016,Office,baseline_rolling_mean,9.815000000000001,0.0,9.815000000000001,1.0,1.4278145695364237,9.320987654320989,53.92857142857143,0.0,0
store_0002,sku_00016,Office,baseline_seasonal_naive,15.535000000000002,0.0,15.535000000000002,1.0,0.902092050209205,14.753086419753087,85.35714285714286,0.0,0
store_0002,sku_00016,Office,ML_95,7.306,0.0,7.306,1.0,1.9181494661921707,6.938271604938272,40.142857142857146,0.0,0
store_0002,sku_00016,Office,ML_99,7.306,0.0,7.306,1.0,1.9181494661921707,6.938271604938272,40.142857142857146,0.0,0
store_0002,sku_00017,Meat,baseline_rolling_mean,2.1510000000000002,116.15400000000001,118.305,0.8333333333333334,3.452054794520548,6.083333333333334,5.214285714285714,3.0,2
store_0002,sku_00017,Meat,baseline_seasonal_naive,1.9742054794520552,0.0,1.9742054794520552,1.0,3.7611940298507465,5.583333333333334,4.785714285714286,0.0,0
store_0002,sku_00017,Meat,ML_95,5.009178082191781,38.718,43.727178082191784,0.9444444444444444,1.4823529411764707,14.166666666666666,12.142857142857142,1.0,1
store_0002,sku_00017,Meat,ML_99,5.009178082191781,38.718,43.727178082191784,0.9444444444444444,1.4823529411764707,14.166666666666666,12.142857142857142,1.0,1
store_0002,sku_00018,Beauty,baseline_rolling_mean,0.31269863013698623,0.0,0.31269863013698623,1.0,3.6666666666666665,6.0,3.0,0.0,0
store_0002,sku_00018,Beauty,baseline_seasonal_naive,0.5583904109589041,0.0,0.5583904109589041,1.0,2.0533333333333337,10.714285714285714,5.357142857142857,0.0,0
store_0002,sku_00018,Beauty,ML_95,0.6477328767123287,0.0,0.6477328767123287,1.0,1.7701149425287357,12.428571428571429,6.214285714285714,0.0,0
store_0002,sku_00018,Beauty,ML_99,0.6477328767123287,0.0,0.6477328767123287,1.0,1.7701149425287357,12.428571428571429,6.214285714285714,0.0,0
store_0002,sku_00019,Pet,baseline_rolling_mean,0.5274246575342465,5.022,5.549424657534247,0.9583333333333334,2.434782608695652,6.000000000000001,9.857142857142858,1.0,1
store_0002,sku_00019,Pet,baseline_seasonal_naive,1.0586712328767123,0.0,1.0586712328767123,1.0,1.212996389891697,12.043478260869565,19.785714285714285,0.0,0
store_0002,sku_00019,Pet,ML_95,0.7338082191780821,0.0,0.7338082191780821,1.0,1.75,8.347826086956522,13.714285714285714,0.0,0
store_0002,sku_00019,Pet,ML_99,0.7338082191780821,0.0,0.7338082191780821,1.0,1.75,8.347826086956522,13.714285714285714,0.0,0
store_0002,sku_00020,Pet,baseline_rolling_mean,0.9142191780821917,0.0,0.9142191780821917,1.0,1.6428571428571428,9.560975609756099,14.0,0.0,0
store_0002,sku_00020,Pet,baseline_seasonal_naive,1.1521027397260273,0.0,1.1521027397260273,1.0,1.3036437246963564,12.048780487804878,17.642857142857142,0.0,0
store_0002,sku_00020,Pet,ML_95,0.5923767123287671,12.258,12.850376712328766,0.9130434782608696,2.5354330708661417,6.195121951219512,9.071428571428571,2.0,1
store_0002,sku_00020,Pet,ML_99,0.5923767123287671,12.258,12.850376712328766,0.9130434782608696,2.5354330708661417,6.195121951219512,9.071428571428571,2.0,1
store_0002,sku_00021,Grocery,baseline_rolling_mean,4.61341095890411,0.0,4.61341095890411,1.0,3.1465798045602607,6.673913043478261,21.928571428571427,0.0,0
store_0002,sku_00021,Grocery,baseline_seasonal_naive,3.997287671232877,39.492,43.48928767123287,0.9710144927536232,3.6315789473684212,5.782608695652174,19.0,2.0,1
store_0002,sku_00021,Grocery,ML_95,7.483643835616439,39.492,46.97564383561644,0.9710144927536232,1.9397590361445785,10.826086956521738,35.57142857142857,2.0,1
store_0002,sku_00021,Grocery,ML_99,7.558780821917809,39.492,47.050780821917805,0.9710144927536232,1.9204771371769382,10.934782608695652,35.92857142857143,2.0,1
store_0002,sku_00022,Baby,baseline_rolling_mean,0.15493150684931503,0.0,0.15493150684931503,1.0,1.689655172413793,9.666666666666668,4.142857142857143,0.0,0
store_0002,sku_00022,Baby,baseline_seasonal_naive,0.7559589041095889,0.0,0.7559589041095889,1.0,0.34628975265017664,47.16666666666667,20.214285714285715,0.0,0
store_0002,sku_00022,Baby,ML_95,0.17095890410958903,0.0,0.17095890410958903,1.0,1.53125,10.666666666666666,4.571428571428571,0.0,0
store_0002,sku_00022,Baby,ML_99,0.17095890410958903,0.0,0.17095890410958903,1.0,1.53125,10.666666666666666,4.571428571428571,0.0,0
store_0002,sku_00023,Meat,baseline_rolling_mean,1.1588698630136987,0.0,1.1588698630136987,1.0,1.768421052631579,7.916666666666667,6.785714285714286,0.0,0
store_0002,sku_00023,Meat,baseline_seasonal_naive,2.01277397260274,0.0,2.01277397260274,1.0,1.018181818181818,13.750000000000002,11.785714285714286,0.0,0
store_0002,sku_00023,Meat,ML_95,0.9148972602739727,0.0,0.9148972602739727,1.0,2.24,6.25,5.357142857142857,0.0,0
store_0002,sku_00023,Meat,ML_99,0.9148972602739727,0.0,0.9148972602739727,1.0,2.24,6.25,5.357142857142857,0.0,0
store_0002,sku_00024,Seasonal,baseline_rolling_mean,3.7603767123287675,58.13100000000001,61.89137671232878,0.9538461538461538,3.568627450980392,6.375,18.214285714285715,3.0,1
store_0002,sku_00024,Seasonal,baseline_seasonal_naive,5.647938356164385,0.0,5.647938356164385,1.0,2.3759791122715406,9.575,27.357142857142858,0.0,0
store_0002,sku_00024,Seasonal,ML_95,7.034116438356165,96.88500000000002,103.91911643835618,0.9230769230769231,1.907756813417191,11.924999999999999,34.07142857142857,5.0,1
store_0002,sku_00024,Seasonal,ML_99,7.093102739726028,96.88500000000002,103.97810273972604,0.9230769230769231,1.891891891891892,12.024999999999999,34.357142857142854,5.0,1
store_0002,sku_00025,Home,baseline_rolling_mean,2.0588630136986303,53.04599999999999,55.10486301369862,0.9130434782608696,3.156862745098039,5.828571428571428,7.285714285714286,2.0,2
store_0002,sku_00025,Home,baseline_seasonal_naive,4.743458904109589,0.0,4.743458904109589,1.0,1.3702127659574468,13.428571428571427,16.785714285714285,0.0,0
store_0002,sku_00025,Home,ML_95,3.108479452054795,0.0,3.108479452054795,1.0,2.090909090909091,8.8,11.0,0.0,0
store_0002,sku_00025,Home,ML_99,3.108479452054795,0.0,3.108479452054795,1.0,2.090909090909091,8.8,11.0,0.0,0
store_0002,sku_00026,Garden,baseline_rolling_mean,7.341438356164384,0.0,7.341438356164384,1.0,1.7420814479638007,8.666666666666668,31.571428571428573,0.0,0
store_0002,sku_00026,Garden,baseline_seasonal_naive,9.085445205479454,0.0,9.085445205479454,1.0,1.4076782449725778,10.72549019607843,39.07142857142857,0.0,0
store_0002,sku_00026,Garden,ML_95,5.198801369863013,87.3,92.498801369863,0.9272727272727272,2.460063897763578,6.137254901960785,22.357142857142858,4.0,1
store_0002,sku_00026,Garden,ML_99,5.198801369863013,87.3,92.498801369863,0.9272727272727272,2.460063897763578,6.137254901960785,22.357142857142858,4.0,1
store_0002,sku_00027,Seasonal,baseline_rolling_mean,2.9132876712328764,0.0,2.9132876712328764,1.0,1.7568627450980392,7.391304347826087,18.214285714285715,0.0,0
store_0002,sku_00027,Seasonal,baseline_seasonal_naive,3.4502465753424656,0.0,3.4502465753424656,1.0,1.4834437086092713,8.753623188405797,21.571428571428573,0.0,0
store_0002,sku_00027,Seasonal,ML_95,2.787616438356164,0.0,2.787616438356164,1.0,1.836065573770492,7.0724637681159415,17.428571428571427,0.0,0
store_0002,sku_00027,Seasonal,ML_99,2.787616438356164,0.0,2.787616438356164,1.0,1.836065573770492,7.0724637681159415,17.428571428571427,0.0,0
store_0002,sku_00028,Beauty,baseline_rolling_mean,0.7315616438356163,0.0,0.7315616438356163,1.0,0.1346153846153846,13.866666666666667,7.428571428571429,0.0,0
store_0002,sku_00028,Beauty,baseline_seasonal_naive,1.0269999999999997,0.0,1.0269999999999997,1.0,0.0958904109589041,19.46666666666667,10.428571428571429,0.0,0
store_0002,sku_00028,Beauty,ML_95,0.7315616438356163,0.0,0.7315616438356163,1.0,0.1346153846153846,13.866666666666667,7.428571428571429,0.0,0
store_0002,sku_00028,Beauty,ML_99,0.7315616438356163,0.0,0.7315616438356163,1.0,0.1346153846153846,13.866666666666667,7.428571428571429,0.0,0
store_0002,sku_00029,Bakery,baseline_rolling_mean,0.8815890410958903,0.0,0.8815890410958903,1.0,1.8064516129032258,9.3,6.642857142857143,0.0,0
store_0002,sku_00029,Bakery,baseline_seasonal_naive,1.5546301369863014,0.0,1.5546301369863014,1.0,1.024390243902439,16.4,11.714285714285714,0.0,0
store_0002,sku_00029,Bakery,ML_95,0.8815890410958904,12.456,13.33758904109589,0.9166666666666666,1.8064516129032258,9.3,6.642857142857143,1.0,1
store_0002,sku_00029,Bakery,ML_99,0.8815890410958904,12.456,13.33758904109589,0.9166666666666666,1.8064516129032258,9.3,6.642857142857143,1.0,1
store_0002,sku_00030,Household,baseline_rolling_mean,0.45793150684931505,0.0,0.45793150684931505,1.0,4.03030303030303,6.6,4.714285714285714,0.0,0
store_0002,sku_00030,Household,baseline_seasonal_naive,0.8811712328767123,0.0,0.8811712328767123,1.0,2.0944881889763782,12.7,9.071428571428571,0.0,0
store_0002,sku_00030,Household,ML_95,1.0338150684931506,0.0,1.0338150684931506,1.0,1.7852348993288591,14.899999999999999,10.642857142857142,0.0,0
store_0002,sku_00030,Household,ML_99,1.0338150684931506,0.0,1.0338150684931506,1.0,1.7852348993288591,14.899999999999999,10.642857142857142,0.0,0
store_0002,sku_00031,Health,baseline_rolling_mean,0.9708219178082191,0.0,0.9708219178082191,1.0,1.2386058981233243,8.477272727272727,26.642857142857142,0.0,0
store_0002,sku_00031,Health,baseline_seasonal_naive,1.2415068493150685,0.0,1.2415068493150685,1.0,0.9685534591194969,10.84090909090909,34.07142857142857,0.0,0
store_0002,sku_00031,Health,ML_95,0.9708219178082191,0.0,0.9708219178082191,1.0,1.2386058981233243,8.477272727272727,26.642857142857142,0.0,0
store_0002,sku_00031,Health,ML_99,0.9708219178082191,0.0,0.9708219178082191,1.0,1.2386058981233243,8.477272727272727,26.642857142857142,0.0,0
store_0002,sku_00032,Garden,baseline_rolling_mean,2.3375890410958906,0.0,2.3375890410958906,1.0,1.8918918918918919,7.789473684210526,10.571428571428571,0.0,0
store_0002,sku_00032,Garden,baseline_seasonal_naive,2.8272191780821925,0.0,2.8272191780821925,1.0,1.5642458100558658,9.421052631578947,12.785714285714286,0.0,0
store_0002,sku_00032,Garden,ML_95,2.195438356164384,20.753999999999998,22.949438356164382,0.95,2.014388489208633,7.315789473684211,9.928571428571429,1.0,1
store_0002,sku_00032,Garden,ML_99,2.195438356164384,20.753999999999998,22.949438356164382,0.95,2.014388489208633,7.315789473684211,9.928571428571429,1.0,1
store_0002,sku_00033,Beauty,baseline_rolling_mean,0.4366506849315069,15.506999999999998,15.943650684931505,0.8333333333333334,2.27027027027027,8.222222222222221,2.642857142857143,1.0,1
store_0002,sku_00033,Beauty,baseline_seasonal_naive,2.065239726027398,0.0,2.065239726027398,1.0,0.48,38.888888888888886,12.5,0.0,0
store_0002,sku_00033,Beauty,ML_95,1.0739246575342467,0.0,1.0739246575342467,1.0,0.9230769230769231,20.22222222222222,6.5,0.0,0
store_0002,sku_00033,Beauty,ML_99,1.0739246575342467,0.0,1.0739246575342467,1.0,0.9230769230769231,20.22222222222222,6.5,0.0,0
store_0002,sku_00034,Dairy,baseline_rolling_mean,3.986794520547945,0.0,3.986794520547945,1.0,1.4810126582278482,9.816568047337277,18.23076923076923,0.0,0
store_0002,sku_00034,Dairy,baseline_seasonal_naive,6.425972602739726,0.0,6.425972602739726,1.0,0.918848167539267,15.822485207100591,29.384615384615383,0.0,0
store_0002,sku_00034,Dairy,ML_95,2.540109589041096,22.104,24.644109589041093,0.962962962962963,2.3245033112582782,6.2544378698224845,11.615384615384615,1.0,1
store_0002,sku_00034,Dairy,ML_99,2.540109589041096,22.104,24.644109589041093,0.962962962962963,2.3245033112582782,6.2544378698224845,11.615384615384615,1.0,1
store_0002,sku_00035,Pet,baseline_rolling_mean,5.309589041095891,0.0,5.309589041095891,1.0,1.1900000000000002,9.7165991902834,85.71428571428571,0.0,0
store_0002,sku_00035,Pet,baseline_seasonal_naive,7.521917808219177,0.0,7.521917808219177,1.0,0.84,13.765182186234819,121.42857142857143,0.0,0
store_0002,sku_00035,Pet,ML_95,4.1237808219178085,0.0,4.1237808219178085,1.0,1.5321888412017168,7.5465587044534415,66.57142857142857,0.0,0
store_0002,sku_00035,Pet,ML_99,4.1237808219178085,0.0,4.1237808219178085,1.0,1.5321888412017168,7.5465587044534415,66.57142857142857,0.0,0
store_0002,sku_00036,Office,baseline_rolling_mean,2.1695616438356167,0.0,2.1695616438356167,1.0,1.1067193675889326,9.92156862745098,18.071428571428573,0.0,0
store_0002,sku_00036,Office,baseline_seasonal_naive,3.8589041095890413,0.0,3.8589041095890413,1.0,0.6222222222222221,17.647058823529413,32.142857142857146,0.0,0
store_0002,sku_00036,Office,ML_95,1.7579452054794522,0.0,1.7579452054794522,1.0,1.3658536585365855,8.03921568627451,14.642857142857142,0.0,0
store_0002,sku_00036,Office,ML_99,1.7579452054794522,0.0,1.7579452054794522,1.0,1.3658536585365855,8.03921568627451,14.642857142857142,0.0,0
store_0002,sku_00037,Meat,baseline_rolling_mean,0.8884383561643835,0.0,0.8884383561643835,1.0,1.2537313432835822,10.307692307692307,4.785714285714286,0.0,0
store_0002,sku_00037,Meat,baseline_seasonal_naive,1.5116712328767121,0.0,1.5116712328767121,1.0,0.736842105263158,17.538461538461537,8.142857142857142,0.0,0
store_0002,sku_00037,Meat,ML_95,0.8884383561643835,0.0,0.8884383561643835,1.0,1.2537313432835822,10.307692307692307,4.785714285714286,0.0,0
store_0002,sku_00037,Meat,ML_99,0.8884383561643835,0.0,0.8884383561643835,1.0,1.2537313432835822,10.307692307692307,4.785714285714286,0.0,0
store_0002,sku_00038,Pet,baseline_rolling_mean,0.7504315068493153,0.0,0.7504315068493153,1.0,1.7401129943502827,8.428571428571429,12.642857142857142,0.0,0
store_0002,sku_00038,Pet,baseline_seasonal_naive,0.9454589041095891,0.0,0.9454589041095891,1.0,1.3811659192825112,10.619047619047619,15.928571428571429,0.0,0
store_0002,sku_00038,Pet,ML_95,0.8437054794520548,0.0,0.8437054794520548,1.0,1.5477386934673367,9.476190476190476,14.214285714285714,0.0,0
store_0002,sku_00038,Pet,ML_99,0.8437054794520548,0.0,0.8437054794520548,1.0,1.5477386934673367,9.476190476190476,14.214285714285714,0.0,0
store_0002,sku_00039,Produce,baseline_rolling_mean,3.046390410958905,0.0,3.046390410958905,1.0,1.8338658146964857,8.575342465753424,22.357142857142858,0.0,0
store_0002,sku_00039,Produce,baseline_seasonal_naive,3.9028835616438355,0.0,3.9028835616438355,1.0,1.43142144638404,10.986301369863014,28.642857142857142,0.0,0
store_0002,sku_00039,Produce,ML_95,2.4916164383561656,51.156,53.64761643835617,0.9024390243902439,2.2421875,7.013698630136986,18.285714285714285,4.0,1
store_0002,sku_00039,Produce,ML_99,2.4916164383561656,51.156,53.64761643835617,0.9024390243902439,2.2421875,7.013698630136986,18.285714285714285,4.0,1
store_0002,sku_00040,Home,baseline_rolling_mean,3.163438356164384,0.0,3.163438356164384,1.0,3.0246913580246915,6.75,11.571428571428571,0.0,0
store_0002,sku_00040,Home,baseline_seasonal_naive,3.8859520547945205,0.0,3.8859520547945205,1.0,2.462311557788945,8.291666666666666,14.214285714285714,0.0,0
store_0002,sku_00040,Home,ML_95,4.8037397260273975,25.659000000000002,30.4627397260274,0.9714285714285714,1.9918699186991868,10.250000000000002,17.571428571428573,1.0,1
store_0002,sku_00040,Home,ML_99,4.8037397260273975,25.659000000000002,30.4627397260274,0.9714285714285714,1.9918699186991868,10.250000000000002,17.571428571428573,1.0,1
store_0002,sku_00041,Pet,baseline_rolling_mean,0.6267397260273972,0.0,0.6267397260273972,1.0,1.9342105263157894,8.941176470588237,10.857142857142858,0.0,0
store_0002,sku_00041,Pet,baseline_seasonal_naive,0.4906712328767123,0.0,0.4906712328767123,1.0,2.4705882352941178,7.000000000000001,8.5,0.0,0
store_0002,sku_00041,Pet,ML_95,0.4989178082191781,10.835999999999999,11.334917808219176,0.9047619047619048,2.429752066115703,7.11764705882353,8.642857142857142,2.0,1
store_0002,sku_00041,Pet,ML_99,0.4989178082191781,10.835999999999999,11.334917808219176,0.9047619047619048,2.429752066115703,7.11764705882353,8.642857142857142,2.0,1
store_0002,sku_00042,Health,baseline_rolling_mean,0.6268493150684931,5.76,6.386849315068493,0.9615384615384616,2.545454545454546,6.651162790697674,10.214285714285714,1.0,1
store_0002,sku_00042,Health,baseline_seasonal_naive,1.8893150684931508,0.0,1.8893150684931508,1.0,0.8445475638051044,20.046511627906973,30.785714285714285,0.0,0
store_0002,sku_00042,Health,ML_95,0.7452054794520547,5.76,6.505205479452054,0.9615384615384616,2.1411764705882352,7.9069767441860455,12.142857142857142,1.0,1
store_0002,sku_00042,Health,ML_99,0.7452054794520547,5.76,6.505205479452054,0.9615384615384616,2.1411764705882352,7.9069767441860455,12.142857142857142,1.0,1
store_0002,sku_00043,Frozen,baseline_rolling_mean,1.2825821917808218,0.0,1.2825821917808218,1.0,2.1621621621621623,7.848484848484849,18.5,0.0,0
store_0002,sku_00043,Frozen,baseline_seasonal_naive,2.040246575342466,0.0,2.040246575342466,1.0,1.3592233009708738,12.484848484848484,29.428571428571427,0.0,0
store_0002,sku_00043,Frozen,ML_95,1.3568630136986302,13.014,14.37086301369863,0.95,2.043795620437956,8.303030303030303,19.571428571428573,2.0,1
store_0002,sku_00043,Frozen,ML_99,1.3568630136986302,13.014,14.37086301369863,0.95,2.043795620437956,8.303030303030303,19.571428571428573,2.0,1
store_0002,sku_00044,Electronics,baseline_rolling_mean,4.8002671232876715,0.0,4.8002671232876715,1.0,1.0350194552529182,11.953488372093023,18.357142857142858,0.0,0
store_0002,sku_00044,Electronics,baseline_seasonal_naive,5.491356164383562,0.0,5.491356164383562,1.0,0.9047619047619048,13.674418604651162,21.0,0.0,0
store_0002,sku_00044,Electronics,ML_95,2.3160821917808216,0.0,2.3160821917808216,1.0,2.1451612903225805,5.767441860465116,8.857142857142858,0.0,0
store_0002,sku_00044,Electronics,ML_99,2.3160821917808216,0.0,2.3160821917808216,1.0,2.1451612903225805,5.767441860465116,8.857142857142858,0.0,0
store_0002,sku_00045,Home,baseline_rolling_mean,3.6078767123287676,0.0,3.6078767123287676,1.0,1.3439999999999999,8.771929824561404,17.857142857142858,0.0,0
store_0002,sku_00045,Home,baseline_seasonal_naive,3.5645821917808225,0.0,3.5645821917808225,1.0,1.360323886639676,8.666666666666666,17.642857142857142,0.0,0
store_0002,sku_00045,Home,ML_95,3.01618493150685,0.0,3.01618493150685,1.0,1.6076555023923444,7.333333333333334,14.928571428571429,0.0,0
store_0002,sku_00045,Home,ML_99,3.01618493150685,0.0,3.01618493150685,1.0,1.6076555023923444,7.333333333333334,14.928571428571429,0.0,0
store_0002,sku_00046,Garden,baseline_rolling_mean,1.2432602739726026,0.0,1.2432602739726026,1.0,0.6086956521739131,23.0,6.571428571428571,0.0,0
store_0002,sku_00046,Garden,baseline_seasonal_naive,3.5135616438356165,0.0,3.5135616438356165,1.0,0.21538461538461537,65.00000000000001,18.571428571428573,0.0,0
store_0002,sku_00046,Garden,ML_95,0.6486575342465752,0.0,0.6486575342465752,1.0,1.1666666666666667,12.0,3.4285714285714284,0.0,0
store_0002,sku_00046,Garden,ML_99,0.6486575342465752,0.0,0.6486575342465752,1.0,1.1666666666666667,12.0,3.4285714285714284,0.0,0
store_0002,sku_00047,Household,baseline_rolling_mean,2.0550068493150686,0.0,2.0550068493150686,1.0,1.634517766497462,10.944444444444443,14.071428571428571,0.0,0
store_0002,sku_00047,Household,baseline_seasonal_naive,6.394513698630136,0.0,6.394513698630136,1.0,0.5252854812398042,34.05555555555555,43.785714285714285,0.0,0
store_0002,sku_00047,Household,ML_95,2.128027397260274,13.707,15.835027397260275,0.9565217391304348,1.5784313725490196,11.333333333333332,14.571428571428571,1.0,1
store_0002,sku_00047,Household,ML_99,2.128027397260274,13.707,15.835027397260275,0.9565217391304348,1.5784313725490196,11.333333333333332,14.571428571428571,1.0,1
store_0002,sku_00048,Meat,baseline_rolling_mean,0.9702534246575344,0.0,0.9702534246575344,1.0,1.826086956521739,11.500000000000002,4.928571428571429,0.0,0
store_0002,sku_00048,Meat,baseline_seasonal_naive,2.151431506849315,0.0,2.151431506849315,1.0,0.8235294117647058,25.500000000000004,10.928571428571429,0.0,0
store_0002,sku_00048,Meat,ML_95,1.0124383561643835,18.477,19.489438356164385,0.8888888888888888,1.7499999999999998,12.000000000000002,5.142857142857143,1.0,1
store_0002,sku_00048,Meat,ML_99,1.0124383561643835,18.477,19.489438356164385,0.8888888888888888,1.7499999999999998,12.000000000000002,5.142857142857143,1.0,1
store_0002,sku_00049,Toys,baseline_rolling_mean,0.13767123287671235,0.0,0.13767123287671235,1.0,1.4,10.0,0.7142857142857143,0.0,0
store_0002,sku_00049,Toys,baseline_seasonal_naive,0.027534246575342466,0.0,0.027534246575342466,1.0,7.0,2.0,0.14285714285714285,0.0,0
store_0002,sku_00049,Toys,ML_95,0.2202739726027398,0.0,0.2202739726027398,1.0,0.875,16.0,1.1428571428571428,0.0,0
store_0002,sku_00049,Toys,ML_99,0.2202739726027398,0.0,0.2202739726027398,1.0,0.875,16.0,1.1428571428571428,0.0,0
store_0002,sku_00050,Apparel,baseline_rolling_mean,0.5293150684931506,0.0,0.5293150684931506,1.0,1.4456521739130435,8.0,13.142857142857142,0.0,0
store_0002,sku_00050,Apparel,baseline_seasonal_naive,0.8457534246575342,0.0,0.8457534246575342,1.0,0.9047619047619048,12.782608695652174,21.0,0.0,0
store_0002,sku_00050,Apparel,ML_95,0.4861643835616438,0.0,0.4861643835616438,1.0,1.5739644970414202,7.3478260869565215,12.071428571428571,0.0,0
store_0002,sku_00050,Apparel,ML_99,0.4861643835616438,0.0,0.4861643835616438,1.0,1.5739644970414202,7.3478260869565215,12.071428571428571,0.0,0
store_0002,sku_00051,Seasonal,baseline_rolling_mean,5.381849315068494,0.0,5.381849315068494,1.0,1.28,10.9375,25.0,0.0,0
store_0002,sku_00051,Seasonal,baseline_seasonal_naive,5.889280821917808,0.0,5.889280821917808,1.0,1.1697127937336815,11.96875,27.357142857142858,0.0,0
store_0002,sku_00051,Seasonal,ML_95,3.229109589041096,0.0,3.229109589041096,1.0,2.1333333333333333,6.5625,15.0,0.0,0
store_0002,sku_00051,Seasonal,ML_99,3.229109589041096,0.0,3.229109589041096,1.0,2.1333333333333333,6.5625,15.0,0.0,0
store_0002,sku_00052,Dairy,baseline_rolling_mean,3.1946712328767126,0.0,3.1946712328767126,1.0,0.8828828828828829,9.652173913043478,15.857142857142858,0.0,0
store_0002,sku_00052,Dairy,baseline_seasonal_naive,3.8278493150684936,0.0,3.8278493150684936,1.0,0.7368421052631579,11.565217391304348,19.0,0.0,0
store_0002,sku_00052,Dairy,ML_95,3.065157534246576,0.0,3.065157534246576,1.0,0.9201877934272301,9.26086956521739,15.214285714285714,0.0,0
store_0002,sku_00052,Dairy,ML_99,3.065157534246576,0.0,3.065157534246576,1.0,0.9201877934272301,9.26086956521739,15.214285714285714,0.0,0
store_0002,sku_00053,Health,baseline_rolling_mean,0.5273630136986301,0.0,0.5273630136986301,1.0,2.705084745762712,7.662337662337663,21.071428571428573,0.0,0
store_0002,sku_00053,Health,baseline_seasonal_naive,0.7651232876712328,0.0,0.7651232876712328,1.0,1.8644859813084111,11.116883116883118,30.571428571428573,0.0,0
store_0002,sku_00053,Health,ML_95,0.6167465753424658,9.395999999999999,10.012746575342465,0.9298245614035088,2.3130434782608695,8.96103896103896,24.642857142857142,4.0,1
store_0002,sku_00053,Health,ML_99,0.6203219178082192,9.395999999999999,10.016321917808218,0.9298245614035088,2.2997118155619596,9.012987012987013,24.785714285714285,4.0,1
store_0002,sku_00054,Office,baseline_rolling_mean,1.0893150684931505,0.0,1.0893150684931505,1.0,0.7875,12.307692307692308,11.428571428571429,0.0,0
store_0002,sku_00054,Office,baseline_seasonal_naive,1.892684931506849,0.0,1.892684931506849,1.0,0.45323741007194246,21.384615384615383,19.857142857142858,0.0,0
store_0002,sku_00054,Office,ML_95,0.8033698630136985,0.0,0.8033698630136985,1.0,1.0677966101694916,9.076923076923077,8.428571428571429,0.0,0
store_0002,sku_00054,Office,ML_99,0.8033698630136985,0.0,0.8033698630136985,1.0,1.0677966101694916,9.076923076923077,8.428571428571429,0.0,0
store_0002,sku_00055,Toys,baseline_rolling_mean,0.9455,17.019,17.964499999999997,0.9230769230769231,2.4931506849315066,6.083333333333334,5.214285714285714,1.0,1
store_0002,sku_00055,Toys,baseline_seasonal_naive,2.3443219178082195,0.0,2.3443219178082195,1.0,1.005524861878453,15.083333333333334,12.928571428571429,0.0,0
store_0002,sku_00055,Toys,ML_95,1.5671986301369865,0.0,1.5671986301369865,1.0,1.5041322314049588,10.083333333333334,8.642857142857142,0.0,0
store_0002,sku_00055,Toys,ML_99,1.5671986301369865,0.0,1.5671986301369865,1.0,1.5041322314049588,10.083333333333334,8.642857142857142,0.0,0
store_0002,sku_00056,Household,baseline_rolling_mean,0.9705205479452055,0.0,0.9705205479452055,1.0,0.984375,11.636363636363637,9.142857142857142,0.0,0
store_0002,sku_00056,Household,baseline_seasonal_naive,1.7893972602739727,0.0,1.7893972602739727,1.0,0.5338983050847458,21.454545454545457,16.857142857142858,0.0,0
store_0002,sku_00056,Household,ML_95,0.6141575342465753,0.0,0.6141575342465753,1.0,1.5555555555555556,7.363636363636363,5.785714285714286,0.0,0
store_0002,sku_00056,Household,ML_99,0.6141575342465753,0.0,0.6141575342465753,1.0,1.5555555555555556,7.363636363636363,5.785714285714286,0.0,0
store_0002,sku_00057,Toys,baseline_rolling_mean,4.435616438356164,0.0,4.435616438356164,1.0,1.3299999999999998,9.090909090909092,28.571428571428573,0.0,0
store_0002,sku_00057,Toys,baseline_seasonal_naive,7.0969863013698635,0.0,7.0969863013698635,1.0,0.8312499999999999,14.545454545454547,45.714285714285715,0.0,0
store_0002,sku_00057,Toys,ML_95,3.2712671232876716,0.0,3.2712671232876716,1.0,1.8033898305084743,6.704545454545455,21.071428571428573,0.0,0
store_0002,sku_00057,Toys,ML_99,3.2712671232876716,0.0,3.2712671232876716,1.0,1.8033898305084743,6.704545454545455,21.071428571428573,0.0,0
store_0002,sku_00058,Toys,baseline_rolling_mean,1.180869863013699,0.0,1.180869863013699,1.0,1.801980198019802,8.416666666666668,7.214285714285714,0.0,0
store_0002,sku_00058,Toys,baseline_seasonal_naive,2.069445205479452,0.0,2.069445205479452,1.0,1.0282485875706215,14.75,12.642857142857142,0.0,0
store_0002,sku_00058,Toys,ML_95,0.8418082191780821,15.363,16.20480821917808,0.9230769230769231,2.5277777777777777,6.000000000000001,5.142857142857143,1.0,1
store_0002,sku_00058,Toys,ML_99,0.8418082191780821,15.363,16.20480821917808,0.9230769230769231,2.5277777777777777,6.000000000000001,5.142857142857143,1.0,1
store_0002,sku_00059,Beauty,baseline_rolling_mean,0.6360410958904108,0.0,0.6360410958904108,1.0,0.42424242424242425,18.857142857142858,4.714285714285714,0.0,0
store_0002,sku_00059,Beauty,baseline_seasonal_naive,0.7805958904109589,0.0,0.7805958904109589,1.0,0.345679012345679,23.142857142857142,5.785714285714286,0.0,0
store_0002,sku_00059,Beauty,ML_95,0.3565684931506849,0.0,0.3565684931506849,1.0,0.7567567567567568,10.571428571428571,2.642857142857143,0.0,0
store_0002,sku_00059,Beauty,ML_99,0.3565684931506849,0.0,0.3565684931506849,1.0,0.7567567567567568,10.571428571428571,2.642857142857143,0.0,0
store_0002,sku_00060,Automotive,baseline_rolling_mean,0.1235068493150685,11.591999999999999,11.715506849315068,0.8095238095238095,5.25,5.333333333333333,4.0,4.0,4
store_0002,sku_00060,Automotive,baseline_seasonal_naive,0.10586301369863016,8.693999999999999,8.79986301369863,0.8571428571428572,6.125,4.571428571428571,3.4285714285714284,3.0,3
store_0002,sku_00060,Automotive,ML_95,0.38595890410958916,2.8979999999999997,3.2839589041095887,0.9523809523809523,1.68,16.666666666666668,12.5,1.0,1
store_0002,sku_00060,Automotive,ML_99,0.38595890410958916,2.8979999999999997,3.2839589041095887,0.9523809523809523,1.68,16.666666666666668,12.5,1.0,1
store_0002,sku_00061,Beverages,baseline_rolling_mean,2.6147534246575352,0.0,2.6147534246575352,1.0,0.5077720207253885,14.296296296296298,13.785714285714286,0.0,0
store_0002,sku_00061,Beverages,baseline_seasonal_naive,3.6037534246575347,0.0,3.6037534246575347,1.0,0.3684210526315789,19.703703703703702,19.0,0.0,0
store_0002,sku_00061,Beverages,ML_95,2.0457397260273975,0.0,2.0457397260273975,1.0,0.6490066225165563,11.185185185185185,10.785714285714286,0.0,0
store_0002,sku_00061,Beverages,ML_99,2.0457397260273975,0.0,2.0457397260273975,1.0,0.6490066225165563,11.185185185185185,10.785714285714286,0.0,0
store_0002,sku_00062,Frozen,baseline_rolling_mean,0.4104657534246575,0.0,0.4104657534246575,1.0,1.4848484848484849,8.380952380952381,18.857142857142858,0.0,0
store_0002,sku_00062,Frozen,baseline_seasonal_naive,0.4944246575342466,0.0,0.4944246575342466,1.0,1.2327044025157232,10.095238095238095,22.714285714285715,0.0,0
store_0002,sku_00062,Frozen,ML_95,0.38869863013698636,0.0,0.38869863013698636,1.0,1.568,7.936507936507937,17.857142857142858,0.0,0
store_0002,sku_00062,Frozen,ML_99,0.38869863013698636,0.0,0.38869863013698636,1.0,1.568,7.936507936507937,17.857142857142858,0.0,0
store_0002,sku_00063,Home,baseline_rolling_mean,2.241287671232876,0.0,2.241287671232876,1.0,1.9850746268656716,7.243243243243243,9.571428571428571,0.0,0
store_0002,sku_00063,Home,baseline_seasonal_naive,4.1313287671232874,0.0,4.1313287671232874,1.0,1.0769230769230769,13.35135135135135,17.642857142857142,0.0,0
store_0002,sku_00063,Home,ML_95,2.040575342465753,0.0,2.040575342465753,1.0,2.180327868852459,6.594594594594594,8.714285714285714,0.0,0
store_0002,sku_00063,Home,ML_99,2.040575342465753,0.0,2.040575342465753,1.0,2.180327868852459,6.594594594594594,8.714285714285714,0.0,0
store_0002,sku_00064,Apparel,baseline_rolling_mean,0.507945205479452,0.0,0.507945205479452,1.0,1.9029126213592233,7.9230769230769225,7.357142857142857,0.0,0
store_0002,sku_00064,Apparel,baseline_seasonal_naive,0.932054794520548,0.0,0.932054794520548,1.0,1.037037037037037,14.538461538461538,13.5,0.0,0
store_0002,sku_00064,Apparel,ML_95,0.3501369863013699,6.48,6.830136986301371,0.9285714285714286,2.7605633802816905,5.461538461538461,5.071428571428571,1.0,1
store_0002,sku_00064,Apparel,ML_99,0.3501369863013699,6.48,6.830136986301371,0.9285714285714286,2.7605633802816905,5.461538461538461,5.071428571428571,1.0,1
store_0002,sku_00065,Produce,baseline_rolling_mean,3.249246575342466,0.0,3.249246575342466,1.0,1.9521912350597612,7.9682539682539675,17.928571428571427,0.0,0
store_0002,sku_00065,Produce,baseline_seasonal_naive,4.932123287671232,0.0,4.932123287671232,1.0,1.2860892388451444,12.095238095238095,27.214285714285715,0.0,0
store_0002,sku_00065,Produce,ML_95,4.246027397260273,0.0,4.246027397260273,1.0,1.4939024390243902,10.412698412698411,23.428571428571427,0.0,0
store_0002,sku_00065,Produce,ML_99,4.246027397260273,0.0,4.246027397260273,1.0,1.4939024390243902,10.412698412698411,23.428571428571427,0.0,0
store_0002,sku_00066,Toys,baseline_rolling_mean,5.9308287671232875,14.247,20.177828767123287,0.9919354838709677,2.9469835466179157,7.0548134500230315,42.07692307692308,1.0,1
store_0002,sku_00066,Toys,baseline_seasonal_naive,5.68145205479452,185.211,190.89245205479455,0.8951612903225806,3.0763358778625953,6.758175955780746,40.30769230769231,13.0,3
store_0002,sku_00066,Toys,ML_95,11.959239726027397,0.0,11.959239726027397,1.0,1.4614687216681779,14.225702441271302,84.84615384615384,0.0,0
store_0002,sku_00066,Toys,ML_99,11.959239726027397,0.0,11.959239726027397,1.0,1.4614687216681779,14.225702441271302,84.84615384615384,0.0,0
store_0002,sku_00067,Meat,baseline_rolling_mean,0.7586986301369861,0.0,0.7586986301369861,1.0,1.3263157894736843,7.916666666666667,6.785714285714286,0.0,0
store_0002,sku_00067,Meat,baseline_seasonal_naive,0.9583561643835616,0.0,0.9583561643835616,1.0,1.05,10.0,8.571428571428571,0.0,0
store_0002,sku_00067,Meat,ML_95,0.734739726027397,0.0,0.734739726027397,1.0,1.3695652173913044,7.666666666666667,6.571428571428571,0.0,0
store_0002,sku_00067,Meat,ML_99,0.734739726027397,0.0,0.734739726027397,1.0,1.3695652173913044,7.666666666666667,6.571428571428571,0.0,0
store_0002,sku_00068,Toys,baseline_rolling_mean,5.685657534246576,0.0,5.685657534246576,1.0,0.7146171693735499,13.06060606060606,30.785714285714285,0.0,0
store_0002,sku_00068,Toys,baseline_seasonal_naive,9.761917808219179,0.0,9.761917808219179,1.0,0.41621621621621624,22.424242424242422,52.857142857142854,0.0,0
store_0002,sku_00068,Toys,ML_95,4.115835616438356,0.0,4.115835616438356,1.0,0.9871794871794872,9.454545454545453,22.285714285714285,0.0,0
store_0002,sku_00068,Toys,ML_99,4.115835616438356,0.0,4.115835616438356,1.0,0.9871794871794872,9.454545454545453,22.285714285714285,0.0,0
store_0002,sku_00069,Grocery,baseline_rolling_mean,0.33045205479452044,78.948,79.27845205479451,0.5,4.7272727272727275,6.769230769230769,1.6923076923076923,4.0,2
store_0002,sku_00069,Grocery,baseline_seasonal_naive,0.2703698630136986,78.948,79.21836986301369,0.5,5.777777777777778,5.538461538461538,1.3846153846153846,4.0,2
store_0002,sku_00069,Grocery,ML_95,0.7360068493150685,0.0,0.7360068493150685,1.0,2.122448979591837,15.076923076923077,3.769230769230769,0.0,0
store_0002,sku_00069,Grocery,ML_99,0.7360068493150685,0.0,0.7360068493150685,1.0,2.122448979591837,15.076923076923077,3.769230769230769,0.0,0
store_0002,sku_00070,Office,baseline_rolling_mean,0.9250273972602739,0.0,0.9250273972602739,1.0,1.2240437158469946,9.384615384615385,13.071428571428571,0.0,0
store_0002,sku_00070,Office,baseline_seasonal_naive,1.101945205479452,0.0,1.101945205479452,1.0,1.0275229357798166,11.17948717948718,15.571428571428571,0.0,0
store_0002,sku_00070,Office,ML_95,0.8441506849315068,0.0,0.8441506849315068,1.0,1.341317365269461,8.564102564102564,11.928571428571429,0.0,0
store_0002,sku_00070,Office,ML_99,0.8441506849315068,0.0,0.8441506849315068,1.0,1.341317365269461,8.564102564102564,11.928571428571429,0.0,0
store_0002,sku_00071,Office,baseline_rolling_mean,1.0985958904109587,0.0,1.0985958904109587,1.0,1.3873873873873874,9.25,7.928571428571429,0.0,0
store_0002,sku_00071,Office,baseline_seasonal_naive,1.148082191780822,0.0,1.148082191780822,1.0,1.3275862068965516,9.666666666666668,8.285714285714286,0.0,0
store_0002,sku_00071,Office,ML_95,0.8016780821917809,0.0,0.8016780821917809,1.0,1.9012345679012346,6.75,5.785714285714286,0.0,0
store_0002,sku_00071,Office,ML_99,0.8016780821917809,0.0,0.8016780821917809,1.0,1.9012345679012346,6.75,5.785714285714286,0.0,0
store_0002,sku_00072,Office,baseline_rolling_mean,1.6801027397260273,0.0,1.6801027397260273,1.0,0.649789029535865,11.560975609756097,16.928571428571427,0.0,0
store_0002,sku_00072,Office,baseline_seasonal_naive,2.027465753424658,0.0,2.027465753424658,1.0,0.5384615384615385,13.951219512195122,20.428571428571427,0.0,0
store_0002,sku_00072,Office,ML_95,1.6801027397260273,0.0,1.6801027397260273,1.0,0.649789029535865,11.560975609756097,16.928571428571427,0.0,0
store_0002,sku_00072,Office,ML_99,1.6801027397260273,0.0,1.6801027397260273,1.0,0.649789029535865,11.560975609756097,16.928571428571427,0.0,0
store_0002,sku_00073,Home,baseline_rolling_mean,2.160924657534247,0.0,2.160924657534247,1.0,2.5040650406504064,6.833333333333333,8.785714285714286,0.0,0
store_0002,sku_00073,Home,baseline_seasonal_naive,2.9690753424657537,0.0,2.9690753424657537,1.0,1.8224852071005917,9.388888888888888,12.071428571428571,0.0,0
store_0002,sku_00073,Home,ML_95,3.0744863013698636,0.0,3.0744863013698636,1.0,1.76,9.722222222222221,12.5,0.0,0
store_0002,sku_00073,Home,ML_99,3.0744863013698636,0.0,3.0744863013698636,1.0,1.76,9.722222222222221,12.5,0.0,0
store_0002,sku_00074,Pet,baseline_rolling_mean,0.44521232876712324,0.0,0.44521232876712324,1.0,1.9858156028368794,7.621621621621622,10.071428571428571,0.0,0
store_0002,sku_00074,Pet,baseline_seasonal_naive,0.5841438356164383,0.0,0.5841438356164383,1.0,1.5135135135135136,10.0,13.214285714285714,0.0,0
store_0002,sku_00074,Pet,ML_95,0.36311643835616436,4.149,4.5121164383561645,0.95,2.4347826086956523,6.216216216216216,8.214285714285714,1.0,1
store_0002,sku_00074,Pet,ML_99,0.36311643835616436,4.149,4.5121164383561645,0.95,2.4347826086956523,6.216216216216216,8.214285714285714,1.0,1
store_0002,sku_00075,Seasonal,baseline_rolling_mean,3.370027397260274,0.0,3.370027397260274,1.0,1.0320512820512822,9.6,22.285714285714285,0.0,0
store_0002,sku_00075,Seasonal,baseline_seasonal_naive,3.910095890410959,0.0,3.910095890410959,1.0,0.8895027624309392,11.138461538461538,25.857142857142858,0.0,0
store_0002,sku_00075,Seasonal,ML_95,3.370027397260274,0.0,3.370027397260274,1.0,1.0320512820512822,9.6,22.285714285714285,0.0,0
store_0002,sku_00075,Seasonal,ML_99,3.370027397260274,0.0,3.370027397260274,1.0,1.0320512820512822,9.6,22.285714285714285,0.0,0
store_0002,sku_00076,Beverages,baseline_rolling_mean,0.3487808219178082,0.0,0.3487808219178082,1.0,6.7407407407407405,4.5,1.9285714285714286,0.0,0
store_0002,sku_00076,Beverages,baseline_seasonal_naive,0.5813013698630137,0.0,0.5813013698630137,1.0,4.044444444444444,7.500000000000001,3.2142857142857144,0.0,0
store_0002,sku_00076,Beverages,ML_95,0.8784109589041095,0.0,0.8784109589041095,1.0,2.6764705882352944,11.333333333333334,4.857142857142857,0.0,0
store_0002,sku_00076,Beverages,ML_99,0.8784109589041095,0.0,0.8784109589041095,1.0,2.6764705882352944,11.333333333333334,4.857142857142857,0.0,0
store_0002,sku_00077,Office,baseline_rolling_mean,1.930794520547945,0.0,1.930794520547945,1.0,1.194312796208531,10.549999999999999,15.071428571428571,0.0,0
store_0002,sku_00077,Office,baseline_seasonal_naive,2.6719999999999997,0.0,2.6719999999999997,1.0,0.863013698630137,14.6,20.857142857142858,0.0,0
store_0002,sku_00077,Office,ML_95,1.18958904109589,0.0,1.18958904109589,1.0,1.9384615384615382,6.5,9.285714285714286,0.0,0
store_0002,sku_00077,Office,ML_99,1.18958904109589,0.0,1.18958904109589,1.0,1.9384615384615382,6.5,9.285714285714286,0.0,0
store_0002,sku_00078,Electronics,baseline_rolling_mean,4.384493150684931,0.0,4.384493150684931,1.0,1.3043478260869565,8.944444444444445,11.5,0.0,0
store_0002,sku_00078,Electronics,baseline_seasonal_naive,7.434575342465752,0.0,7.434575342465752,1.0,0.7692307692307693,15.166666666666666,19.5,0.0,0
store_0002,sku_00078,Electronics,ML_95,2.7505205479452055,0.0,2.7505205479452055,1.0,2.0792079207920793,5.611111111111111,7.214285714285714,0.0,0
store_0002,sku_00078,Electronics,ML_99,2.7505205479452055,0.0,2.7505205479452055,1.0,2.0792079207920793,5.611111111111111,7.214285714285714,0.0,0
store_0002,sku_00079,Pet,baseline_rolling_mean,1.3901369863013697,0.0,1.3901369863013697,1.0,1.1271186440677965,10.260869565217392,16.857142857142858,0.0,0
store_0002,sku_00079,Pet,baseline_seasonal_naive,2.15,0.0,2.15,1.0,0.7287671232876712,15.869565217391306,26.071428571428573,0.0,0
store_0002,sku_00079,Pet,ML_95,0.9012328767123289,0.0,0.9012328767123289,1.0,1.738562091503268,6.6521739130434785,10.928571428571429,0.0,0
store_0002,sku_00079,Pet,ML_99,0.9012328767123289,0.0,0.9012328767123289,1.0,1.738562091503268,6.6521739130434785,10.928571428571429,0.0,0
store_0002,sku_00080,Baby,baseline_rolling_mean,0.1631575342465753,10.457999999999998,10.621157534246574,0.8571428571428572,4.7804878048780495,7.454545454545454,2.9285714285714284,2.0,2
store_0002,sku_00080,Baby,baseline_seasonal_naive,0.23478767123287672,15.686999999999998,15.921787671232874,0.7857142857142857,3.3220338983050848,10.727272727272728,4.214285714285714,3.0,3
store_0002,sku_00080,Baby,ML_95,0.38600684931506846,5.228999999999999,5.615006849315067,0.9285714285714286,2.020618556701031,17.636363636363637,6.928571428571429,1.0,1
store_0002,sku_00080,Baby,ML_99,0.38600684931506846,5.228999999999999,5.615006849315067,0.9285714285714286,2.020618556701031,17.636363636363637,6.928571428571429,1.0,1
store_0002,sku_00081,Electronics,baseline_rolling_mean,0.19125342465753428,0.0,0.19125342465753428,1.0,4.0,7.0,0.5,0.0,0
store_0002,sku_00081,Electronics,baseline_seasonal_naive,1.1748424657534247,35.901,37.075842465753425,0.5,0.6511627906976744,43.00000000000001,3.0714285714285716,1.0,1
store_0002,sku_00081,Electronics,ML_95,0.5191164383561645,0.0,0.5191164383561645,1.0,1.4736842105263157,19.000000000000004,1.3571428571428572,0.0,0
store_0002,sku_00081,Electronics,ML_99,0.5191164383561645,0.0,0.5191164383561645,1.0,1.4736842105263157,19.000000000000004,1.3571428571428572,0.0,0
store_0002,sku_00082,Grocery,baseline_rolling_mean,10.409767123287669,0.0,10.409767123287669,1.0,0.8169014084507042,9.94,71.0,0.0,0
store_0002,sku_00082,Grocery,baseline_seasonal_naive,16.714273972602737,0.0,16.714273972602737,1.0,0.5087719298245614,15.959999999999999,114.0,0.0,0
store_0002,sku_00082,Grocery,ML_95,9.551013698630134,0.0,9.551013698630134,1.0,0.8903508771929826,9.12,65.14285714285714,0.0,0
store_0002,sku_00082,Grocery,ML_99,9.551013698630134,0.0,9.551013698630134,1.0,0.8903508771929826,9.12,65.14285714285714,0.0,0
store_0002,sku_00083,Produce,baseline_rolling_mean,2.0578150684931504,296.055,298.11281506849315,0.7692307692307692,6.642335766423357,4.80701754385965,9.785714285714286,15.0,4
store_0002,sku_00083,Produce,baseline_seasonal_naive,3.574890410958904,39.474,43.048890410958904,0.9692307692307692,3.823529411764706,8.350877192982457,17.0,2.0,1
store_0002,sku_00083,Produce,ML_95,4.986821917808218,39.474,44.46082191780822,0.9692307692307692,2.7409638554216866,11.649122807017545,23.714285714285715,2.0,1
store_0002,sku_00083,Produce,ML_99,5.076945205479451,39.474,44.55094520547945,0.9692307692307692,2.6923076923076925,11.859649122807019,24.142857142857142,2.0,1
store_0002,sku_00084,Frozen,baseline_rolling_mean,1.5449041095890412,0.0,1.5449041095890412,1.0,0.6375711574952562,11.977272727272728,37.642857142857146,0.0,0
store_0002,sku_00084,Frozen,baseline_seasonal_naive,2.79372602739726,0.0,2.79372602739726,1.0,0.35257082896117525,21.65909090909091,68.07142857142857,0.0,0
store_0002,sku_00084,Frozen,ML_95,1.3338356164383562,0.0,1.3338356164383562,1.0,0.7384615384615385,10.340909090909092,32.5,0.0,0
store_0002,sku_00084,Frozen,ML_99,1.3338356164383562,0.0,1.3338356164383562,1.0,0.7384615384615385,10.340909090909092,32.5,0.0,0
store_0002,sku_00085,Produce,baseline_rolling_mean,12.828794520547946,0.0,12.828794520547946,1.0,1.2317880794701987,8.422310756972113,75.5,0.0,0
store_0002,sku_00085,Produce,baseline_seasonal_naive,16.397068493150684,0.0,16.397068493150684,1.0,0.9637305699481865,10.764940239043826,96.5,0.0,0
store_0002,sku_00085,Produce,ML_95,12.828794520547946,0.0,12.828794520547946,1.0,1.2317880794701987,8.422310756972113,75.5,0.0,0
store_0002,sku_00085,Produce,ML_99,12.828794520547946,0.0,12.828794520547946,1.0,1.2317880794701987,8.422310756972113,75.5,0.0,0
store_0002,sku_00086,Household,baseline_rolling_mean,0.5781643835616438,0.0,0.5781643835616438,1.0,1.9361702127659575,7.833333333333334,6.714285714285714,0.0,0
store_0002,sku_00086,Household,baseline_seasonal_naive,1.0948219178082195,0.0,1.0948219178082195,1.0,1.0224719101123596,14.833333333333334,12.714285714285714,0.0,0
store_0002,sku_00086,Household,ML_95,0.49820547945205484,8.082,8.580205479452056,0.9230769230769231,2.246913580246914,6.75,5.785714285714286,1.0,1
store_0002,sku_00086,Household,ML_99,0.49820547945205484,8.082,8.580205479452056,0.9230769230769231,2.246913580246914,6.75,5.785714285714286,1.0,1
store_0002,sku_00087,Home,baseline_rolling_mean,5.115849315068494,0.0,5.115849315068494,1.0,1.5483870967741935,12.055555555555555,15.5,0.0,0
store_0002,sku_00087,Home,baseline_seasonal_naive,5.940986301369863,0.0,5.940986301369863,1.0,1.3333333333333333,13.999999999999998,18.0,0.0,0
store_0002,sku_00087,Home,ML_95,5.422328767123288,30.978,36.40032876712329,0.9583333333333334,1.4608695652173915,12.777777777777775,16.428571428571427,1.0,1
store_0002,sku_00087,Home,ML_99,5.422328767123288,30.978,36.40032876712329,0.9583333333333334,1.4608695652173915,12.777777777777775,16.428571428571427,1.0,1
store_0002,sku_00088,Home,baseline_rolling_mean,1.3234794520547948,0.0,1.3234794520547948,1.0,2.0388349514563107,7.629629629629629,7.357142857142857,0.0,0
store_0002,sku_00088,Home,baseline_seasonal_naive,2.261479452054795,0.0,2.261479452054795,1.0,1.1931818181818181,13.037037037037036,12.571428571428571,0.0,0
store_0002,sku_00088,Home,ML_95,1.0279452054794522,16.884,17.91194520547945,0.9333333333333333,2.625,5.925925925925926,5.714285714285714,1.0,1
store_0002,sku_00088,Home,ML_99,1.0279452054794522,16.884,17.91194520547945,0.9333333333333333,2.625,5.925925925925926,5.714285714285714,1.0,1
store_0002,sku_00089,Pet,baseline_rolling_mean,7.831849315068493,0.0,7.831849315068493,1.0,2.451178451178451,6.400862068965517,106.07142857142857,0.0,0
store_0002,sku_00089,Pet,baseline_seasonal_naive,8.733698630136985,0.0,8.733698630136985,1.0,2.1980676328502415,7.137931034482758,118.28571428571429,0.0,0
store_0002,sku_00089,Pet,ML_95,10.690342465753425,0.0,10.690342465753425,1.0,1.7957572767636902,8.73706896551724,144.78571428571428,0.0,0
store_0002,sku_00089,Pet,ML_99,10.700890410958904,0.0,10.700890410958904,1.0,1.7939871858058158,8.745689655172413,144.92857142857142,0.0,0
store_0002,sku_00090,Automotive,baseline_rolling_mean,0.32200000000000006,0.0,0.32200000000000006,1.0,0.2608695652173913,13.416666666666668,11.5,0.0,0
store_0002,sku_00090,Automotive,baseline_seasonal_naive,0.938,0.0,0.938,1.0,0.08955223880597014,39.083333333333336,33.5,0.0,0
store_0002,sku_00090,Automotive,ML_95,0.32200000000000006,0.0,0.32200000000000006,1.0,0.2608695652173913,13.416666666666668,11.5,0.0,0
store_0002,sku_00090,Automotive,ML_99,0.32200000000000006,0.0,0.32200000000000006,1.0,0.2608695652173913,13.416666666666668,11.5,0.0,0
store_0002,sku_00091,Electronics,baseline_rolling_mean,4.6082465753424655,0.0,4.6082465753424655,1.0,1.696969696969697,8.608695652173912,14.142857142857142,0.0,0
store_0002,sku_00091,Electronics,baseline_seasonal_naive,7.63386301369863,0.0,7.63386301369863,1.0,1.024390243902439,14.26086956521739,23.428571428571427,0.0,0
store_0002,sku_00091,Electronics,ML_95,3.1652602739726032,30.581999999999997,33.7472602739726,0.9583333333333334,2.4705882352941178,5.913043478260869,9.714285714285714,1.0,1
store_0002,sku_00091,Electronics,ML_99,3.1652602739726032,30.581999999999997,33.7472602739726,0.9583333333333334,2.4705882352941178,5.913043478260869,9.714285714285714,1.0,1
store_0002,sku_00092,Dairy,baseline_rolling_mean,5.126684931506849,0.0,5.126684931506849,1.0,1.4085365853658538,9.37142857142857,23.428571428571427,0.0,0
store_0002,sku_00092,Dairy,baseline_seasonal_naive,11.284958904109589,0.0,11.284958904109589,1.0,0.6398891966759003,20.628571428571426,51.57142857142857,0.0,0
store_0002,sku_00092,Dairy,ML_95,3.1416575342465753,0.0,3.1416575342465753,1.0,2.298507462686567,5.742857142857143,14.357142857142858,0.0,0
store_0002,sku_00092,Dairy,ML_99,3.1416575342465753,0.0,3.1416575342465753,1.0,2.298507462686567,5.742857142857143,14.357142857142858,0.0,0
store_0002,sku_00093,Office,baseline_rolling_mean,2.6394246575342466,0.0,2.6394246575342466,1.0,1.715686274509804,8.326530612244898,14.571428571428571,0.0,0
store_0002,sku_00093,Office,baseline_seasonal_naive,4.075582191780821,0.0,4.075582191780821,1.0,1.1111111111111112,12.857142857142858,22.5,0.0,0
store_0002,sku_00093,Office,ML_95,1.746678082191781,0.0,1.746678082191781,1.0,2.5925925925925926,5.5102040816326525,9.642857142857142,0.0,0
store_0002,sku_00093,Office,ML_99,1.746678082191781,0.0,1.746678082191781,1.0,2.5925925925925926,5.5102040816326525,9.642857142857142,0.0,0
store_0002,sku_00094,Electronics,baseline_rolling_mean,5.082109589041096,0.0,5.082109589041096,1.0,1.473684210526316,9.148148148148147,17.642857142857142,0.0,0
store_0002,sku_00094,Electronics,baseline_seasonal_naive,6.913315068493151,0.0,6.913315068493151,1.0,1.0833333333333333,12.444444444444445,24.0,0.0,0
store_0002,sku_00094,Electronics,ML_95,4.300246575342466,0.0,4.300246575342466,1.0,1.7416267942583732,7.7407407407407405,14.928571428571429,0.0,0
store_0002,sku_00094,Electronics,ML_99,4.300246575342466,0.0,4.300246575342466,1.0,1.7416267942583732,7.7407407407407405,14.928571428571429,0.0,0
store_0002,sku_00095,Apparel,baseline_rolling_mean,0.6071301369863014,0.0,0.6071301369863014,1.0,1.9502487562189055,9.80487804878049,14.357142857142858,0.0,0
store_0002,sku_00095,Apparel,baseline_seasonal_naive,0.8246095890410959,0.0,0.8246095890410959,1.0,1.435897435897436,13.317073170731708,19.5,0.0,0
store_0002,sku_00095,Apparel,ML_95,0.4591232876712329,7.938,8.397123287671233,0.9285714285714286,2.5789473684210527,7.414634146341465,10.857142857142858,2.0,1
store_0002,sku_00095,Apparel,ML_99,0.4591232876712329,7.938,8.397123287671233,0.9285714285714286,2.5789473684210527,7.414634146341465,10.857142857142858,2.0,1
store_0002,sku_00096,Electronics,baseline_rolling_mean,3.1423424657534245,108.09,111.23234246575343,0.8717948717948718,2.8586387434554976,6.262295081967213,13.642857142857142,5.0,3
store_0002,sku_00096,Electronics,baseline_seasonal_naive,3.8333287671232874,0.0,3.8333287671232874,1.0,2.343347639484979,7.639344262295082,16.642857142857142,0.0,0
store_0002,sku_00096,Electronics,ML_95,5.511438356164383,21.618,27.129438356164382,0.9743589743589743,1.629850746268657,10.98360655737705,23.928571428571427,1.0,1
store_0002,sku_00096,Electronics,ML_99,5.511438356164383,21.618,27.129438356164382,0.9743589743589743,1.629850746268657,10.98360655737705,23.928571428571427,1.0,1
store_0002,sku_00097,Electronics,baseline_rolling_mean,1.7871506849315069,63.467999999999996,65.25515068493151,0.8666666666666667,2.8378378378378377,8.969696969696969,10.571428571428571,4.0,2
store_0002,sku_00097,Electronics,baseline_seasonal_naive,2.270164383561644,79.335,81.60516438356164,0.8333333333333334,2.234042553191489,11.393939393939394,13.428571428571429,5.0,2
store_0002,sku_00097,Electronics,ML_95,2.958458904109589,15.866999999999999,18.82545890410959,0.9666666666666667,1.7142857142857142,14.848484848484848,17.5,1.0,1
store_0002,sku_00097,Electronics,ML_99,2.958458904109589,15.866999999999999,18.82545890410959,0.9666666666666667,1.7142857142857142,14.848484848484848,17.5,1.0,1
store_0002,sku_00098,Dairy,baseline_rolling_mean,6.082191780821918,0.0,6.082191780821918,1.0,0.908108108108108,9.487179487179487,39.642857142857146,0.0,0
store_0002,sku_00098,Dairy,baseline_seasonal_naive,7.956164383561644,0.0,7.956164383561644,1.0,0.6942148760330579,12.410256410256409,51.857142857142854,0.0,0
store_0002,sku_00098,Dairy,ML_95,6.082191780821918,0.0,6.082191780821918,1.0,0.908108108108108,9.487179487179487,39.642857142857146,0.0,0
store_0002,sku_00098,Dairy,ML_99,6.082191780821918,0.0,6.082191780821918,1.0,0.908108108108108,9.487179487179487,39.642857142857146,0.0,0
store_0002,sku_00099,Electronics,baseline_rolling_mean,8.421047945205478,0.0,8.421047945205478,1.0,1.574468085106383,8.435897435897436,23.5,0.0,0
store_0002,sku_00099,Electronics,baseline_seasonal_naive,9.240116438356164,0.0,9.240116438356164,1.0,1.4349030470914128,9.256410256410257,25.785714285714285,0.0,0
store_0002,sku_00099,Electronics,ML_95,8.190684931506848,0.0,8.190684931506848,1.0,1.61875,8.205128205128206,22.857142857142858,0.0,0
store_0002,sku_00099,Electronics,ML_99,8.190684931506848,0.0,8.190684931506848,1.0,1.61875,8.205128205128206,22.857142857142858,0.0,0
store_0002,sku_00100,Office,baseline_rolling_mean,1.3931506849315067,0.0,1.3931506849315067,1.0,1.2133333333333334,9.677419354838708,10.714285714285714,0.0,0
store_0002,sku_00100,Office,baseline_seasonal_naive,3.046356164383562,0.0,3.046356164383562,1.0,0.5548780487804879,21.161290322580644,23.428571428571427,0.0,0
store_0002,sku_00100,Office,ML_95,1.2166849315068495,0.0,1.2166849315068495,1.0,1.3893129770992365,8.451612903225806,9.357142857142858,0.0,0
store_0002,sku_00100,Office,ML_99,1.2166849315068495,0.0,1.2166849315068495,1.0,1.3893129770992365,8.451612903225806,9.357142857142858,0.0,0
store_0002,sku_00101,Health,baseline_rolling_mean,0.2829657534246575,0.0,0.2829657534246575,1.0,2.978723404255319,6.409090909090909,10.071428571428571,0.0,0
store_0002,sku_00101,Health,baseline_seasonal_naive,0.284972602739726,0.0,0.284972602739726,1.0,2.9577464788732395,6.454545454545454,10.142857142857142,0.0,0
store_0002,sku_00101,Health,ML_95,0.32109589041095893,0.0,0.32109589041095893,1.0,2.625,7.272727272727273,11.428571428571429,0.0,0
store_0002,sku_00101,Health,ML_99,0.3251095890410959,0.0,0.3251095890410959,1.0,2.5925925925925926,7.363636363636363,11.571428571428571,0.0,0
store_0002,sku_00102,Apparel,baseline_rolling_mean,1.0320000000000003,0.0,1.0320000000000003,1.0,1.0068493150684932,11.68,20.857142857142858,0.0,0
store_0002,sku_00102,Apparel,baseline_seasonal_naive,1.3748219178082193,0.0,1.3748219178082193,1.0,0.7557840616966581,15.559999999999999,27.785714285714285,0.0,0
store_0002,sku_00102,Apparel,ML_95,0.5584109589041095,0.0,0.5584109589041095,1.0,1.860759493670886,6.32,11.285714285714286,0.0,0
store_0002,sku_00102,Apparel,ML_99,0.5584109589041095,0.0,0.5584109589041095,1.0,1.860759493670886,6.32,11.285714285714286,0.0,0
store_0002,sku_00103,Grocery,baseline_rolling_mean,0.4484383561643836,0.0,0.4484383561643836,1.0,0.2916666666666667,13.714285714285714,3.4285714285714284,0.0,0
store_0002,sku_00103,Grocery,baseline_seasonal_naive,0.6352876712328768,0.0,0.6352876712328768,1.0,0.2058823529411765,19.428571428571427,4.857142857142857,0.0,0
store_0002,sku_00103,Grocery,ML_95,0.4484383561643836,0.0,0.4484383561643836,1.0,0.2916666666666667,13.714285714285714,3.4285714285714284,0.0,0
store_0002,sku_00103,Grocery,ML_99,0.4484383561643836,0.0,0.4484383561643836,1.0,0.2916666666666667,13.714285714285714,3.4285714285714284,0.0,0
store_0002,sku_00104,Health,baseline_rolling_mean,0.48347260273972603,0.0,0.48347260273972603,1.0,1.103942652329749,11.387755102040815,19.928571428571427,0.0,0
store_0002,sku_00104,Health,baseline_seasonal_naive,0.625568493150685,0.0,0.625568493150685,1.0,0.8531855955678671,14.73469387755102,25.785714285714285,0.0,0
store_0002,sku_00104,Health,ML_95,0.30845205479452054,0.0,0.30845205479452054,1.0,1.7303370786516854,7.265306122448979,12.714285714285714,0.0,0
store_0002,sku_00104,Health,ML_99,0.30845205479452054,0.0,0.30845205479452054,1.0,1.7303370786516854,7.265306122448979,12.714285714285714,0.0,0
store_0002,sku_00105,Household,baseline_rolling_mean,0.7925479452054793,16.272,17.06454794520548,0.9310344827586207,3.171875,6.918918918918918,9.142857142857142,2.0,1
store_0002,sku_00105,Household,baseline_seasonal_naive,0.866849315068493,0.0,0.866849315068493,1.0,2.9,7.5675675675675675,10.0,0.0,0
store_0002,sku_00105,Household,ML_95,1.5231780821917806,0.0,1.5231780821917806,1.0,1.6504065040650404,13.297297297297298,17.571428571428573,0.0,0
store_0002,sku_00105,Household,ML_99,1.5231780821917806,0.0,1.5231780821917806,1.0,1.6504065040650404,13.297297297297298,17.571428571428573,0.0,0
store_0002,sku_00106,Bakery,baseline_rolling_mean,2.3671917808219174,0.0,2.3671917808219174,1.0,2.158878504672897,7.9259259259259265,15.285714285714286,0.0,0
store_0002,sku_00106,Bakery,baseline_seasonal_naive,3.1968150684931507,0.0,3.1968150684931507,1.0,1.5986159169550174,10.703703703703702,20.642857142857142,0.0,0
store_0002,sku_00106,Bakery,ML_95,2.555239726027397,14.535,17.0902397260274,0.9696969696969697,2.0,8.555555555555555,16.5,1.0,1
store_0002,sku_00106,Bakery,ML_99,2.555239726027397,14.535,17.0902397260274,0.9696969696969697,2.0,8.555555555555555,16.5,1.0,1
store_0002,sku_00107,Frozen,baseline_rolling_mean,3.157746575342466,0.0,3.157746575342466,1.0,1.0543933054393306,9.755102040816327,51.214285714285715,0.0,0
store_0002,sku_00107,Frozen,baseline_seasonal_naive,3.4484178082191783,0.0,3.4484178082191783,1.0,0.9655172413793103,10.653061224489797,55.92857142857143,0.0,0
store_0002,sku_00107,Frozen,ML_95,2.8890958904109594,0.0,2.8890958904109594,1.0,1.152439024390244,8.92517006802721,46.857142857142854,0.0,0
store_0002,sku_00107,Frozen,ML_99,2.8890958904109594,0.0,2.8890958904109594,1.0,1.152439024390244,8.92517006802721,46.857142857142854,0.0,0
store_0002,sku_00108,Beverages,baseline_rolling_mean,0.9898767123287671,0.0,0.9898767123287671,1.0,0.9032258064516129,14.307692307692308,6.642857142857143,0.0,0
store_0002,sku_00108,Beverages,baseline_seasonal_naive,1.9903972602739726,0.0,1.9903972602739726,1.0,0.4491978609625668,28.76923076923077,13.357142857142858,0.0,0
store_0002,sku_00108,Beverages,ML_95,0.5747671232876711,0.0,0.5747671232876711,1.0,1.5555555555555556,8.307692307692308,3.857142857142857,0.0,0
store_0002,sku_00108,Beverages,ML_99,0.5747671232876711,0.0,0.5747671232876711,1.0,1.5555555555555556,8.307692307692308,3.857142857142857,0.0,0
store_0002,sku_00109,Household,baseline_rolling_mean,0.8924520547945207,0.0,0.8924520547945207,1.0,1.1101321585903083,10.55813953488372,16.214285714285715,0.0,0
store_0002,sku_00109,Household,baseline_seasonal_naive,1.5293561643835618,0.0,1.5293561643835618,1.0,0.647814910025707,18.09302325581395,27.785714285714285,0.0,0
store_0002,sku_00109,Household,ML_95,0.7037397260273973,0.0,0.7037397260273973,1.0,1.4078212290502792,8.325581395348838,12.785714285714286,0.0,0
store_0002,sku_00109,Household,ML_99,0.7037397260273973,0.0,0.7037397260273973,1.0,1.4078212290502792,8.325581395348838,12.785714285714286,0.0,0
store_0002,sku_00110,Bakery,baseline_rolling_mean,3.014219178082192,0.0,3.014219178082192,1.0,0.6666666666666666,13.65,19.5,0.0,0
store_0002,sku_00110,Bakery,baseline_seasonal_naive,8.26978082191781,0.0,8.26978082191781,1.0,0.24299065420560748,37.449999999999996,53.5,0.0,0
store_0002,sku_00110,Bakery,ML_95,2.2413424657534247,0.0,2.2413424657534247,1.0,0.896551724137931,10.15,14.5,0.0,0
store_0002,sku_00110,Bakery,ML_99,2.2413424657534247,0.0,2.2413424657534247,1.0,0.896551724137931,10.15,14.5,0.0,0
store_0002,sku_00111,Automotive,baseline_rolling_mean,0.5591780821917809,0.0,0.5591780821917809,1.0,0.9153846153846154,9.811320754716983,18.571428571428573,0.0,0
store_0002,sku_00111,Automotive,baseline_seasonal_naive,0.9828630136986302,0.0,0.9828630136986302,1.0,0.5207877461706782,17.245283018867926,32.642857142857146,0.0,0
store_0002,sku_00111,Automotive,ML_95,0.5441232876712329,0.0,0.5441232876712329,1.0,0.9407114624505928,9.547169811320757,18.071428571428573,0.0,0
store_0002,sku_00111,Automotive,ML_99,0.5441232876712329,0.0,0.5441232876712329,1.0,0.9407114624505928,9.547169811320757,18.071428571428573,0.0,0
store_0002,sku_00112,Grocery,baseline_rolling_mean,1.1852876712328766,0.0,1.1852876712328766,1.0,2.0877192982456143,7.354838709677418,8.142857142857142,0.0,0
store_0002,sku_00112,Grocery,baseline_seasonal_naive,1.1021095890410957,0.0,1.1021095890410957,1.0,2.2452830188679247,6.838709677419354,7.571428571428571,0.0,0
store_0002,sku_00112,Grocery,ML_95,1.1852876712328766,0.0,1.1852876712328766,1.0,2.0877192982456143,7.354838709677418,8.142857142857142,0.0,0
store_0002,sku_00112,Grocery,ML_99,1.1852876712328766,0.0,1.1852876712328766,1.0,2.0877192982456143,7.354838709677418,8.142857142857142,0.0,0
store_0002,sku_00113,Frozen,baseline_rolling_mean,1.8450410958904109,0.0,1.8450410958904109,1.0,1.7119565217391306,9.68421052631579,26.285714285714285,0.0,0
store_0002,sku_00113,Frozen,baseline_seasonal_naive,2.562,0.0,2.562,1.0,1.2328767123287672,13.44736842105263,36.5,0.0,0
store_0002,sku_00113,Frozen,ML_95,1.5241643835616439,0.0,1.5241643835616439,1.0,2.0723684210526314,8.0,21.714285714285715,0.0,0
store_0002,sku_00113,Frozen,ML_99,1.5241643835616439,0.0,1.5241643835616439,1.0,2.0723684210526314,8.0,21.714285714285715,0.0,0
store_0002,sku_00114,Toys,baseline_rolling_mean,1.5060136986301367,0.0,1.5060136986301367,1.0,1.0672645739910314,10.136363636363637,15.928571428571429,0.0,0
store_0002,sku_00114,Toys,baseline_seasonal_naive,2.2623972602739726,0.0,2.2623972602739726,1.0,0.7104477611940299,15.227272727272727,23.928571428571427,0.0,0
store_0002,sku_00114,Toys,ML_95,1.2088630136986303,0.0,1.2088630136986303,1.0,1.3296089385474859,8.136363636363637,12.785714285714286,0.0,0
store_0002,sku_00114,Toys,ML_99,1.2088630136986303,0.0,1.2088630136986303,1.0,1.3296089385474859,8.136363636363637,12.785714285714286,0.0,0
store_0002,sku_00115,Dairy,baseline_rolling_mean,1.3738082191780825,0.0,1.3738082191780825,1.0,1.3125,9.846153846153845,9.142857142857142,0.0,0
store_0002,sku_00115,Dairy,baseline_seasonal_naive,1.609931506849315,0.0,1.609931506849315,1.0,1.12,11.538461538461537,10.714285714285714,0.0,0
store_0002,sku_00115,Dairy,ML_95,1.008890410958904,0.0,1.008890410958904,1.0,1.7872340425531914,7.230769230769231,6.714285714285714,0.0,0
store_0002,sku_00115,Dairy,ML_99,1.008890410958904,0.0,1.008890410958904,1.0,1.7872340425531914,7.230769230769231,6.714285714285714,0.0,0
store_0002,sku_00116,Automotive,baseline_rolling_mean,0.6906027397260273,0.0,0.6906027397260273,1.0,1.263537906137184,11.306122448979592,19.785714285714285,0.0,0
store_0002,sku_00116,Automotive,baseline_seasonal_naive,1.5432602739726027,0.0,1.5432602739726027,1.0,0.5654281098546042,25.26530612244898,44.214285714285715,0.0,0
store_0002,sku_00116,Automotive,ML_95,0.373972602739726,0.0,0.373972602739726,1.0,2.3333333333333335,6.122448979591836,10.714285714285714,0.0,0
store_0002,sku_00116,Automotive,ML_99,0.373972602739726,0.0,0.373972602739726,1.0,2.3333333333333335,6.122448979591836,10.714285714285714,0.0,0
store_0002,sku_00117,Beverages,baseline_rolling_mean,0.17280821917808217,7.569000000000001,7.741808219178083,0.8333333333333334,2.8000000000000003,6.666666666666666,2.142857142857143,1.0,1
store_0002,sku_00117,Beverages,baseline_seasonal_naive,0.24193150684931508,7.569000000000001,7.810931506849316,0.8333333333333334,2.0,9.333333333333332,3.0,1.0,1
store_0002,sku_00117,Beverages,ML_95,0.5184246575342465,0.0,0.5184246575342465,1.0,0.9333333333333333,20.0,6.428571428571429,0.0,0
store_0002,sku_00117,Beverages,ML_99,0.5184246575342465,0.0,0.5184246575342465,1.0,0.9333333333333333,20.0,6.428571428571429,0.0,0
store_0002,sku_00118,Garden,baseline_rolling_mean,20.92294520547945,0.0,20.92294520547945,1.0,1.848,7.853403141361256,53.57142857142857,0.0,0
store_0002,sku_00118,Garden,baseline_seasonal_naive,26.418705479452054,0.0,26.418705479452054,1.0,1.463569165786695,9.916230366492146,67.64285714285714,0.0,0
store_0002,sku_00118,Garden,ML_95,17.212609589041097,109.97099999999999,127.18360958904108,0.9696969696969697,2.246353322528363,6.460732984293194,44.07142857142857,3.0,1
store_0002,sku_00118,Garden,ML_99,19.89074657534247,0.0,19.89074657534247,1.0,1.943899018232819,7.465968586387435,50.92857142857143,0.0,0
store_0002,sku_00119,Beverages,baseline_rolling_mean,0.746404109589041,0.0,0.746404109589041,1.0,1.3066666666666669,8.823529411764707,5.357142857142857,0.0,0
store_0002,sku_00119,Beverages,baseline_seasonal_naive,1.0449657534246575,0.0,1.0449657534246575,1.0,0.9333333333333333,12.352941176470589,7.5,0.0,0
store_0002,sku_00119,Beverages,ML_95,0.746404109589041,0.0,0.746404109589041,1.0,1.3066666666666669,8.823529411764707,5.357142857142857,0.0,0
store_0002,sku_00119,Beverages,ML_99,0.746404109589041,0.0,0.746404109589041,1.0,1.3066666666666669,8.823529411764707,5.357142857142857,0.0,0
store_0002,sku_00120,Household,baseline_rolling_mean,0.994623287671233,0.0,0.994623287671233,1.0,2.533333333333333,8.4,7.5,0.0,0
store_0002,sku_00120,Household,baseline_seasonal_naive,1.33563698630137,0.0,1.33563698630137,1.0,1.8865248226950355,11.28,10.071428571428571,0.0,0
store_0002,sku_00120,Household,ML_95,1.0798767123287671,0.0,1.0798767123287671,1.0,2.3333333333333335,9.12,8.142857142857142,0.0,0
store_0002,sku_00120,Household,ML_99,1.0798767123287671,0.0,1.0798767123287671,1.0,2.3333333333333335,9.12,8.142857142857142,0.0,0
store_0002,sku_00121,Home,baseline_rolling_mean,1.431890410958904,20.016,21.4478904109589,0.9666666666666667,4.468085106382978,5.371428571428572,6.714285714285714,1.0,1
store_0002,sku_00121,Home,baseline_seasonal_naive,1.4623561643835616,40.032,41.49435616438356,0.9333333333333333,4.375,5.485714285714286,6.857142857142857,2.0,1
store_0002,sku_00121,Home,ML_95,2.4372602739726026,20.016,22.4532602739726,0.9666666666666667,2.625,9.142857142857142,11.428571428571429,1.0,1
store_0002,sku_00121,Home,ML_99,2.4372602739726026,20.016,22.4532602739726,0.9666666666666667,2.625,9.142857142857142,11.428571428571429,1.0,1
store_0002,sku_00122,Produce,baseline_rolling_mean,5.94140410958904,0.0,5.94140410958904,1.0,1.093198992443325,8.725274725274726,28.357142857142858,0.0,0
store_0002,sku_00122,Produce,baseline_seasonal_naive,7.138664383561644,0.0,7.138664383561644,1.0,0.9098532494758911,10.483516483516484,34.07142857142857,0.0,0
store_0002,sku_00122,Produce,ML_95,5.94140410958904,0.0,5.94140410958904,1.0,1.093198992443325,8.725274725274726,28.357142857142858,0.0,0
store_0002,sku_00122,Produce,ML_99,5.94140410958904,0.0,5.94140410958904,1.0,1.093198992443325,8.725274725274726,28.357142857142858,0.0,0
store_0002,sku_00123,Electronics,baseline_rolling_mean,3.4150821917808214,0.0,3.4150821917808214,1.0,1.390728476821192,8.882352941176473,10.785714285714286,0.0,0
store_0002,sku_00123,Electronics,baseline_seasonal_naive,6.64923287671233,0.0,6.64923287671233,1.0,0.7142857142857143,17.294117647058826,21.0,0.0,0
store_0002,sku_00123,Electronics,ML_95,2.6913561643835613,0.0,2.6913561643835613,1.0,1.7647058823529411,7.000000000000001,8.5,0.0,0
store_0002,sku_00123,Electronics,ML_99,2.6913561643835613,0.0,2.6913561643835613,1.0,1.7647058823529411,7.000000000000001,8.5,0.0,0
store_0002,sku_00124,Baby,baseline_rolling_mean,0.23271232876712328,0.0,0.23271232876712328,1.0,1.3548387096774193,10.333333333333334,4.428571428571429,0.0,0
store_0002,sku_00124,Baby,baseline_seasonal_naive,0.3828493150684932,0.0,0.3828493150684932,1.0,0.8235294117647058,17.0,7.285714285714286,0.0,0
store_0002,sku_00124,Baby,ML_95,0.23271232876712328,0.0,0.23271232876712328,1.0,1.3548387096774193,10.333333333333334,4.428571428571429,0.0,0
store_0002,sku_00124,Baby,ML_99,0.23271232876712328,0.0,0.23271232876712328,1.0,1.3548387096774193,10.333333333333334,4.428571428571429,0.0,0
store_0002,sku_00125,Office,baseline_rolling_mean,1.3188287671232874,0.0,1.3188287671232874,1.0,1.5849056603773584,9.352941176470589,11.357142857142858,0.0,0
store_0002,sku_00125,Office,baseline_seasonal_naive,1.940917808219178,0.0,1.940917808219178,1.0,1.0769230769230769,13.764705882352944,16.714285714285715,0.0,0
store_0002,sku_00125,Office,ML_95,0.9538698630136986,10.899,11.852869863013698,0.9444444444444444,2.191304347826087,6.764705882352941,8.214285714285714,1.0,1
store_0002,sku_00125,Office,ML_99,1.1114657534246575,0.0,1.1114657534246575,1.0,1.8805970149253732,7.882352941176471,9.571428571428571,0.0,0
store_0002,sku_00126,Bakery,baseline_rolling_mean,0.7652054794520547,14.364,15.129205479452056,0.9333333333333333,3.0,7.0,5.0,1.0,1
store_0002,sku_00126,Bakery,baseline_seasonal_naive,1.7927671232876712,0.0,1.7927671232876712,1.0,1.2804878048780488,16.4,11.714285714285714,0.0,0
store_0002,sku_00126,Bakery,ML_95,0.9182465753424657,0.0,0.9182465753424657,1.0,2.5,8.4,6.0,0.0,0
store_0002,sku_00126,Bakery,ML_99,0.9182465753424657,0.0,0.9182465753424657,1.0,2.5,8.4,6.0,0.0,0
store_0002,sku_00127,Home,baseline_rolling_mean,2.2174109589041096,0.0,2.2174109589041096,1.0,1.5063291139240504,9.875000000000002,11.285714285714286,0.0,0
store_0002,sku_00127,Home,baseline_seasonal_naive,4.406753424657534,0.0,4.406753424657534,1.0,0.7579617834394905,19.625,22.428571428571427,0.0,0
store_0002,sku_00127,Home,ML_95,1.5858698630136985,18.441,20.026869863013697,0.9411764705882353,2.106194690265487,7.0625,8.071428571428571,1.0,1
store_0002,sku_00127,Home,ML_99,1.5858698630136985,18.441,20.026869863013697,0.9411764705882353,2.106194690265487,7.0625,8.071428571428571,1.0,1
store_0002,sku_00128,Household,baseline_rolling_mean,0.8677191780821918,47.115,47.98271917808219,0.8148148148148149,3.1239669421487606,8.344827586206895,8.642857142857142,5.0,2
store_0002,sku_00128,Household,baseline_seasonal_naive,1.176082191780822,0.0,1.176082191780822,1.0,2.304878048780488,11.310344827586205,11.714285714285714,0.0,0
store_0002,sku_00128,Household,ML_95,1.6135273972602742,28.269,29.882527397260272,0.8888888888888888,1.68,15.517241379310345,16.071428571428573,3.0,1
store_0002,sku_00128,Household,ML_99,1.6135273972602742,28.269,29.882527397260272,0.8888888888888888,1.68,15.517241379310345,16.071428571428573,3.0,1
store_0002,sku_00129,Household,baseline_rolling_mean,0.8955479452054796,0.0,0.8955479452054796,1.0,1.568,8.333333333333334,8.928571428571429,0.0,0
store_0002,sku_00129,Household,baseline_seasonal_naive,2.6006712328767128,0.0,2.6006712328767128,1.0,0.5399449035812672,24.2,25.928571428571427,0.0,0
store_0002,sku_00129,Household,ML_95,0.7952465753424659,0.0,0.7952465753424659,1.0,1.7657657657657657,7.4,7.928571428571429,0.0,0
store_0002,sku_00129,Household,ML_99,0.7952465753424659,0.0,0.7952465753424659,1.0,1.7657657657657657,7.4,7.928571428571429,0.0,0
store_0002,sku_00130,Household,baseline_rolling_mean,1.0069520547945205,0.0,1.0069520547945205,1.0,0.11570247933884298,14.23529411764706,8.642857142857142,0.0,0
store_0002,sku_00130,Household,baseline_seasonal_naive,1.8224999999999998,0.0,1.8224999999999998,1.0,0.0639269406392694,25.764705882352942,15.642857142857142,0.0,0
store_0002,sku_00130,Household,ML_95,0.9486986301369866,0.0,0.9486986301369866,1.0,0.12280701754385966,13.411764705882353,8.142857142857142,0.0,0
store_0002,sku_00130,Household,ML_99,0.9486986301369866,0.0,0.9486986301369866,1.0,0.12280701754385966,13.411764705882353,8.142857142857142,0.0,0
store_0002,sku_00131,Toys,baseline_rolling_mean,12.129369863013698,0.0,12.129369863013698,1.0,1.3228346456692912,10.228187919463089,54.42857142857143,0.0,0
store_0002,sku_00131,Toys,baseline_seasonal_naive,13.625643835616437,0.0,13.625643835616437,1.0,1.1775700934579438,11.489932885906041,61.142857142857146,0.0,0
store_0002,sku_00131,Toys,ML_95,7.879315068493149,0.0,7.879315068493149,1.0,2.0363636363636366,6.644295302013423,35.357142857142854,0.0,0
store_0002,sku_00131,Toys,ML_99,7.879315068493149,0.0,7.879315068493149,1.0,2.0363636363636366,6.644295302013423,35.357142857142854,0.0,0
store_0002,sku_00132,Health,baseline_rolling_mean,1.3740068493150686,0.0,1.3740068493150686,1.0,0.8507265521796565,9.28834355828221,54.07142857142857,0.0,0
store_0002,sku_00132,Health,baseline_seasonal_naive,1.475650684931507,0.0,1.475650684931507,1.0,0.7921279212792128,9.975460122699387,58.07142857142857,0.0,0
store_0002,sku_00132,Health,ML_95,1.3740068493150686,0.0,1.3740068493150686,1.0,0.8507265521796565,9.28834355828221,54.07142857142857,0.0,0
store_0002,sku_00132,Health,ML_99,1.3740068493150686,0.0,1.3740068493150686,1.0,0.8507265521796565,9.28834355828221,54.07142857142857,0.0,0
store_0002,sku_00133,Meat,baseline_rolling_mean,1.7410684931506852,0.0,1.7410684931506852,1.0,1.6231884057971013,8.11764705882353,9.857142857142858,0.0,0
store_0002,sku_00133,Meat,baseline_seasonal_naive,1.5013561643835622,0.0,1.5013561643835622,1.0,1.8823529411764706,7.000000000000001,8.5,0.0,0
store_0002,sku_00133,Meat,ML_95,1.3247260273972608,0.0,1.3247260273972608,1.0,2.1333333333333333,6.176470588235294,7.5,0.0,0
store_0002,sku_00133,Meat,ML_99,1.3247260273972608,0.0,1.3247260273972608,1.0,2.1333333333333333,6.176470588235294,7.5,0.0,0
store_0002,sku_00134,Health,baseline_rolling_mean,1.351191780821918,0.0,1.351191780821918,1.0,1.4153005464480874,8.224719101123595,26.142857142857142,0.0,0
store_0002,sku_00134,Health,baseline_seasonal_naive,2.178150684931507,0.0,2.178150684931507,1.0,0.8779661016949152,13.258426966292136,42.142857142857146,0.0,0
store_0002,sku_00134,Health,ML_95,1.2699726027397262,0.0,1.2699726027397262,1.0,1.505813953488372,7.7303370786516865,24.571428571428573,0.0,0
store_0002,sku_00134,Health,ML_99,1.2699726027397262,0.0,1.2699726027397262,1.0,1.505813953488372,7.7303370786516865,24.571428571428573,0.0,0
store_0002,sku_00135,Grocery,baseline_rolling_mean,3.0533424657534254,0.0,3.0533424657534254,1.0,1.5862068965517242,9.441860465116278,29.0,0.0,0
store_0002,sku_00135,Grocery,baseline_seasonal_naive,3.970849315068493,0.0,3.970849315068493,1.0,1.2196969696969697,12.27906976744186,37.714285714285715,0.0,0
store_0002,sku_00135,Grocery,ML_95,2.489301369863014,29.646,32.135301369863015,0.9347826086956522,1.945619335347432,7.697674418604651,23.642857142857142,3.0,1
store_0002,sku_00135,Grocery,ML_99,2.489301369863014,29.646,32.135301369863015,0.9347826086956522,1.945619335347432,7.697674418604651,23.642857142857142,3.0,1
store_0002,sku_00136,Produce,baseline_rolling_mean,1.2684109589041097,74.62799999999999,75.8964109589041,0.8604651162790697,4.492537313432836,5.359999999999999,9.571428571428571,6.0,2
store_0002,sku_00136,Produce,baseline_seasonal_naive,2.1581917808219186,0.0,2.1581917808219186,1.0,2.6403508771929824,9.12,16.285714285714285,0.0,0
store_0002,sku_00136,Produce,ML_95,3.0101095890410967,87.06599999999999,90.07610958904108,0.8372093023255813,1.8930817610062893,12.72,22.714285714285715,7.0,1
store_0002,sku_00136,Produce,ML_99,3.0101095890410967,87.06599999999999,90.07610958904108,0.8372093023255813,1.8930817610062893,12.72,22.714285714285715,7.0,1
store_0002,sku_00137,Dairy,baseline_rolling_mean,2.43954794520548,35.226,37.66554794520548,0.9411764705882353,2.6153846153846154,7.137254901960785,13.0,2.0,1
store_0002,sku_00137,Dairy,baseline_seasonal_naive,2.4529520547945207,0.0,2.4529520547945207,1.0,2.6010928961748636,7.176470588235294,13.071428571428571,0.0,0
store_0002,sku_00137,Dairy,ML_95,3.8335753424657537,35.226,39.059575342465756,0.9411764705882353,1.6643356643356644,11.215686274509803,20.428571428571427,2.0,1
store_0002,sku_00137,Dairy,ML_99,3.8335753424657537,35.226,39.059575342465756,0.9411764705882353,1.6643356643356644,11.215686274509803,20.428571428571427,2.0,1
store_0002,sku_00138,Office,baseline_rolling_mean,1.5649520547945206,0.0,1.5649520547945206,1.0,1.9371069182389937,7.571428571428572,11.357142857142858,0.0,0
store_0002,sku_00138,Office,baseline_seasonal_naive,1.8405410958904107,0.0,1.8405410958904107,1.0,1.6470588235294117,8.904761904761905,13.357142857142858,0.0,0
store_0002,sku_00138,Office,ML_95,1.3484178082191782,0.0,1.3484178082191782,1.0,2.2481751824817517,6.523809523809525,9.785714285714286,0.0,0
store_0002,sku_00138,Office,ML_99,1.3484178082191782,0.0,1.3484178082191782,1.0,2.2481751824817517,6.523809523809525,9.785714285714286,0.0,0
store_0002,sku_00139,Seasonal,baseline_rolling_mean,3.74763698630137,0.0,3.74763698630137,1.0,1.7333333333333334,8.63013698630137,22.5,0.0,0
store_0002,sku_00139,Seasonal,baseline_seasonal_naive,7.197842465753425,0.0,7.197842465753425,1.0,0.9024793388429752,16.575342465753426,43.214285714285715,0.0,0
store_0002,sku_00139,Seasonal,ML_95,2.9386232876712333,0.0,2.9386232876712333,1.0,2.210526315789474,6.767123287671232,17.642857142857142,0.0,0
store_0002,sku_00139,Seasonal,ML_99,2.9386232876712333,0.0,2.9386232876712333,1.0,2.210526315789474,6.767123287671232,17.642857142857142,0.0,0
store_0002,sku_00140,Home,baseline_rolling_mean,6.870034246575343,0.0,6.870034246575343,1.0,1.3207547169811322,10.599999999999998,18.928571428571427,0.0,0
store_0002,sku_00140,Home,baseline_seasonal_naive,10.343938356164385,0.0,10.343938356164385,1.0,0.8771929824561403,15.959999999999999,28.5,0.0,0
store_0002,sku_00140,Home,ML_95,5.236780821917808,0.0,5.236780821917808,1.0,1.7326732673267327,8.08,14.428571428571429,0.0,0
store_0002,sku_00140,Home,ML_99,5.236780821917808,0.0,5.236780821917808,1.0,1.7326732673267327,8.08,14.428571428571429,0.0,0
store_0002,sku_00141,Pet,baseline_rolling_mean,7.020164383561645,0.0,7.020164383561645,1.0,1.2561349693251533,8.664451827242525,93.14285714285714,0.0,0
store_0002,sku_00141,Pet,baseline_seasonal_naive,9.259726027397262,0.0,9.259726027397262,1.0,0.9523255813953488,11.428571428571429,122.85714285714286,0.0,0
store_0002,sku_00141,Pet,ML_95,6.54641095890411,0.0,6.54641095890411,1.0,1.3470394736842104,8.079734219269103,86.85714285714286,0.0,0
store_0002,sku_00141,Pet,ML_99,6.54641095890411,0.0,6.54641095890411,1.0,1.3470394736842104,8.079734219269103,86.85714285714286,0.0,0
store_0002,sku_00142,Seasonal,baseline_rolling_mean,3.7534246575342465,59.184000000000005,62.93742465753425,0.9347826086956522,2.576,6.410256410256411,17.857142857142858,3.0,1
store_0002,sku_00142,Seasonal,baseline_seasonal_naive,6.786191780821919,0.0,6.786191780821919,1.0,1.424778761061947,11.58974358974359,32.285714285714285,0.0,0
store_0002,sku_00142,Seasonal,ML_95,4.459068493150685,59.184000000000005,63.64306849315069,0.9347826086956522,2.1683501683501682,7.615384615384616,21.214285714285715,3.0,1
store_0002,sku_00142,Seasonal,ML_99,4.459068493150685,59.184000000000005,63.64306849315069,0.9347826086956522,2.1683501683501682,7.615384615384616,21.214285714285715,3.0,1
store_0002,sku_00143,Meat,baseline_rolling_mean,1.0524863013698629,0.0,1.0524863013698629,1.0,1.6231884057971013,10.615384615384615,4.928571428571429,0.0,0
store_0002,sku_00143,Meat,baseline_seasonal_naive,1.5405958904109587,0.0,1.5405958904109587,1.0,1.1089108910891088,15.538461538461538,7.214285714285714,0.0,0
store_0002,sku_00143,Meat,ML_95,1.0829931506849315,20.043,21.12599315068493,0.875,1.5774647887323945,10.923076923076922,5.071428571428571,1.0,1
store_0002,sku_00143,Meat,ML_99,1.0829931506849315,20.043,21.12599315068493,0.875,1.5774647887323945,10.923076923076922,5.071428571428571,1.0,1
store_0002,sku_00144,Garden,baseline_rolling_mean,14.660136986301373,0.0,14.660136986301373,1.0,1.4541062801932367,8.808510638297873,29.571428571428573,0.0,0
store_0002,sku_00144,Garden,baseline_seasonal_naive,22.769246575342464,0.0,22.769246575342464,1.0,0.9362363919129082,13.680851063829788,45.92857142857143,0.0,0
store_0002,sku_00144,Garden,ML_95,11.0836301369863,0.0,11.0836301369863,1.0,1.9233226837060702,6.659574468085107,22.357142857142858,0.0,0
store_0002,sku_00144,Garden,ML_99,11.0836301369863,0.0,11.0836301369863,1.0,1.9233226837060702,6.659574468085107,22.357142857142858,0.0,0
store_0002,sku_00145,Baby,baseline_rolling_mean,0.16277397260273974,0.0,0.16277397260273974,1.0,1.4285714285714286,9.799999999999999,3.5,0.0,0
store_0002,sku_00145,Baby,baseline_seasonal_naive,0.2890068493150685,0.0,0.2890068493150685,1.0,0.8045977011494253,17.4,6.214285714285714,0.0,0
store_0002,sku_00145,Baby,ML_95,0.14284246575342466,0.0,0.14284246575342466,1.0,1.627906976744186,8.6,3.0714285714285716,0.0,0
store_0002,sku_00145,Baby,ML_99,0.14284246575342466,0.0,0.14284246575342466,1.0,1.627906976744186,8.6,3.0714285714285716,0.0,0
store_0002,sku_00146,Garden,baseline_rolling_mean,8.06923287671233,0.0,8.06923287671233,1.0,0.804177545691906,10.788732394366198,54.714285714285715,0.0,0
store_0002,sku_00146,Garden,baseline_seasonal_naive,12.093315068493151,0.0,12.093315068493151,1.0,0.5365853658536586,16.169014084507044,82.0,0.0,0
store_0002,sku_00146,Garden,ML_95,6.204671232876711,0.0,6.204671232876711,1.0,1.0458404074702887,8.295774647887324,42.07142857142857,0.0,0
store_0002,sku_00146,Garden,ML_99,6.204671232876711,0.0,6.204671232876711,1.0,1.0458404074702887,8.295774647887324,42.07142857142857,0.0,0
store_0002,sku_00147,Meat,baseline_rolling_mean,1.3921369863013697,0.0,1.3921369863013697,1.0,1.8529411764705883,7.5555555555555545,4.857142857142857,0.0,0
store_0002,sku_00147,Meat,baseline_seasonal_naive,2.1700958904109586,0.0,2.1700958904109586,1.0,1.1886792452830188,11.777777777777777,7.571428571428571,0.0,0
store_0002,sku_00147,Meat,ML_95,1.4944999999999997,0.0,1.4944999999999997,1.0,1.726027397260274,8.11111111111111,5.214285714285714,0.0,0
store_0002,sku_00147,Meat,ML_99,1.514972602739726,0.0,1.514972602739726,1.0,1.7027027027027029,8.222222222222221,5.285714285714286,0.0,0
store_0002,sku_00148,Pet,baseline_rolling_mean,0.9426849315068494,0.0,0.9426849315068494,1.0,1.9367588932806323,8.031746031746032,18.071428571428573,0.0,0
store_0002,sku_00148,Pet,baseline_seasonal_naive,1.1364383561643838,0.0,1.1364383561643838,1.0,1.6065573770491803,9.682539682539682,21.785714285714285,0.0,0
store_0002,sku_00148,Pet,ML_95,0.8309041095890412,14.688000000000002,15.518904109589043,0.9142857142857143,2.197309417040359,7.079365079365079,15.928571428571429,3.0,1
store_0002,sku_00148,Pet,ML_99,0.8309041095890412,14.688000000000002,15.518904109589043,0.9142857142857143,2.197309417040359,7.079365079365079,15.928571428571429,3.0,1
store_0002,sku_00149,Home,baseline_rolling_mean,1.7496917808219177,0.0,1.7496917808219177,1.0,1.9157894736842105,9.5,6.785714285714286,0.0,0
store_0002,sku_00149,Home,baseline_seasonal_naive,3.0389383561643837,0.0,3.0389383561643837,1.0,1.103030303030303,16.5,11.785714285714286,0.0,0
store_0002,sku_00149,Home,ML_95,2.30222602739726,0.0,2.30222602739726,1.0,1.456,12.5,8.928571428571429,0.0,0
store_0002,sku_00149,Home,ML_99,2.30222602739726,0.0,2.30222602739726,1.0,1.456,12.5,8.928571428571429,0.0,0
store_0002,sku_00150,Pet,baseline_rolling_mean,0.9358150684931507,0.0,0.9358150684931507,1.0,2.287581699346405,6.8,10.928571428571429,0.0,0
store_0002,sku_00150,Pet,baseline_seasonal_naive,1.1193082191780823,0.0,1.1193082191780823,1.0,1.912568306010929,8.133333333333333,13.071428571428571,0.0,0
store_0002,sku_00150,Pet,ML_95,1.5168767123287674,0.0,1.5168767123287674,1.0,1.411290322580645,11.022222222222222,17.714285714285715,0.0,0
store_0002,sku_00150,Pet,ML_99,1.5168767123287674,0.0,1.5168767123287674,1.0,1.411290322580645,11.022222222222222,17.714285714285715,0.0,0
store_0002,sku_00151,Household,baseline_rolling_mean,1.131431506849315,0.0,1.131431506849315,1.0,0.649789029535865,11.285714285714285,16.928571428571427,0.0,0
store_0002,sku_00151,Household,baseline_seasonal_naive,1.6231506849315072,0.0,1.6231506849315072,1.0,0.45294117647058824,16.19047619047619,24.285714285714285,0.0,0
store_0002,sku_00151,Household,ML_95,0.9356986301369864,0.0,0.9356986301369864,1.0,0.7857142857142857,9.333333333333334,14.0,0.0,0
store_0002,sku_00151,Household,ML_99,0.9356986301369864,0.0,0.9356986301369864,1.0,0.7857142857142857,9.333333333333334,14.0,0.0,0
store_0002,sku_00152,Meat,baseline_rolling_mean,0.6531027397260273,0.0,0.6531027397260273,1.0,1.971830985915493,11.833333333333334,5.071428571428571,0.0,0
store_0002,sku_00152,Meat,baseline_seasonal_naive,0.9014657534246576,12.087,12.988465753424657,0.9,1.4285714285714286,16.333333333333336,7.0,1.0,1
store_0002,sku_00152,Meat,ML_95,0.5979109589041096,12.087,12.684910958904108,0.9,2.1538461538461537,10.833333333333336,4.642857142857143,1.0,1
store_0002,sku_00152,Meat,ML_99,0.5979109589041096,12.087,12.684910958904108,0.9,2.1538461538461537,10.833333333333336,4.642857142857143,1.0,1
store_0002,sku_00153,Beauty,baseline_rolling_mean,0.31693150684931504,8.676,8.992931506849315,0.8571428571428572,2.041666666666667,8.0,3.4285714285714284,1.0,1
store_0002,sku_00153,Beauty,baseline_seasonal_naive,0.31693150684931504,8.676,8.992931506849315,0.8571428571428572,2.041666666666667,8.0,3.4285714285714284,1.0,1
store_0002,sku_00153,Beauty,ML_95,0.47539726027397256,0.0,0.47539726027397256,1.0,1.361111111111111,12.000000000000002,5.142857142857143,0.0,0
store_0002,sku_00153,Beauty,ML_99,0.47539726027397256,0.0,0.47539726027397256,1.0,1.361111111111111,12.000000000000002,5.142857142857143,0.0,0
store_0002,sku_00154,Frozen,baseline_rolling_mean,1.0295821917808217,0.0,1.0295821917808217,1.0,1.424317617866005,8.666666666666666,28.785714285714285,0.0,0
store_0002,sku_00154,Frozen,baseline_seasonal_naive,1.5967465753424657,0.0,1.5967465753424657,1.0,0.9183999999999999,13.440860215053764,44.642857142857146,0.0,0
store_0002,sku_00154,Frozen,ML_95,1.014253424657534,0.0,1.014253424657534,1.0,1.4458438287153652,8.53763440860215,28.357142857142858,0.0,0
store_0002,sku_00154,Frozen,ML_99,1.014253424657534,0.0,1.014253424657534,1.0,1.4458438287153652,8.53763440860215,28.357142857142858,0.0,0
store_0002,sku_00155,Health,baseline_rolling_mean,0.033123287671232876,0.0,0.033123287671232876,1.0,2.3333333333333335,8.0,0.8571428571428571,0.0,0
store_0002,sku_00155,Health,baseline_seasonal_naive,0.01932191780821918,0.0,0.01932191780821918,1.0,4.0,4.666666666666667,0.5,0.0,0
store_0002,sku_00155,Health,ML_95,0.11593150684931505,0.0,0.11593150684931505,1.0,0.6666666666666666,28.0,3.0,0.0,0
store_0002,sku_00155,Health,ML_99,0.11593150684931505,0.0,0.11593150684931505,1.0,0.6666666666666666,28.0,3.0,0.0,0
store_0002,sku_00156,Home,baseline_rolling_mean,4.802082191780822,0.0,4.802082191780822,1.0,0.9051724137931033,9.666666666666668,16.571428571428573,0.0,0
store_0002,sku_00156,Home,baseline_seasonal_naive,8.196657534246574,0.0,8.196657534246574,1.0,0.5303030303030303,16.5,28.285714285714285,0.0,0
store_0002,sku_00156,Home,ML_95,4.098328767123288,0.0,4.098328767123288,1.0,1.0606060606060606,8.25,14.142857142857142,0.0,0
store_0002,sku_00156,Home,ML_99,4.098328767123288,0.0,4.098328767123288,1.0,1.0606060606060606,8.25,14.142857142857142,0.0,0
store_0002,sku_00157,Apparel,baseline_rolling_mean,1.708082191780822,0.0,1.708082191780822,1.0,0.9970326409495548,11.423728813559322,24.071428571428573,0.0,0
store_0002,sku_00157,Apparel,baseline_seasonal_naive,2.4480821917808218,0.0,2.4480821917808218,1.0,0.6956521739130435,16.372881355932204,34.5,0.0,0
store_0002,sku_00157,Apparel,ML_95,1.2569863013698628,0.0,1.2569863013698628,1.0,1.3548387096774193,8.40677966101695,17.714285714285715,0.0,0
store_0002,sku_00157,Apparel,ML_99,1.2569863013698628,0.0,1.2569863013698628,1.0,1.3548387096774193,8.40677966101695,17.714285714285715,0.0,0
store_0002,sku_00158,Apparel,baseline_rolling_mean,0.38206164383561647,0.0,0.38206164383561647,1.0,2.0826446280991737,8.066666666666666,8.642857142857142,0.0,0
store_0002,sku_00158,Apparel,baseline_seasonal_naive,0.7704383561643835,0.0,0.7704383561643835,1.0,1.0327868852459017,16.266666666666666,17.428571428571427,0.0,0
store_0002,sku_00158,Apparel,ML_95,0.3473287671232877,0.0,0.3473287671232877,1.0,2.290909090909091,7.333333333333333,7.857142857142857,0.0,0
store_0002,sku_00158,Apparel,ML_99,0.3473287671232877,0.0,0.3473287671232877,1.0,2.290909090909091,7.333333333333333,7.857142857142857,0.0,0
store_0002,sku_00159,Beauty,baseline_rolling_mean,0.2600547945205479,0.0,0.2600547945205479,1.0,0.2916666666666667,13.714285714285714,3.4285714285714284,0.0,0
store_0002,sku_00159,Beauty,baseline_seasonal_naive,0.585123287671233,0.0,0.585123287671233,1.0,0.12962962962962962,30.857142857142858,7.714285714285714,0.0,0
store_0002,sku_00159,Beauty,ML_95,0.2600547945205479,0.0,0.2600547945205479,1.0,0.2916666666666667,13.714285714285714,3.4285714285714284,0.0,0
store_0002,sku_00159,Beauty,ML_99,0.2600547945205479,0.0,0.2600547945205479,1.0,0.2916666666666667,13.714285714285714,3.4285714285714284,0.0,0
store_0002,sku_00160,Bakery,baseline_rolling_mean,0.9676849315068493,0.0,0.9676849315068493,1.0,1.6382978723404256,12.533333333333333,6.714285714285714,0.0,0
store_0002,sku_00160,Bakery,baseline_seasonal_naive,1.6883013698630138,0.0,1.6883013698630138,1.0,0.9390243902439025,21.866666666666667,11.714285714285714,0.0,0
store_0002,sku_00160,Bakery,ML_95,0.7515,0.0,0.7515,1.0,2.1095890410958904,9.733333333333334,5.214285714285714,0.0,0
store_0002,sku_00160,Bakery,ML_99,0.7515,0.0,0.7515,1.0,2.1095890410958904,9.733333333333334,5.214285714285714,0.0,0
store_0002,sku_00161,Dairy,baseline_rolling_mean,16.443157534246577,0.0,16.443157534246577,1.0,1.0303848750844025,9.433121019108281,105.78571428571429,0.0,0
store_0002,sku_00161,Dairy,baseline_seasonal_naive,19.474205479452056,0.0,19.474205479452056,1.0,0.8700114025085518,11.171974522292995,125.28571428571429,0.0,0
store_0002,sku_00161,Dairy,ML_95,16.443157534246577,0.0,16.443157534246577,1.0,1.0303848750844025,9.433121019108281,105.78571428571429,0.0,0
store_0002,sku_00161,Dairy,ML_99,16.443157534246577,0.0,16.443157534246577,1.0,1.0303848750844025,9.433121019108281,105.78571428571429,0.0,0
store_0002,sku_00162,Health,baseline_rolling_mean,0.7905821917808219,0.0,0.7905821917808219,1.0,1.719298245614035,9.5,20.357142857142858,0.0,0
store_0002,sku_00162,Health,baseline_seasonal_naive,1.264931506849315,0.0,1.264931506849315,1.0,1.074561403508772,15.2,32.57142857142857,0.0,0
store_0002,sku_00162,Health,ML_95,0.5020890410958904,18.224999999999998,18.727089041095887,0.8571428571428572,2.707182320441989,6.033333333333333,12.928571428571429,5.0,1
store_0002,sku_00162,Health,ML_99,0.5020890410958904,18.224999999999998,18.727089041095887,0.8571428571428572,2.707182320441989,6.033333333333333,12.928571428571429,5.0,1
store_0002,sku_00163,Produce,baseline_rolling_mean,3.9730000000000003,0.0,3.9730000000000003,1.0,2.094890510948905,8.562500000000002,19.571428571428573,0.0,0
store_0002,sku_00163,Produce,baseline_seasonal_naive,4.3500000000000005,0.0,4.3500000000000005,1.0,1.9133333333333336,9.375,21.428571428571427,0.0,0
store_0002,sku_00163,Produce,ML_95,3.6830000000000007,76.212,79.89500000000001,0.9024390243902439,2.2598425196850394,7.9375,18.142857142857142,4.0,1
store_0002,sku_00163,Produce,ML_99,3.6830000000000007,76.212,79.89500000000001,0.9024390243902439,2.2598425196850394,7.9375,18.142857142857142,4.0,1
store_0002,sku_00164,Health,baseline_rolling_mean,5.078630136986302,0.0,5.078630136986302,1.0,1.122255489021956,10.326094957673906,154.15384615384616,0.0,0
store_0002,sku_00164,Health,baseline_seasonal_naive,7.678767123287671,0.0,7.678767123287671,1.0,0.7422442244224423,15.61280824438719,233.07692307692307,0.0,0
store_0002,sku_00164,Health,ML_95,4.029452054794521,0.0,4.029452054794521,1.0,1.4144654088050315,8.19285977180714,122.3076923076923,0.0,0
store_0002,sku_00164,Health,ML_99,4.029452054794521,0.0,4.029452054794521,1.0,1.4144654088050315,8.19285977180714,122.3076923076923,0.0,0
store_0002,sku_00165,Bakery,baseline_rolling_mean,0.7650068493150686,0.0,0.7650068493150686,1.0,2.295081967213115,9.384615384615383,4.357142857142857,0.0,0
store_0002,sku_00165,Bakery,baseline_seasonal_naive,2.169609589041096,16.479,18.648609589041094,0.9,0.8092485549132947,26.615384615384617,12.357142857142858,1.0,1
store_0002,sku_00165,Bakery,ML_95,0.7650068493150683,0.0,0.7650068493150683,1.0,2.295081967213115,9.384615384615383,4.357142857142857,0.0,0
store_0002,sku_00165,Bakery,ML_99,0.7650068493150683,0.0,0.7650068493150683,1.0,2.295081967213115,9.384615384615383,4.357142857142857,0.0,0
store_0002,sku_00166,Beauty,baseline_rolling_mean,0.7498630136986302,0.0,0.7498630136986302,1.0,0.6176470588235294,15.111111111111109,4.857142857142857,0.0,0
store_0002,sku_00166,Beauty,baseline_seasonal_naive,0.8821917808219178,0.0,0.8821917808219178,1.0,0.525,17.77777777777778,5.714285714285714,0.0,0
store_0002,sku_00166,Beauty,ML_95,0.49623287671232874,0.0,0.49623287671232874,1.0,0.9333333333333333,10.0,3.2142857142857144,0.0,0
store_0002,sku_00166,Beauty,ML_99,0.49623287671232874,0.0,0.49623287671232874,1.0,0.9333333333333333,10.0,3.2142857142857144,0.0,0
store_0002,sku_00167,Garden,baseline_rolling_mean,3.981164383561643,0.0,3.981164383561643,1.0,0.3010752688172043,12.4,13.285714285714286,0.0,0
store_0002,sku_00167,Garden,baseline_seasonal_naive,4.537671232876711,0.0,4.537671232876711,1.0,0.2641509433962264,14.133333333333333,15.142857142857142,0.0,0
store_0002,sku_00167,Garden,ML_95,3.981164383561643,0.0,3.981164383561643,1.0,0.3010752688172043,12.4,13.285714285714286,0.0,0
store_0002,sku_00167,Garden,ML_99,3.981164383561643,0.0,3.981164383561643,1.0,0.3010752688172043,12.4,13.285714285714286,0.0,0
store_0002,sku_00168,Pet,baseline_rolling_mean,0.3653424657534246,13.716000000000001,14.081342465753426,0.9090909090909091,4.4,5.384615384615385,7.5,3.0,1
store_0002,sku_00168,Pet,baseline_seasonal_naive,0.4558082191780822,13.716000000000001,14.171808219178084,0.9090909090909091,3.5267175572519083,6.717948717948719,9.357142857142858,3.0,2
store_0002,sku_00168,Pet,ML_95,0.6193424657534247,13.716000000000001,14.335342465753426,0.9090909090909091,2.5955056179775284,9.128205128205128,12.714285714285714,3.0,1
store_0002,sku_00168,Pet,ML_99,0.6089041095890412,0.0,0.6089041095890412,1.0,2.64,8.974358974358974,12.5,0.0,0
store_0002,sku_00169,Home,baseline_rolling_mean,2.6339383561643834,0.0,2.6339383561643834,1.0,1.8064516129032258,7.948717948717949,11.071428571428571,0.0,0
store_0002,sku_00169,Home,baseline_seasonal_naive,5.2168972602739725,0.0,5.2168972602739725,1.0,0.9120521172638437,15.743589743589743,21.928571428571427,0.0,0
store_0002,sku_00169,Home,ML_95,2.6339383561643834,0.0,2.6339383561643834,1.0,1.8064516129032258,7.948717948717949,11.071428571428571,0.0,0
store_0002,sku_00169,Home,ML_99,2.6339383561643834,0.0,2.6339383561643834,1.0,1.8064516129032258,7.948717948717949,11.071428571428571,0.0,0
store_0002,sku_00170,Pet,baseline_rolling_mean,0.23293150684931507,0.0,0.23293150684931507,1.0,1.0769230769230769,20.8,3.7142857142857144,0.0,0
store_0002,sku_00170,Pet,baseline_seasonal_naive,0.7973424657534246,0.0,0.7973424657534246,1.0,0.3146067415730337,71.19999999999999,12.714285714285714,0.0,0
store_0002,sku_00170,Pet,ML_95,0.19261643835616438,0.0,0.19261643835616438,1.0,1.3023255813953487,17.2,3.0714285714285716,0.0,0
store_0002,sku_00170,Pet,ML_99,0.20157534246575343,0.0,0.20157534246575343,1.0,1.2444444444444445,18.0,3.2142857142857144,0.0,0
store_0002,sku_00171,Beverages,baseline_rolling_mean,0.7793219178082188,0.0,0.7793219178082188,1.0,0.40579710144927533,12.545454545454547,4.928571428571429,0.0,0
store_0002,sku_00171,Beverages,baseline_seasonal_naive,1.4456986301369863,0.0,1.4456986301369863,1.0,0.21875,23.272727272727273,9.142857142857142,0.0,0
store_0002,sku_00171,Beverages,ML_95,0.7793219178082188,0.0,0.7793219178082188,1.0,0.40579710144927533,12.545454545454547,4.928571428571429,0.0,0
store_0002,sku_00171,Beverages,ML_99,0.7793219178082188,0.0,0.7793219178082188,1.0,0.40579710144927533,12.545454545454547,4.928571428571429,0.0,0
store_0002,sku_00172,Office,baseline_rolling_mean,0.9046575342465754,0.0,0.9046575342465754,1.0,0.6461538461538461,10.0,9.285714285714286,0.0,0
store_0002,sku_00172,Office,baseline_seasonal_naive,0.981205479452055,0.0,0.981205479452055,1.0,0.5957446808510638,10.846153846153845,10.071428571428571,0.0,0
store_0002,sku_00172,Office,ML_95,0.848986301369863,0.0,0.848986301369863,1.0,0.6885245901639345,9.384615384615383,8.714285714285714,0.0,0
store_0002,sku_00172,Office,ML_99,0.848986301369863,0.0,0.848986301369863,1.0,0.6885245901639345,9.384615384615383,8.714285714285714,0.0,0
store_0002,sku_00173,Bakery,baseline_rolling_mean,1.313315068493151,0.0,1.313315068493151,1.0,4.5,6.054054054054054,8.0,0.0,0
store_0002,sku_00173,Bakery,baseline_seasonal_naive,4.549698630136986,0.0,4.549698630136986,1.0,1.2989690721649485,20.972972972972975,27.714285714285715,0.0,0
store_0002,sku_00173,Bakery,ML_95,3.025315068493151,61.632000000000005,64.65731506849316,0.8888888888888888,1.9534883720930234,13.945945945945946,18.428571428571427,4.0,1
store_0002,sku_00173,Bakery,ML_99,3.025315068493151,61.632000000000005,64.65731506849316,0.8888888888888888,1.9534883720930234,13.945945945945946,18.428571428571427,4.0,1
store_0002,sku_00174,Beverages,baseline_rolling_mean,1.3825753424657534,0.0,1.3825753424657534,1.0,1.0120481927710843,13.833333333333334,11.857142857142858,0.0,0
store_0002,sku_00174,Beverages,baseline_seasonal_naive,2.4903013698630136,0.0,2.4903013698630136,1.0,0.5618729096989966,24.916666666666668,21.357142857142858,0.0,0
store_0002,sku_00174,Beverages,ML_95,0.6246575342465753,0.0,0.6246575342465753,1.0,2.24,6.25,5.357142857142857,0.0,0
store_0002,sku_00174,Beverages,ML_99,0.6246575342465753,0.0,0.6246575342465753,1.0,2.24,6.25,5.357142857142857,0.0,0
store_0002,sku_00175,Office,baseline_rolling_mean,0.6542876712328768,0.0,0.6542876712328768,1.0,2.0919540229885056,7.565217391304349,6.214285714285714,0.0,0
store_0002,sku_00175,Office,baseline_seasonal_naive,1.458986301369863,0.0,1.458986301369863,1.0,0.9381443298969072,16.869565217391305,13.857142857142858,0.0,0
store_0002,sku_00175,Office,ML_95,0.9776712328767123,0.0,0.9776712328767123,1.0,1.4,11.304347826086959,9.285714285714286,0.0,0
store_0002,sku_00175,Office,ML_99,0.9776712328767123,0.0,0.9776712328767123,1.0,1.4,11.304347826086959,9.285714285714286,0.0,0
store_0002,sku_00176,Beverages,baseline_rolling_mean,1.3812739726027397,0.0,1.3812739726027397,1.0,1.6065573770491806,10.166666666666666,8.714285714285714,0.0,0
store_0002,sku_00176,Beverages,baseline_seasonal_naive,2.162486301369863,0.0,2.162486301369863,1.0,1.0261780104712042,15.916666666666666,13.642857142857142,0.0,0
store_0002,sku_00176,Beverages,ML_95,0.758568493150685,0.0,0.758568493150685,1.0,2.925373134328358,5.583333333333334,4.785714285714286,0.0,0
store_0002,sku_00176,Beverages,ML_99,0.7812123287671234,0.0,0.7812123287671234,1.0,2.8405797101449273,5.750000000000001,4.928571428571429,0.0,0
store_0002,sku_00177,Seasonal,baseline_rolling_mean,2.5928904109589035,0.0,2.5928904109589035,1.0,1.5759162303664922,8.988235294117647,27.285714285714285,0.0,0
store_0002,sku_00177,Seasonal,baseline_seasonal_naive,2.7150684931506843,0.0,2.7150684931506843,1.0,1.505,9.411764705882353,28.571428571428573,0.0,0
store_0002,sku_00177,Seasonal,ML_95,1.907335616438356,0.0,1.907335616438356,1.0,2.1423487544483986,6.611764705882353,20.071428571428573,0.0,0
store_0002,sku_00177,Seasonal,ML_99,1.907335616438356,0.0,1.907335616438356,1.0,2.1423487544483986,6.611764705882353,20.071428571428573,0.0,0
store_0002,sku_00178,Office,baseline_rolling_mean,1.302390410958904,14.202,15.504390410958903,0.9545454545454546,2.5560165975103732,9.09433962264151,17.214285714285715,2.0,1
store_0002,sku_00178,Office,baseline_seasonal_naive,0.5674315068493151,7.101,7.668431506849315,0.9772727272727273,5.866666666666666,3.9622641509433962,7.5,1.0,1
store_0002,sku_00178,Office,ML_95,1.967095890410959,0.0,1.967095890410959,1.0,1.6923076923076923,13.735849056603774,26.0,0.0,0
store_0002,sku_00178,Office,ML_99,1.967095890410959,0.0,1.967095890410959,1.0,1.6923076923076923,13.735849056603774,26.0,0.0,0
store_0002,sku_00179,Household,baseline_rolling_mean,0.2864246575342466,58.400999999999996,58.687424657534244,0.5714285714285714,4.706896551724138,5.678321678321678,4.461538461538462,9.0,2
store_0002,sku_00179,Household,baseline_seasonal_naive,0.5086506849315069,0.0,0.5086506849315069,1.0,2.6504854368932036,10.083916083916085,7.923076923076923,0.0,0
store_0002,sku_00179,Household,ML_95,0.6321095890410959,19.467,20.099109589041095,0.8571428571428572,2.1328125,12.531468531468532,9.846153846153847,3.0,1
store_0002,sku_00179,Household,ML_99,0.6321095890410959,19.467,20.099109589041095,0.8571428571428572,2.1328125,12.531468531468532,9.846153846153847,3.0,1
store_0002,sku_00180,Seasonal,baseline_rolling_mean,2.7708835616438354,0.0,2.7708835616438354,1.0,1.1848552338530067,10.441860465116278,32.07142857142857,0.0,0
store_0002,sku_00180,Seasonal,baseline_seasonal_naive,3.2522397260273976,0.0,3.2522397260273976,1.0,1.0094876660341554,12.255813953488373,37.642857142857146,0.0,0
store_0002,sku_00180,Seasonal,ML_95,2.036506849315068,0.0,2.036506849315068,1.0,1.612121212121212,7.674418604651163,23.571428571428573,0.0,0
store_0002,sku_00180,Seasonal,ML_99,2.036506849315068,0.0,2.036506849315068,1.0,1.612121212121212,7.674418604651163,23.571428571428573,0.0,0
store_0002,sku_00181,Beverages,baseline_rolling_mean,0.10394520547945207,0.0,0.10394520547945207,1.0,0.0,28.0,1.0,0.0,0
store_0002,sku_00181,Beverages,baseline_seasonal_naive,0.10394520547945207,0.0,0.10394520547945207,1.0,0.0,28.0,1.0,0.0,0
store_0002,sku_00181,Beverages,ML_95,0.10394520547945207,0.0,0.10394520547945207,1.0,0.0,28.0,1.0,0.0,0
store_0002,sku_00181,Beverages,ML_99,0.10394520547945207,0.0,0.10394520547945207,1.0,0.0,28.0,1.0,0.0,0
store_0002,sku_00182,Dairy,baseline_rolling_mean,16.09198630136986,0.0,16.09198630136986,1.0,1.250485436893204,9.537037037037036,73.57142857142857,0.0,0
store_0002,sku_00182,Dairy,baseline_seasonal_naive,22.48191095890411,0.0,22.48191095890411,1.0,0.8950660180681028,13.324074074074074,102.78571428571429,0.0,0
store_0002,sku_00182,Dairy,ML_95,12.10804794520548,0.0,12.10804794520548,1.0,1.661935483870968,7.175925925925926,55.357142857142854,0.0,0
store_0002,sku_00182,Dairy,ML_99,12.10804794520548,0.0,12.10804794520548,1.0,1.661935483870968,7.175925925925926,55.357142857142854,0.0,0
store_0002,sku_00183,Dairy,baseline_rolling_mean,5.673835616438356,0.0,5.673835616438356,1.0,1.183505154639175,9.603960396039605,34.642857142857146,0.0,0
store_0002,sku_00183,Dairy,baseline_seasonal_naive,5.919506849315068,0.0,5.919506849315068,1.0,1.134387351778656,10.01980198019802,36.142857142857146,0.0,0
store_0002,sku_00183,Dairy,ML_95,4.199808219178082,0.0,4.199808219178082,1.0,1.5988857938718664,7.108910891089109,25.642857142857142,0.0,0
store_0002,sku_00183,Dairy,ML_99,4.199808219178082,0.0,4.199808219178082,1.0,1.5988857938718664,7.108910891089109,25.642857142857142,0.0,0
store_0002,sku_00184,Household,baseline_rolling_mean,0.615986301369863,10.376999999999999,10.992986301369863,0.9285714285714286,2.5128205128205128,6.782608695652174,5.571428571428571,1.0,1
store_0002,sku_00184,Household,baseline_seasonal_naive,1.1293082191780823,0.0,1.1293082191780823,1.0,1.3706293706293706,12.434782608695652,10.214285714285714,0.0,0
store_0002,sku_00184,Household,ML_95,0.916082191780822,10.376999999999999,11.29308219178082,0.9285714285714286,1.689655172413793,10.086956521739133,8.285714285714286,1.0,1
store_0002,sku_00184,Household,ML_99,0.916082191780822,10.376999999999999,11.29308219178082,0.9285714285714286,1.689655172413793,10.086956521739133,8.285714285714286,1.0,1
store_0002,sku_00185,Garden,baseline_rolling_mean,9.613150684931504,0.0,9.613150684931504,1.0,2.369791666666667,6.857142857142857,27.428571428571427,0.0,0
store_0002,sku_00185,Garden,baseline_seasonal_naive,10.76472602739726,0.0,10.76472602739726,1.0,2.1162790697674416,7.678571428571429,30.714285714285715,0.0,0
store_0002,sku_00185,Garden,ML_95,13.393321917808219,0.0,13.393321917808219,1.0,1.7009345794392523,9.553571428571429,38.214285714285715,0.0,0
store_0002,sku_00185,Garden,ML_99,13.468424657534246,0.0,13.468424657534246,1.0,1.691449814126394,9.607142857142858,38.42857142857143,0.0,0
store_0002,sku_00186,Produce,baseline_rolling_mean,3.231513698630137,0.0,3.231513698630137,1.0,2.9946524064171123,6.338983050847458,13.357142857142858,0.0,0
store_0002,sku_00186,Produce,baseline_seasonal_naive,4.233801369863015,68.12100000000001,72.35480136986303,0.925,2.2857142857142856,8.305084745762711,17.5,3.0,1
store_0002,sku_00186,Produce,ML_95,6.877767123287671,68.12100000000001,74.99876712328768,0.925,1.407035175879397,13.491525423728813,28.428571428571427,3.0,1
store_0002,sku_00186,Produce,ML_99,6.877767123287671,68.12100000000001,74.99876712328768,0.925,1.407035175879397,13.491525423728813,28.428571428571427,3.0,1
store_0002,sku_00187,Pet,baseline_rolling_mean,1.808527397260274,0.0,1.808527397260274,1.0,0.9655172413793103,12.985074626865673,31.071428571428573,0.0,0
store_0002,sku_00187,Pet,baseline_seasonal_naive,3.1555684931506853,0.0,3.1555684931506853,1.0,0.5533596837944664,22.65671641791045,54.214285714285715,0.0,0
store_0002,sku_00187,Pet,ML_95,0.9146575342465753,0.0,0.9146575342465753,1.0,1.9090909090909092,6.567164179104477,15.714285714285714,0.0,0
store_0002,sku_00187,Pet,ML_99,0.9146575342465753,0.0,0.9146575342465753,1.0,1.9090909090909092,6.567164179104477,15.714285714285714,0.0,0
store_0002,sku_00188,Seasonal,baseline_rolling_mean,9.617465753424659,0.0,9.617465753424659,1.0,1.2612612612612613,8.671875000000002,39.642857142857146,0.0,0
store_0002,sku_00188,Seasonal,baseline_seasonal_naive,13.75904109589041,0.0,13.75904109589041,1.0,0.8816120906801007,12.406250000000002,56.714285714285715,0.0,0
store_0002,sku_00188,Seasonal,ML_95,9.132260273972602,0.0,9.132260273972602,1.0,1.3282732447817835,8.234375000000002,37.642857142857146,0.0,0
store_0002,sku_00188,Seasonal,ML_99,9.132260273972602,0.0,9.132260273972602,1.0,1.3282732447817835,8.234375000000002,37.642857142857146,0.0,0
store_0002,sku_00189,Frozen,baseline_rolling_mean,1.5094109589041094,0.0,1.5094109589041094,1.0,1.2424242424242424,10.153846153846153,33.0,0.0,0
store_0002,sku_00189,Frozen,baseline_seasonal_naive,1.4996095890410956,0.0,1.4996095890410956,1.0,1.2505446623093683,10.087912087912088,32.785714285714285,0.0,0
store_0002,sku_00189,Frozen,ML_95,1.0193424657534245,0.0,1.0193424657534245,1.0,1.8397435897435899,6.857142857142857,22.285714285714285,0.0,0
store_0002,sku_00189,Frozen,ML_99,1.0193424657534245,0.0,1.0193424657534245,1.0,1.8397435897435899,6.857142857142857,22.285714285714285,0.0,0
store_0002,sku_00190,Seasonal,baseline_rolling_mean,3.7158904109589037,0.0,3.7158904109589037,1.0,1.7323232323232325,8.608695652173912,28.285714285714285,0.0,0
store_0002,sku_00190,Seasonal,baseline_seasonal_naive,3.6877397260273965,0.0,3.6877397260273965,1.0,1.7455470737913485,8.543478260869566,28.071428571428573,0.0,0
store_0002,sku_00190,Seasonal,ML_95,2.392808219178082,36.989999999999995,39.382808219178074,0.9387755102040817,2.6901960784313723,5.543478260869565,18.214285714285715,3.0,1
store_0002,sku_00190,Seasonal,ML_99,2.392808219178082,36.989999999999995,39.382808219178074,0.9387755102040817,2.6901960784313723,5.543478260869565,18.214285714285715,3.0,1
store_0002,sku_00191,Health,baseline_rolling_mean,0.4157671232876712,38.052,38.46776712328767,0.78125,4.45771144278607,6.0,14.357142857142858,14.0,3
store_0002,sku_00191,Health,baseline_seasonal_naive,1.1955890410958903,0.0,1.1955890410958903,1.0,1.5501730103806228,17.253731343283583,41.285714285714285,0.0,0
store_0002,sku_00191,Health,ML_95,0.7736164383561643,0.0,0.7736164383561643,1.0,2.3957219251336896,11.164179104477613,26.714285714285715,0.0,0
store_0002,sku_00191,Health,ML_99,0.7736164383561643,0.0,0.7736164383561643,1.0,2.3957219251336896,11.164179104477613,26.714285714285715,0.0,0
store_0002,sku_00192,Toys,baseline_rolling_mean,1.001958904109589,73.14299999999999,74.14495890410957,0.75,3.111111111111111,6.146341463414634,9.0,7.0,3
store_0002,sku_00192,Toys,baseline_seasonal_naive,1.852828767123288,0.0,1.852828767123288,1.0,1.6824034334763949,11.365853658536587,16.642857142857142,0.0,0
store_0002,sku_00192,Toys,ML_95,2.4015205479452058,41.79599999999999,44.197520547945196,0.8571428571428572,1.2980132450331126,14.731707317073173,21.571428571428573,4.0,1
store_0002,sku_00192,Toys,ML_99,2.4015205479452058,41.79599999999999,44.197520547945196,0.8571428571428572,1.2980132450331126,14.731707317073173,21.571428571428573,4.0,1
store_0002,sku_00193,Electronics,baseline_rolling_mean,3.3342123287671237,0.0,3.3342123287671237,1.0,0.988235294117647,10.408163265306124,18.214285714285715,0.0,0
store_0002,sku_00193,Electronics,baseline_seasonal_naive,4.380239726027397,0.0,4.380239726027397,1.0,0.7522388059701492,13.673469387755102,23.928571428571427,0.0,0
store_0002,sku_00193,Electronics,ML_95,2.6935205479452056,0.0,2.6935205479452056,1.0,1.2233009708737865,8.408163265306122,14.714285714285714,0.0,0
store_0002,sku_00193,Electronics,ML_99,2.6935205479452056,0.0,2.6935205479452056,1.0,1.2233009708737865,8.408163265306122,14.714285714285714,0.0,0
store_0002,sku_00194,Baby,baseline_rolling_mean,0.14969178082191784,0.0,0.14969178082191784,1.0,1.7872340425531914,8.545454545454545,3.357142857142857,0.0,0
store_0002,sku_00194,Baby,baseline_seasonal_naive,0.22294520547945207,0.0,0.22294520547945207,1.0,1.2,12.727272727272728,5.0,0.0,0
store_0002,sku_00194,Baby,ML_95,0.13058219178082195,0.0,0.13058219178082195,1.0,2.048780487804878,7.454545454545454,2.9285714285714284,0.0,0
store_0002,sku_00194,Baby,ML_99,0.22613013698630138,0.0,0.22613013698630138,1.0,1.1830985915492958,12.909090909090908,5.071428571428571,0.0,0
store_0002,sku_00195,Meat,baseline_rolling_mean,5.1358356164383565,0.0,5.1358356164383565,1.0,2.318471337579618,7.566265060240963,22.428571428571427,0.0,0
store_0002,sku_00195,Meat,baseline_seasonal_naive,8.292575342465753,0.0,8.292575342465753,1.0,1.435897435897436,12.216867469879517,36.214285714285715,0.0,0
store_0002,sku_00195,Meat,ML_95,5.57745205479452,64.476,70.05345205479452,0.9423076923076923,2.134897360703812,8.216867469879517,24.357142857142858,3.0,1
store_0002,sku_00195,Meat,ML_99,5.57745205479452,64.476,70.05345205479452,0.9423076923076923,2.134897360703812,8.216867469879517,24.357142857142858,3.0,1
store_0002,sku_00196,Pet,baseline_rolling_mean,1.4740753424657536,0.0,1.4740753424657536,1.0,0.8465116279069768,10.238095238095239,15.357142857142858,0.0,0
store_0002,sku_00196,Pet,baseline_seasonal_naive,2.2762465753424657,0.0,2.2762465753424657,1.0,0.5481927710843373,15.80952380952381,23.714285714285715,0.0,0
store_0002,sku_00196,Pet,ML_95,1.4740753424657536,0.0,1.4740753424657536,1.0,0.8465116279069768,10.238095238095239,15.357142857142858,0.0,0
store_0002,sku_00196,Pet,ML_99,1.4740753424657536,0.0,1.4740753424657536,1.0,0.8465116279069768,10.238095238095239,15.357142857142858,0.0,0
store_0002,sku_00197,Automotive,baseline_rolling_mean,0.27341780821917805,0.0,0.27341780821917805,1.0,1.0994764397905759,13.172413793103447,13.642857142857142,0.0,0
store_0002,sku_00197,Automotive,baseline_seasonal_naive,0.47669178082191777,0.0,0.47669178082191777,1.0,0.6306306306306306,22.965517241379306,23.785714285714285,0.0,0
store_0002,sku_00197,Automotive,ML_95,0.16891780821917807,0.0,0.16891780821917807,1.0,1.7796610169491525,8.137931034482758,8.428571428571429,0.0,0
store_0002,sku_00197,Automotive,ML_99,0.16891780821917807,0.0,0.16891780821917807,1.0,1.7796610169491525,8.137931034482758,8.428571428571429,0.0,0
store_0002,sku_00198,Grocery,baseline_rolling_mean,3.3177328767123297,0.0,3.3177328767123297,1.0,1.177570093457944,8.337662337662337,22.928571428571427,0.0,0
store_0002,sku_00198,Grocery,baseline_seasonal_naive,5.209150684931506,0.0,5.209150684931506,1.0,0.75,13.090909090909092,36.0,0.0,0
store_0002,sku_00198,Grocery,ML_95,3.224712328767124,0.0,3.224712328767124,1.0,1.2115384615384617,8.103896103896103,22.285714285714285,0.0,0
store_0002,sku_00198,Grocery,ML_99,3.224712328767124,0.0,3.224712328767124,1.0,1.2115384615384617,8.103896103896103,22.285714285714285,0.0,0
store_0002,sku_00199,Office,baseline_rolling_mean,0.9176986301369865,0.0,0.9176986301369865,1.0,1.240506329113924,9.294117647058824,11.285714285714286,0.0,0
store_0002,sku_00199,Office,baseline_seasonal_naive,1.7076164383561645,0.0,1.7076164383561645,1.0,0.6666666666666666,17.294117647058826,21.0,0.0,0
store_0002,sku_00199,Office,ML_95,0.9176986301369865,0.0,0.9176986301369865,1.0,1.240506329113924,9.294117647058824,11.285714285714286,0.0,0
store_0002,sku_00199,Office,ML_99,0.9176986301369865,0.0,0.9176986301369865,1.0,1.240506329113924,9.294117647058824,11.285714285714286,0.0,0
store_0002,sku_00200,Pet,baseline_rolling_mean,0.5851095890410959,0.0,0.5851095890410959,1.0,3.0082644628099175,6.722222222222221,8.642857142857142,0.0,0
store_0002,sku_00200,Pet,baseline_seasonal_naive,1.629602739726027,0.0,1.629602739726027,1.0,1.0801186943620178,18.72222222222222,24.071428571428573,0.0,0
store_0002,sku_00200,Pet,ML_95,0.7108356164383561,6.353999999999999,7.064835616438355,0.9615384615384616,2.4761904761904763,8.166666666666666,10.5,1.0,1
store_0002,sku_00200,Pet,ML_99,0.8027123287671233,0.0,0.8027123287671233,1.0,2.192771084337349,9.222222222222221,11.857142857142858,0.0,0
store_0003,sku_00001,Dairy,baseline_rolling_mean,0.6921232876712329,54.567,55.25912328767123,0.8571428571428572,5.88,4.545454545454546,3.5714285714285716,3.0,3
store_0003,sku_00001,Dairy,baseline_seasonal_naive,2.810020547945206,18.189,20.999020547945207,0.9523809523809523,1.4482758620689655,18.454545454545453,14.5,1.0,1
store_0003,sku_00001,Dairy,ML_95,2.6300684931506844,18.189,20.819068493150684,0.9523809523809523,1.5473684210526315,17.272727272727273,13.571428571428571,1.0,1
store_0003,sku_00001,Dairy,ML_99,2.6300684931506844,18.189,20.819068493150684,0.9523809523809523,1.5473684210526315,17.272727272727273,13.571428571428571,1.0,1
store_0003,sku_00002,Automotive,baseline_rolling_mean,0.34027397260273984,0.0,0.34027397260273984,1.0,0.3652173913043479,13.529411764705882,8.214285714285714,0.0,0
store_0003,sku_00002,Automotive,baseline_seasonal_naive,0.5473972602739726,0.0,0.5473972602739726,1.0,0.22702702702702704,21.764705882352942,13.214285714285714,0.0,0
store_0003,sku_00002,Automotive,ML_95,0.3195616438356165,0.0,0.3195616438356165,1.0,0.3888888888888889,12.705882352941178,7.714285714285714,0.0,0
store_0003,sku_00002,Automotive,ML_99,0.3195616438356165,0.0,0.3195616438356165,1.0,0.3888888888888889,12.705882352941178,7.714285714285714,0.0,0
store_0003,sku_00003,Toys,baseline_rolling_mean,2.118575342465753,0.0,2.118575342465753,1.0,1.3611111111111112,8.470588235294118,15.428571428571429,0.0,0
store_0003,sku_00003,Toys,baseline_seasonal_naive,3.6584657534246574,0.0,3.6584657534246574,1.0,0.7882037533512064,14.627450980392156,26.642857142857142,0.0,0
store_0003,sku_00003,Toys,ML_95,2.0793424657534247,0.0,2.0793424657534247,1.0,1.3867924528301887,8.313725490196079,15.142857142857142,0.0,0
store_0003,sku_00003,Toys,ML_99,2.0793424657534247,0.0,2.0793424657534247,1.0,1.3867924528301887,8.313725490196079,15.142857142857142,0.0,0
store_0003,sku_00004,Beverages,baseline_rolling_mean,0.1942876712328767,9.819,10.013287671232877,0.875,4.3076923076923075,7.428571428571429,1.8571428571428572,1.0,1
store_0003,sku_00004,Beverages,baseline_seasonal_naive,0.4259383561643836,0.0,0.4259383561643836,1.0,1.9649122807017545,16.285714285714285,4.071428571428571,0.0,0
store_0003,sku_00004,Beverages,ML_95,0.3960479452054795,0.0,0.3960479452054795,1.0,2.1132075471698113,15.142857142857142,3.7857142857142856,0.0,0
store_0003,sku_00004,Beverages,ML_99,0.3960479452054795,0.0,0.3960479452054795,1.0,2.1132075471698113,15.142857142857142,3.7857142857142856,0.0,0
store_0003,sku_00005,Apparel,baseline_rolling_mean,0.12328767123287673,0.0,0.12328767123287673,1.0,0.2916666666666667,13.714285714285714,3.4285714285714284,0.0,0
store_0003,sku_00005,Apparel,baseline_seasonal_naive,0.22602739726027396,0.0,0.22602739726027396,1.0,0.1590909090909091,25.142857142857142,6.285714285714286,0.0,0
store_0003,sku_00005,Apparel,ML_95,0.12328767123287673,0.0,0.12328767123287673,1.0,0.2916666666666667,13.714285714285714,3.4285714285714284,0.0,0
store_0003,sku_00005,Apparel,ML_99,0.12328767123287673,0.0,0.12328767123287673,1.0,0.2916666666666667,13.714285714285714,3.4285714285714284,0.0,0
store_0003,sku_00006,Meat,baseline_rolling_mean,0.2745479452054794,49.19399999999999,49.468547945205465,0.5714285714285714,4.136363636363637,5.923076923076923,1.6923076923076923,3.0,3
store_0003,sku_00006,Meat,baseline_seasonal_naive,0.7612465753424656,16.397999999999996,17.15924657534246,0.8571428571428572,1.4918032786885245,16.423076923076923,4.6923076923076925,1.0,1
store_0003,sku_00006,Meat,ML_95,0.9109999999999998,16.397999999999996,17.308999999999997,0.8571428571428572,1.2465753424657535,19.653846153846153,5.615384615384615,1.0,1
store_0003,sku_00006,Meat,ML_99,0.9109999999999998,16.397999999999996,17.308999999999997,0.8571428571428572,1.2465753424657535,19.653846153846153,5.615384615384615,1.0,1
store_0003,sku_00007,Office,baseline_rolling_mean,0.8083561643835616,0.0,0.8083561643835616,1.0,0.9,11.666666666666668,10.0,0.0,0
store_0003,sku_00007,Office,baseline_seasonal_naive,0.8891917808219176,0.0,0.8891917808219176,1.0,0.8181818181818182,12.833333333333334,11.0,0.0,0
store_0003,sku_00007,Office,ML_95,0.5138835616438355,0.0,0.5138835616438355,1.0,1.4157303370786518,7.416666666666667,6.357142857142857,0.0,0
store_0003,sku_00007,Office,ML_99,0.5138835616438355,0.0,0.5138835616438355,1.0,1.4157303370786518,7.416666666666667,6.357142857142857,0.0,0
store_0003,sku_00008,Seasonal,baseline_rolling_mean,1.8611369863013696,0.0,1.8611369863013696,1.0,1.6923076923076923,7.91304347826087,13.0,0.0,0
store_0003,sku_00008,Seasonal,baseline_seasonal_naive,1.840684931506849,0.0,1.840684931506849,1.0,1.711111111111111,7.82608695652174,12.857142857142858,0.0,0
store_0003,sku_00008,Seasonal,ML_95,1.840684931506849,0.0,1.840684931506849,1.0,1.711111111111111,7.82608695652174,12.857142857142858,0.0,0
store_0003,sku_00008,Seasonal,ML_99,1.840684931506849,0.0,1.840684931506849,1.0,1.711111111111111,7.82608695652174,12.857142857142858,0.0,0
store_0003,sku_00009,Beauty,baseline_rolling_mean,0.3397397260273972,0.0,0.3397397260273972,1.0,0.0,16.8,3.0,0.0,0
store_0003,sku_00009,Beauty,baseline_seasonal_naive,0.42871917808219173,0.0,0.42871917808219173,1.0,0.0,21.2,3.7857142857142856,0.0,0
store_0003,sku_00009,Beauty,ML_95,0.3397397260273972,0.0,0.3397397260273972,1.0,0.0,16.8,3.0,0.0,0
store_0003,sku_00009,Beauty,ML_99,0.3397397260273972,0.0,0.3397397260273972,1.0,0.0,16.8,3.0,0.0,0
store_0003,sku_00010,Dairy,baseline_rolling_mean,4.132431506849316,0.0,4.132431506849316,1.0,1.7134328358208957,10.307692307692307,23.928571428571427,0.0,0
store_0003,sku_00010,Dairy,baseline_seasonal_naive,4.403815068493151,0.0,4.403815068493151,1.0,1.607843137254902,10.984615384615383,25.5,0.0,0
store_0003,sku_00010,Dairy,ML_95,4.514835616438356,64.83600000000001,69.35083561643837,0.9024390243902439,1.5683060109289617,11.26153846153846,26.142857142857142,4.0,1
store_0003,sku_00010,Dairy,ML_99,4.514835616438356,64.83600000000001,69.35083561643837,0.9024390243902439,1.5683060109289617,11.26153846153846,26.142857142857142,4.0,1
store_0003,sku_00011,Bakery,baseline_rolling_mean,0.6322602739726028,8.145000000000001,8.777260273972605,0.9375,2.196078431372549,9.714285714285714,7.285714285714286,1.0,1
store_0003,sku_00011,Bakery,baseline_seasonal_naive,0.533082191780822,16.290000000000003,16.823082191780824,0.875,2.6046511627906974,8.190476190476192,6.142857142857143,2.0,1
store_0003,sku_00011,Bakery,ML_95,1.0165753424657538,16.290000000000003,17.306575342465756,0.875,1.3658536585365855,15.619047619047619,11.714285714285714,2.0,1
store_0003,sku_00011,Bakery,ML_99,0.9917808219178083,0.0,0.9917808219178083,1.0,1.4,15.238095238095239,11.428571428571429,0.0,0
store_0003,sku_00012,Household,baseline_rolling_mean,0.966986301369863,0.0,0.966986301369863,1.0,1.005128205128205,12.187500000000002,13.928571428571429,0.0,0
store_0003,sku_00012,Household,baseline_seasonal_naive,1.839753424657534,0.0,1.839753424657534,1.0,0.5283018867924528,23.1875,26.5,0.0,0
store_0003,sku_00012,Household,ML_95,0.5405205479452055,0.0,0.5405205479452055,1.0,1.798165137614679,6.8125,7.785714285714286,0.0,0
store_0003,sku_00012,Household,ML_99,0.5405205479452055,0.0,0.5405205479452055,1.0,1.798165137614679,6.8125,7.785714285714286,0.0,0
store_0003,sku_00013,Automotive,baseline_rolling_mean,0.6317465753424657,0.0,0.6317465753424657,1.0,1.2727272727272727,10.64516129032258,11.785714285714286,0.0,0
store_0003,sku_00013,Automotive,baseline_seasonal_naive,1.060568493150685,0.0,1.060568493150685,1.0,0.7581227436823105,17.87096774193548,19.785714285714285,0.0,0
store_0003,sku_00013,Automotive,ML_95,0.336931506849315,0.0,0.336931506849315,1.0,2.3863636363636362,5.677419354838709,6.285714285714286,0.0,0
store_0003,sku_00013,Automotive,ML_99,0.336931506849315,0.0,0.336931506849315,1.0,2.3863636363636362,5.677419354838709,6.285714285714286,0.0,0
store_0003,sku_00014,Home,baseline_rolling_mean,1.482609589041096,0.0,1.482609589041096,1.0,1.2941176470588236,10.347826086956522,8.5,0.0,0
store_0003,sku_00014,Home,baseline_seasonal_naive,1.2957260273972606,0.0,1.2957260273972606,1.0,1.4807692307692306,9.043478260869566,7.428571428571429,0.0,0
store_0003,sku_00014,Home,ML_95,0.8970410958904111,0.0,0.8970410958904111,1.0,2.138888888888889,6.260869565217392,5.142857142857143,0.0,0
store_0003,sku_00014,Home,ML_99,0.8970410958904111,0.0,0.8970410958904111,1.0,2.138888888888889,6.260869565217392,5.142857142857143,0.0,0
store_0003,sku_00015,Office,baseline_rolling_mean,0.29167808219178076,22.544999999999998,22.836678082191778,0.7692307692307692,3.5686274509803924,6.0,3.642857142857143,3.0,3
store_0003,sku_00015,Office,baseline_seasonal_naive,0.36030821917808215,7.515,7.875308219178081,0.9230769230769231,2.888888888888889,7.411764705882353,4.5,1.0,1
store_0003,sku_00015,Office,ML_95,0.7091780821917807,7.515,8.22417808219178,0.9230769230769231,1.4677419354838708,14.588235294117649,8.857142857142858,1.0,1
store_0003,sku_00015,Office,ML_99,0.7091780821917807,7.515,8.22417808219178,0.9230769230769231,1.4677419354838708,14.588235294117649,8.857142857142858,1.0,1
store_0003,sku_00016,Office,baseline_rolling_mean,5.005,0.0,5.005,1.0,1.7818181818181817,7.475728155339806,27.5,0.0,0
store_0003,sku_00016,Office,baseline_seasonal_naive,6.825,0.0,6.825,1.0,1.3066666666666666,10.194174757281553,37.5,0.0,0
store_0003,sku_00016,Office,ML_95,4.459,0.0,4.459,1.0,2.0,6.660194174757282,24.5,0.0,0
store_0003,sku_00016,Office,ML_99,4.459,0.0,4.459,1.0,2.0,6.660194174757282,24.5,0.0,0
store_0003,sku_00017,Meat,baseline_rolling_mean,3.064438356164384,0.0,3.064438356164384,1.0,0.40384615384615385,14.857142857142858,7.428571428571429,0.0,0
store_0003,sku_00017,Meat,baseline_seasonal_naive,5.539561643835616,0.0,5.539561643835616,1.0,0.22340425531914893,26.857142857142858,13.428571428571429,0.0,0
store_0003,sku_00017,Meat,ML_95,2.0331369863013693,0.0,2.0331369863013693,1.0,0.608695652173913,9.857142857142858,4.928571428571429,0.0,0
store_0003,sku_00017,Meat,ML_99,2.0331369863013693,0.0,2.0331369863013693,1.0,0.608695652173913,9.857142857142858,4.928571428571429,0.0,0
store_0003,sku_00018,Beauty,baseline_rolling_mean,0.23080136986301364,0.0,0.23080136986301364,1.0,1.8064516129032258,7.750000000000001,2.2142857142857144,0.0,0
store_0003,sku_00018,Beauty,baseline_seasonal_naive,0.24569178082191778,0.0,0.24569178082191778,1.0,1.696969696969697,8.25,2.357142857142857,0.0,0
store_0003,sku_00018,Beauty,ML_95,0.3648150684931506,0.0,0.3648150684931506,1.0,1.1428571428571428,12.25,3.5,0.0,0
store_0003,sku_00018,Beauty,ML_99,0.3648150684931506,0.0,0.3648150684931506,1.0,1.1428571428571428,12.25,3.5,0.0,0
store_0003,sku_00019,Pet,baseline_rolling_mean,0.31721917808219174,0.0,0.31721917808219174,1.0,4.048192771084337,6.384615384615385,5.928571428571429,0.0,0
store_0003,sku_00019,Pet,baseline_seasonal_naive,0.3516164383561643,0.0,0.3516164383561643,1.0,3.6521739130434785,7.076923076923077,6.571428571428571,0.0,0
store_0003,sku_00019,Pet,ML_95,0.6573698630136986,0.0,0.6573698630136986,1.0,1.9534883720930232,13.230769230769232,12.285714285714286,0.0,0
store_0003,sku_00019,Pet,ML_99,0.6573698630136986,0.0,0.6573698630136986,1.0,1.9534883720930232,13.230769230769232,12.285714285714286,0.0,0
store_0003,sku_00020,Pet,baseline_rolling_mean,0.5503972602739726,0.0,0.5503972602739726,1.0,1.6610169491525424,8.74074074074074,8.428571428571429,0.0,0
store_0003,sku_00020,Pet,baseline_seasonal_naive,0.9002260273972602,0.0,0.9002260273972602,1.0,1.015544041450777,14.296296296296298,13.785714285714286,0.0,0
store_0003,sku_00020,Pet,ML_95,0.4104657534246575,0.0,0.4104657534246575,1.0,2.2272727272727275,6.518518518518518,6.285714285714286,0.0,0
store_0003,sku_00020,Pet,ML_99,0.4104657534246575,0.0,0.4104657534246575,1.0,2.2272727272727275,6.518518518518518,6.285714285714286,0.0,0
store_0003,sku_00021,Grocery,baseline_rolling_mean,1.637986301369863,0.0,1.637986301369863,1.0,1.5412844036697249,9.083333333333334,7.785714285714286,0.0,0
store_0003,sku_00021,Grocery,baseline_seasonal_naive,2.329246575342466,0.0,2.329246575342466,1.0,1.0838709677419356,12.916666666666668,11.071428571428571,0.0,0
store_0003,sku_00021,Grocery,ML_95,1.3224109589041095,0.0,1.3224109589041095,1.0,1.9090909090909092,7.333333333333334,6.285714285714286,0.0,0
store_0003,sku_00021,Grocery,ML_99,1.3224109589041095,0.0,1.3224109589041095,1.0,1.9090909090909092,7.333333333333334,6.285714285714286,0.0,0
store_0003,sku_00022,Baby,baseline_rolling_mean,0.21369863013698623,0.0,0.21369863013698623,1.0,0.175,13.333333333333334,5.714285714285714,0.0,0
store_0003,sku_00022,Baby,baseline_seasonal_naive,0.34191780821917805,0.0,0.34191780821917805,1.0,0.109375,21.333333333333332,9.142857142857142,0.0,0
store_0003,sku_00022,Baby,ML_95,0.21369863013698623,0.0,0.21369863013698623,1.0,0.175,13.333333333333334,5.714285714285714,0.0,0
store_0003,sku_00022,Baby,ML_99,0.21369863013698623,0.0,0.21369863013698623,1.0,0.175,13.333333333333334,5.714285714285714,0.0,0
store_0003,sku_00023,Meat,baseline_rolling_mean,2.0859657534246576,0.0,2.0859657534246576,1.0,0.8187134502923977,17.999999999999996,12.214285714285714,0.0,0
store_0003,sku_00023,Meat,baseline_seasonal_naive,2.4397260273972603,0.0,2.4397260273972603,1.0,0.7,21.05263157894737,14.285714285714286,0.0,0
store_0003,sku_00023,Meat,ML_95,0.7807123287671233,0.0,0.7807123287671233,1.0,2.1875,6.7368421052631575,4.571428571428571,0.0,0
store_0003,sku_00023,Meat,ML_99,0.7807123287671233,0.0,0.7807123287671233,1.0,2.1875,6.7368421052631575,4.571428571428571,0.0,0
store_0003,sku_00024,Seasonal,baseline_rolling_mean,1.5483904109589042,38.754000000000005,40.30239041095891,0.9459459459459459,4.933333333333334,5.833333333333333,7.5,2.0,1
store_0003,sku_00024,Seasonal,baseline_seasonal_naive,1.8433219178082192,38.754000000000005,40.59732191780822,0.9459459459459459,4.144,6.944444444444444,8.928571428571429,2.0,1
store_0003,sku_00024,Seasonal,ML_95,3.996321917808219,38.754000000000005,42.75032191780822,0.9459459459459459,1.9114391143911438,15.055555555555555,19.357142857142858,2.0,1
store_0003,sku_00024,Seasonal,ML_99,3.996321917808219,38.754000000000005,42.75032191780822,0.9459459459459459,1.9114391143911438,15.055555555555555,19.357142857142858,2.0,1
store_0003,sku_00025,Home,baseline_rolling_mean,4.218650684931507,0.0,4.218650684931507,1.0,0.6698564593301435,11.942857142857143,14.928571428571429,0.0,0
store_0003,sku_00025,Home,baseline_seasonal_naive,7.206020547945206,0.0,7.206020547945206,1.0,0.39215686274509803,20.4,25.5,0.0,0
store_0003,sku_00025,Home,ML_95,3.532363013698631,0.0,3.532363013698631,1.0,0.8,10.0,12.5,0.0,0
store_0003,sku_00025,Home,ML_99,3.532363013698631,0.0,3.532363013698631,1.0,0.8,10.0,12.5,0.0,0
store_0003,sku_00026,Garden,baseline_rolling_mean,4.036130136986301,0.0,4.036130136986301,1.0,1.382716049382716,10.125,17.357142857142858,0.0,0
store_0003,sku_00026,Garden,baseline_seasonal_naive,6.344863013698631,0.0,6.344863013698631,1.0,0.8795811518324608,15.916666666666666,27.285714285714285,0.0,0
store_0003,sku_00026,Garden,ML_95,2.740582191780822,0.0,2.740582191780822,1.0,2.036363636363636,6.875000000000001,11.785714285714286,0.0,0
store_0003,sku_00026,Garden,ML_99,2.740582191780822,0.0,2.740582191780822,1.0,2.036363636363636,6.875000000000001,11.785714285714286,0.0,0
store_0003,sku_00027,Seasonal,baseline_rolling_mean,1.5880273972602736,0.0,1.5880273972602736,1.0,3.5251798561151078,6.043478260869565,9.928571428571429,0.0,0
store_0003,sku_00027,Seasonal,baseline_seasonal_naive,1.668,0.0,1.668,1.0,3.356164383561644,6.347826086956522,10.428571428571429,0.0,0
store_0003,sku_00027,Seasonal,ML_95,2.387753424657534,0.0,2.387753424657534,1.0,2.3444976076555024,9.08695652173913,14.928571428571429,0.0,0
store_0003,sku_00027,Seasonal,ML_99,2.387753424657534,0.0,2.387753424657534,1.0,2.3444976076555024,9.08695652173913,14.928571428571429,0.0,0
store_0003,sku_00028,Beauty,baseline_rolling_mean,0.2954383561643835,0.0,0.2954383561643835,1.0,0.0,14.0,3.0,0.0,0
store_0003,sku_00028,Beauty,baseline_seasonal_naive,0.37281506849315066,0.0,0.37281506849315066,1.0,0.0,17.666666666666668,3.7857142857142856,0.0,0
store_0003,sku_00028,Beauty,ML_95,0.2954383561643835,0.0,0.2954383561643835,1.0,0.0,14.0,3.0,0.0,0
store_0003,sku_00028,Beauty,ML_99,0.2954383561643835,0.0,0.2954383561643835,1.0,0.0,14.0,3.0,0.0,0
store_0003,sku_00029,Bakery,baseline_rolling_mean,0.22750684931506854,0.0,0.22750684931506854,1.0,1.75,9.6,1.7142857142857142,0.0,0
store_0003,sku_00029,Bakery,baseline_seasonal_naive,0.7204383561643836,0.0,0.7204383561643836,1.0,0.5526315789473684,30.400000000000002,5.428571428571429,0.0,0
store_0003,sku_00029,Bakery,ML_95,0.19906849315068498,0.0,0.19906849315068498,1.0,2.0,8.4,1.5,0.0,0
store_0003,sku_00029,Bakery,ML_99,0.19906849315068498,0.0,0.19906849315068498,1.0,2.0,8.4,1.5,0.0,0
store_0003,sku_00030,Household,baseline_rolling_mean,0.36773287671232885,0.0,0.36773287671232885,1.0,1.0566037735849056,9.636363636363637,3.7857142857142856,0.0,0
store_0003,sku_00030,Household,baseline_seasonal_naive,0.7354657534246575,0.0,0.7354657534246575,1.0,0.5283018867924528,19.272727272727273,7.571428571428571,0.0,0
store_0003,sku_00030,Household,ML_95,0.36773287671232885,0.0,0.36773287671232885,1.0,1.0566037735849056,9.636363636363637,3.7857142857142856,0.0,0
store_0003,sku_00030,Household,ML_99,0.36773287671232885,0.0,0.36773287671232885,1.0,1.0566037735849056,9.636363636363637,3.7857142857142856,0.0,0
store_0003,sku_00031,Health,baseline_rolling_mean,0.5075342465753423,0.0,0.5075342465753423,1.0,1.2205128205128204,10.263157894736842,13.928571428571429,0.0,0
store_0003,sku_00031,Health,baseline_seasonal_naive,0.8953424657534246,0.0,0.8953424657534246,1.0,0.6918604651162791,18.105263157894736,24.571428571428573,0.0,0
store_0003,sku_00031,Health,ML_95,0.3643835616438355,0.0,0.3643835616438355,1.0,1.7,7.368421052631579,10.0,0.0,0
store_0003,sku_00031,Health,ML_99,0.3643835616438355,0.0,0.3643835616438355,1.0,1.7,7.368421052631579,10.0,0.0,0
store_0003,sku_00032,Garden,baseline_rolling_mean,1.847958904109589,0.0,1.847958904109589,1.0,2.034188034188034,8.666666666666668,8.357142857142858,0.0,0
store_0003,sku_00032,Garden,baseline_seasonal_naive,4.169753424657534,0.0,4.169753424657534,1.0,0.9015151515151515,19.555555555555557,18.857142857142858,0.0,0
store_0003,sku_00032,Garden,ML_95,3.6643287671232874,20.753999999999998,24.418328767123285,0.9411764705882353,1.0258620689655171,17.185185185185187,16.571428571428573,1.0,1
store_0003,sku_00032,Garden,ML_99,3.6643287671232874,20.753999999999998,24.418328767123285,0.9411764705882353,1.0258620689655171,17.185185185185187,16.571428571428573,1.0,1
store_0003,sku_00033,Beauty,baseline_rolling_mean,0.1416164383561644,0.0,0.1416164383561644,1.0,2.3333333333333335,8.0,0.8571428571428571,0.0,0
store_0003,sku_00033,Beauty,baseline_seasonal_naive,0.10621232876712329,0.0,0.10621232876712329,1.0,3.1111111111111107,6.000000000000001,0.6428571428571429,0.0,0
store_0003,sku_00033,Beauty,ML_95,0.17702054794520547,0.0,0.17702054794520547,1.0,1.8666666666666667,10.0,1.0714285714285714,0.0,0
store_0003,sku_00033,Beauty,ML_99,0.4366506849315068,0.0,0.4366506849315068,1.0,0.7567567567567568,24.666666666666668,2.642857142857143,0.0,0
store_0003,sku_00034,Dairy,baseline_rolling_mean,3.061589041095891,0.0,3.061589041095891,1.0,0.6153846153846154,11.03030303030303,13.0,0.0,0
store_0003,sku_00034,Dairy,baseline_seasonal_naive,4.92882191780822,0.0,4.92882191780822,1.0,0.3822525597269625,17.757575757575754,20.928571428571427,0.0,0
store_0003,sku_00034,Dairy,ML_95,3.061589041095891,0.0,3.061589041095891,1.0,0.6153846153846154,11.03030303030303,13.0,0.0,0
store_0003,sku_00034,Dairy,ML_99,3.061589041095891,0.0,3.061589041095891,1.0,0.6153846153846154,11.03030303030303,13.0,0.0,0
store_0003,sku_00035,Pet,baseline_rolling_mean,2.9158493150684928,0.0,2.9158493150684928,1.0,0.8072837632776935,10.377952755905511,47.07142857142857,0.0,0
store_0003,sku_00035,Pet,baseline_seasonal_naive,4.6281917808219175,0.0,4.6281917808219175,1.0,0.5086042065009561,16.47244094488189,74.71428571428571,0.0,0
store_0003,sku_00035,Pet,ML_95,2.668068493150685,0.0,2.668068493150685,1.0,0.8822553897180764,9.496062992125983,43.07142857142857,0.0,0
store_0003,sku_00035,Pet,ML_99,2.668068493150685,0.0,2.668068493150685,1.0,0.8822553897180764,9.496062992125983,43.07142857142857,0.0,0
store_0003,sku_00036,Office,baseline_rolling_mean,0.8918356164383561,0.0,0.8918356164383561,1.0,2.019230769230769,7.703703703703704,7.428571428571429,0.0,0
store_0003,sku_00036,Office,baseline_seasonal_naive,2.418246575342465,0.0,2.418246575342465,1.0,0.7446808510638298,20.88888888888889,20.142857142857142,0.0,0
store_0003,sku_00036,Office,ML_95,1.0633424657534245,0.0,1.0633424657534245,1.0,1.693548387096774,9.185185185185185,8.857142857142858,0.0,0
store_0003,sku_00036,Office,ML_99,1.0633424657534245,0.0,1.0633424657534245,1.0,1.693548387096774,9.185185185185185,8.857142857142858,0.0,0
store_0003,sku_00037,Meat,baseline_rolling_mean,1.5912328767123285,0.0,1.5912328767123285,1.0,0.35000000000000003,14.11764705882353,8.571428571428571,0.0,0
store_0003,sku_00037,Meat,baseline_seasonal_naive,2.5990136986301366,0.0,2.5990136986301366,1.0,0.21428571428571427,23.058823529411768,14.0,0.0,0
store_0003,sku_00037,Meat,ML_95,1.5912328767123285,0.0,1.5912328767123285,1.0,0.35000000000000003,14.11764705882353,8.571428571428571,0.0,0
store_0003,sku_00037,Meat,ML_99,1.5912328767123285,0.0,1.5912328767123285,1.0,0.35000000000000003,14.11764705882353,8.571428571428571,0.0,0
store_0003,sku_00038,Pet,baseline_rolling_mean,0.41125342465753434,0.0,0.41125342465753434,1.0,1.7319587628865978,8.434782608695652,6.928571428571429,0.0,0
store_0003,sku_00038,Pet,baseline_seasonal_naive,0.4706095890410959,0.0,0.4706095890410959,1.0,1.5135135135135134,9.652173913043478,7.928571428571429,0.0,0
store_0003,sku_00038,Pet,ML_95,0.41125342465753434,0.0,0.41125342465753434,1.0,1.7319587628865978,8.434782608695652,6.928571428571429,0.0,0
store_0003,sku_00038,Pet,ML_99,0.5045273972602741,0.0,0.5045273972602741,1.0,1.411764705882353,10.347826086956522,8.5,0.0,0
store_0003,sku_00039,Produce,baseline_rolling_mean,0.8078287671232879,12.789,13.596828767123288,0.9285714285714286,2.36144578313253,7.545454545454546,5.928571428571429,1.0,1
store_0003,sku_00039,Produce,baseline_seasonal_naive,1.8979109589041099,0.0,1.8979109589041099,1.0,1.005128205128205,17.727272727272727,13.928571428571429,0.0,0
store_0003,sku_00039,Produce,ML_95,0.8370273972602743,0.0,0.8370273972602743,1.0,2.2790697674418605,7.818181818181819,6.142857142857143,0.0,0
store_0003,sku_00039,Produce,ML_99,0.8370273972602743,0.0,0.8370273972602743,1.0,2.2790697674418605,7.818181818181819,6.142857142857143,0.0,0
store_0003,sku_00040,Home,baseline_rolling_mean,4.842794520547946,0.0,4.842794520547946,1.0,1.0161290322580645,9.358490566037737,17.714285714285715,0.0,0
store_0003,sku_00040,Home,baseline_seasonal_naive,7.850013698630137,0.0,7.850013698630137,1.0,0.6268656716417911,15.169811320754718,28.714285714285715,0.0,0
store_0003,sku_00040,Home,ML_95,4.217917808219179,0.0,4.217917808219179,1.0,1.1666666666666667,8.150943396226415,15.428571428571429,0.0,0
store_0003,sku_00040,Home,ML_99,4.217917808219179,0.0,4.217917808219179,1.0,1.1666666666666667,8.150943396226415,15.428571428571429,0.0,0
store_0003,sku_00041,Pet,baseline_rolling_mean,0.5236575342465754,0.0,0.5236575342465754,1.0,1.2125984251968505,11.043478260869565,9.071428571428571,0.0,0
store_0003,sku_00041,Pet,baseline_seasonal_naive,0.4494383561643836,0.0,0.4494383561643836,1.0,1.4128440366972477,9.478260869565217,7.785714285714286,0.0,0
store_0003,sku_00041,Pet,ML_95,0.3504794520547945,0.0,0.3504794520547945,1.0,1.811764705882353,7.391304347826087,6.071428571428571,0.0,0
store_0003,sku_00041,Pet,ML_99,0.3504794520547945,0.0,0.3504794520547945,1.0,1.811764705882353,7.391304347826087,6.071428571428571,0.0,0
store_0003,sku_00042,Health,baseline_rolling_mean,0.4032876712328767,0.0,0.4032876712328767,1.0,2.5869565217391304,7.076923076923077,6.571428571428571,0.0,0
store_0003,sku_00042,Health,baseline_seasonal_naive,0.6443835616438356,0.0,0.6443835616438356,1.0,1.619047619047619,11.307692307692307,10.5,0.0,0
store_0003,sku_00042,Health,ML_95,0.4383561643835616,0.0,0.4383561643835616,1.0,2.38,7.6923076923076925,7.142857142857143,0.0,0
store_0003,sku_00042,Health,ML_99,0.4383561643835616,0.0,0.4383561643835616,1.0,2.38,7.6923076923076925,7.142857142857143,0.0,0
store_0003,sku_00043,Frozen,baseline_rolling_mean,0.9309863013698629,0.0,0.9309863013698629,1.0,0.9680851063829787,9.894736842105264,13.428571428571429,0.0,0
store_0003,sku_00043,Frozen,baseline_seasonal_naive,1.4806643835616442,0.0,1.4806643835616442,1.0,0.6086956521739131,15.736842105263158,21.357142857142858,0.0,0
store_0003,sku_00043,Frozen,ML_95,0.8963219178082191,0.0,0.8963219178082191,1.0,1.005524861878453,9.526315789473683,12.928571428571429,0.0,0
store_0003,sku_00043,Frozen,ML_99,0.8963219178082191,0.0,0.8963219178082191,1.0,1.005524861878453,9.526315789473683,12.928571428571429,0.0,0
store_0003,sku_00044,Electronics,baseline_rolling_mean,0.7844794520547943,0.0,0.7844794520547943,1.0,3.6666666666666665,6.0,3.0,0.0,0
store_0003,sku_00044,Electronics,baseline_seasonal_naive,1.1953972602739724,0.0,1.1953972602739724,1.0,2.40625,9.142857142857142,4.571428571428571,0.0,0
store_0003,sku_00044,Electronics,ML_95,1.251431506849315,49.086,50.33743150684931,0.8181818181818181,2.298507462686567,9.571428571428571,4.785714285714286,2.0,1
store_0003,sku_00044,Electronics,ML_99,1.251431506849315,49.086,50.33743150684931,0.8181818181818181,2.298507462686567,9.571428571428571,4.785714285714286,2.0,1
store_0003,sku_00045,Home,baseline_rolling_mean,1.2411095890410957,0.0,1.2411095890410957,1.0,4.558139534883721,5.058823529411765,6.142857142857143,0.0,0
store_0003,sku_00045,Home,baseline_seasonal_naive,1.9482534246575343,0.0,1.9482534246575343,1.0,2.903703703703704,7.9411764705882355,9.642857142857142,0.0,0
store_0003,sku_00045,Home,ML_95,2.8141438356164383,18.963,21.77714383561644,0.9642857142857143,2.01025641025641,11.47058823529412,13.928571428571429,1.0,1
store_0003,sku_00045,Home,ML_99,2.8141438356164383,18.963,21.77714383561644,0.9642857142857143,2.01025641025641,11.47058823529412,13.928571428571429,1.0,1
store_0003,sku_00046,Garden,baseline_rolling_mean,0.4324383561643836,0.0,0.4324383561643836,1.0,1.75,9.142857142857142,2.2857142857142856,0.0,0
store_0003,sku_00046,Garden,baseline_seasonal_naive,0.972986301369863,0.0,0.972986301369863,1.0,0.7777777777777777,20.571428571428573,5.142857142857143,0.0,0
store_0003,sku_00046,Garden,ML_95,1.040554794520548,0.0,1.040554794520548,1.0,0.7272727272727273,22.0,5.5,0.0,0
store_0003,sku_00046,Garden,ML_99,1.040554794520548,0.0,1.040554794520548,1.0,0.7272727272727273,22.0,5.5,0.0,0
store_0003,sku_00047,Household,baseline_rolling_mean,1.335232876712329,0.0,1.335232876712329,1.0,0.65625,12.19047619047619,9.142857142857142,0.0,0
store_0003,sku_00047,Household,baseline_seasonal_naive,2.2219109589041097,0.0,2.2219109589041097,1.0,0.3943661971830986,20.285714285714285,15.214285714285714,0.0,0
store_0003,sku_00047,Household,ML_95,1.335232876712329,0.0,1.335232876712329,1.0,0.65625,12.19047619047619,9.142857142857142,0.0,0
store_0003,sku_00047,Household,ML_99,1.335232876712329,0.0,1.335232876712329,1.0,0.65625,12.19047619047619,9.142857142857142,0.0,0
store_0003,sku_00048,Meat,baseline_rolling_mean,1.1671164383561643,0.0,1.1671164383561643,1.0,0.5060240963855421,12.76923076923077,5.928571428571429,0.0,0
store_0003,sku_00048,Meat,baseline_seasonal_naive,1.8561369863013701,0.0,1.8561369863013701,1.0,0.3181818181818182,20.307692307692307,9.428571428571429,0.0,0
store_0003,sku_00048,Meat,ML_95,1.1671164383561643,0.0,1.1671164383561643,1.0,0.5060240963855421,12.76923076923077,5.928571428571429,0.0,0
store_0003,sku_00048,Meat,ML_99,1.1671164383561643,0.0,1.1671164383561643,1.0,0.5060240963855421,12.76923076923077,5.928571428571429,0.0,0
store_0003,sku_00049,Toys,baseline_rolling_mean,0.13767123287671235,0.0,0.13767123287671235,1.0,1.4,10.0,0.7142857142857143,0.0,0
store_0003,sku_00049,Toys,baseline_seasonal_naive,0.027534246575342466,0.0,0.027534246575342466,1.0,7.0,2.0,0.14285714285714285,0.0,0
store_0003,sku_00049,Toys,ML_95,0.31664383561643833,0.0,0.31664383561643833,1.0,0.6086956521739131,23.0,1.6428571428571428,0.0,0
store_0003,sku_00049,Toys,ML_99,0.31664383561643833,0.0,0.31664383561643833,1.0,0.6086956521739131,23.0,1.6428571428571428,0.0,0
store_0003,sku_00050,Apparel,baseline_rolling_mean,0.29342465753424657,0.0,0.29342465753424657,1.0,1.5098039215686274,10.736842105263158,7.285714285714286,0.0,0
store_0003,sku_00050,Apparel,baseline_seasonal_naive,0.27041095890410954,0.0,0.27041095890410954,1.0,1.6382978723404256,9.894736842105264,6.714285714285714,0.0,0
store_0003,sku_00050,Apparel,ML_95,0.19561643835616438,3.7800000000000002,3.9756164383561647,0.9090909090909091,2.2647058823529416,7.157894736842104,4.857142857142857,1.0,1
store_0003,sku_00050,Apparel,ML_99,0.19561643835616438,3.7800000000000002,3.9756164383561647,0.9090909090909091,2.2647058823529416,7.157894736842104,4.857142857142857,1.0,1
store_0003,sku_00051,Seasonal,baseline_rolling_mean,3.1983561643835614,0.0,3.1983561643835614,1.0,1.1442307692307692,14.344827586206895,14.857142857142858,0.0,0
store_0003,sku_00051,Seasonal,baseline_seasonal_naive,5.35109589041096,0.0,5.35109589041096,1.0,0.6839080459770115,24.0,24.857142857142858,0.0,0
store_0003,sku_00051,Seasonal,ML_95,1.8298287671232878,40.41,42.239828767123285,0.8823529411764706,2.0,8.206896551724137,8.5,2.0,1
store_0003,sku_00051,Seasonal,ML_99,1.8298287671232878,40.41,42.239828767123285,0.8823529411764706,2.0,8.206896551724137,8.5,2.0,1
store_0003,sku_00052,Dairy,baseline_rolling_mean,0.6907397260273973,0.0,0.6907397260273973,1.0,3.791666666666667,5.647058823529412,3.4285714285714284,0.0,0
store_0003,sku_00052,Dairy,baseline_seasonal_naive,0.80586301369863,0.0,0.80586301369863,1.0,3.25,6.588235294117648,4.0,0.0,0
store_0003,sku_00052,Dairy,ML_95,1.6836780821917807,0.0,1.6836780821917807,1.0,1.5555555555555554,13.764705882352944,8.357142857142858,0.0,0
store_0003,sku_00052,Dairy,ML_99,1.7700205479452056,0.0,1.7700205479452056,1.0,1.4796747967479673,14.47058823529412,8.785714285714286,0.0,0
store_0003,sku_00053,Health,baseline_rolling_mean,0.5255753424657533,0.0,0.5255753424657533,1.0,1.4285714285714286,8.521739130434781,21.0,0.0,0
store_0003,sku_00053,Health,baseline_seasonal_naive,0.5166369863013699,0.0,0.5166369863013699,1.0,1.453287197231834,8.376811594202898,20.642857142857142,0.0,0
store_0003,sku_00053,Health,ML_95,0.44870547945205475,0.0,0.44870547945205475,1.0,1.6733067729083666,7.275362318840579,17.928571428571427,0.0,0
store_0003,sku_00053,Health,ML_99,0.44870547945205475,0.0,0.44870547945205475,1.0,1.6733067729083666,7.275362318840579,17.928571428571427,0.0,0
store_0003,sku_00054,Office,baseline_rolling_mean,0.6808219178082191,0.0,0.6808219178082191,1.0,1.26,8.695652173913045,7.142857142857143,0.0,0
store_0003,sku_00054,Office,baseline_seasonal_naive,1.742904109589041,0.0,1.742904109589041,1.0,0.4921875,22.26086956521739,18.285714285714285,0.0,0
store_0003,sku_00054,Office,ML_95,0.639972602739726,0.0,0.639972602739726,1.0,1.3404255319148937,8.173913043478262,6.714285714285714,0.0,0
store_0003,sku_00054,Office,ML_99,0.639972602739726,0.0,0.639972602739726,1.0,1.3404255319148937,8.173913043478262,6.714285714285714,0.0,0
store_0003,sku_00055,Toys,baseline_rolling_mean,1.1268287671232877,0.0,1.1268287671232877,1.0,2.2528735632183907,7.250000000000001,6.214285714285714,0.0,0
store_0003,sku_00055,Toys,baseline_seasonal_naive,1.6319589041095892,0.0,1.6319589041095892,1.0,1.5555555555555556,10.5,9.0,0.0,0
store_0003,sku_00055,Toys,ML_95,1.2433972602739727,17.019,18.26239726027397,0.9285714285714286,2.041666666666667,8.0,6.857142857142857,1.0,1
store_0003,sku_00055,Toys,ML_99,1.3858698630136987,0.0,1.3858698630136987,1.0,1.8317757009345794,8.916666666666668,7.642857142857143,0.0,0
store_0003,sku_00056,Household,baseline_rolling_mean,0.6975616438356163,0.0,0.6975616438356163,1.0,0.9130434782608696,16.727272727272727,6.571428571428571,0.0,0
store_0003,sku_00056,Household,baseline_seasonal_naive,0.9326095890410959,0.0,0.9326095890410959,1.0,0.6829268292682926,22.363636363636367,8.785714285714286,0.0,0
store_0003,sku_00056,Household,ML_95,0.23504794520547945,0.0,0.23504794520547945,1.0,2.7096774193548385,5.636363636363637,2.2142857142857144,0.0,0
store_0003,sku_00056,Household,ML_99,0.47767808219178076,0.0,0.47767808219178076,1.0,1.3333333333333333,11.454545454545455,4.5,0.0,0
store_0003,sku_00057,Toys,baseline_rolling_mean,3.171465753424657,0.0,3.171465753424657,1.0,0.7342657342657343,13.619047619047619,20.428571428571427,0.0,0
store_0003,sku_00057,Toys,baseline_seasonal_naive,3.4930479452054795,0.0,3.4930479452054795,1.0,0.6666666666666666,15.0,22.5,0.0,0
store_0003,sku_00057,Toys,ML_95,1.9073150684931508,0.0,1.9073150684931508,1.0,1.2209302325581395,8.190476190476192,12.285714285714286,0.0,0
store_0003,sku_00057,Toys,ML_99,1.9073150684931508,0.0,1.9073150684931508,1.0,1.2209302325581395,8.190476190476192,12.285714285714286,0.0,0
store_0003,sku_00058,Toys,baseline_rolling_mean,0.25721917808219175,107.541,107.79821917808219,0.30000000000000004,6.363636363636364,8.799999999999999,1.5714285714285714,7.0,5
store_0003,sku_00058,Toys,baseline_seasonal_naive,0.3741369863013698,92.178,92.55213698630136,0.4,4.375,12.799999999999999,2.2857142857142856,6.0,4
store_0003,sku_00058,Toys,ML_95,0.5962808219178082,15.363,15.959280821917808,0.9,2.7450980392156863,20.4,3.642857142857143,1.0,1
store_0003,sku_00058,Toys,ML_99,0.5962808219178082,15.363,15.959280821917808,0.9,2.7450980392156863,20.4,3.642857142857143,1.0,1
store_0003,sku_00059,Beauty,baseline_rolling_mean,0.10600684931506849,0.0,0.10600684931506849,1.0,2.5454545454545454,22.0,0.7857142857142857,0.0,0
store_0003,sku_00059,Beauty,baseline_seasonal_naive,0.6360410958904109,0.0,0.6360410958904109,1.0,0.42424242424242425,132.0,4.714285714285714,0.0,0
store_0003,sku_00059,Beauty,ML_95,0.14455479452054792,0.0,0.14455479452054792,1.0,1.8666666666666667,30.0,1.0714285714285714,0.0,0
store_0003,sku_00059,Beauty,ML_99,0.14455479452054792,0.0,0.14455479452054792,1.0,1.8666666666666667,30.0,1.0714285714285714,0.0,0
store_0003,sku_00060,Automotive,baseline_rolling_mean,0.11247945205479454,0.0,0.11247945205479454,1.0,4.11764705882353,6.0,3.642857142857143,0.0,0
store_0003,sku_00060,Automotive,baseline_seasonal_naive,0.29994520547945214,0.0,0.29994520547945214,1.0,1.5441176470588236,16.0,9.714285714285714,0.0,0
store_0003,sku_00060,Automotive,ML_95,0.24921917808219182,0.0,0.24921917808219182,1.0,1.8584070796460177,13.294117647058824,8.071428571428571,0.0,0
store_0003,sku_00060,Automotive,ML_99,0.24921917808219182,0.0,0.24921917808219182,1.0,1.8584070796460177,13.294117647058824,8.071428571428571,0.0,0
store_0003,sku_00061,Beverages,baseline_rolling_mean,0.5419178082191782,0.0,0.5419178082191782,1.0,3.15,6.666666666666667,2.857142857142857,0.0,0
store_0003,sku_00061,Beverages,baseline_seasonal_naive,1.0973835616438357,0.0,1.0973835616438357,1.0,1.5555555555555556,13.5,5.785714285714286,0.0,0
store_0003,sku_00061,Beverages,ML_95,0.9077123287671234,0.0,0.9077123287671234,1.0,1.8805970149253732,11.166666666666668,4.785714285714286,0.0,0
store_0003,sku_00061,Beverages,ML_99,0.9077123287671234,0.0,0.9077123287671234,1.0,1.8805970149253732,11.166666666666668,4.785714285714286,0.0,0
store_0003,sku_00062,Frozen,baseline_rolling_mean,0.5364041095890411,0.0,0.5364041095890411,1.0,0.6492753623188406,10.952380952380953,24.642857142857142,0.0,0
store_0003,sku_00062,Frozen,baseline_seasonal_naive,0.6203630136986302,0.0,0.6203630136986302,1.0,0.5614035087719298,12.666666666666666,28.5,0.0,0
store_0003,sku_00062,Frozen,ML_95,0.5364041095890411,0.0,0.5364041095890411,1.0,0.6492753623188406,10.952380952380953,24.642857142857142,0.0,0
store_0003,sku_00062,Frozen,ML_99,0.5364041095890411,0.0,0.5364041095890411,1.0,0.6492753623188406,10.952380952380953,24.642857142857142,0.0,0
store_0003,sku_00063,Home,baseline_rolling_mean,1.5387945205479454,43.956,45.49479452054795,0.9130434782608696,3.5,6.571428571428571,6.571428571428571,2.0,1
store_0003,sku_00063,Home,baseline_seasonal_naive,2.6259863013698626,0.0,2.6259863013698626,1.0,2.050955414012739,11.214285714285714,11.214285714285714,0.0,0
store_0003,sku_00063,Home,ML_95,2.592534246575343,0.0,2.592534246575343,1.0,2.07741935483871,11.071428571428571,11.071428571428571,0.0,0
store_0003,sku_00063,Home,ML_99,2.592534246575343,0.0,2.592534246575343,1.0,2.07741935483871,11.071428571428571,11.071428571428571,0.0,0
store_0003,sku_00064,Apparel,baseline_rolling_mean,0.4191780821917807,0.0,0.4191780821917807,1.0,1.3176470588235294,8.94736842105263,6.071428571428571,0.0,0
store_0003,sku_00064,Apparel,baseline_seasonal_naive,0.5769863013698628,0.0,0.5769863013698628,1.0,0.9572649572649572,12.31578947368421,8.357142857142858,0.0,0
store_0003,sku_00064,Apparel,ML_95,0.4191780821917807,0.0,0.4191780821917807,1.0,1.3176470588235294,8.94736842105263,6.071428571428571,0.0,0
store_0003,sku_00064,Apparel,ML_99,0.4191780821917807,0.0,0.4191780821917807,1.0,1.3176470588235294,8.94736842105263,6.071428571428571,0.0,0
store_0003,sku_00065,Produce,baseline_rolling_mean,1.1262328767123286,68.03999999999999,69.16623287671231,0.8181818181818181,3.5402298850574714,7.250000000000001,6.214285714285714,4.0,2
store_0003,sku_00065,Produce,baseline_seasonal_naive,3.8188356164383563,0.0,3.8188356164383563,1.0,1.0440677966101695,24.583333333333336,21.071428571428573,0.0,0
store_0003,sku_00065,Produce,ML_95,2.0323972602739726,34.019999999999996,36.05239726027397,0.9090909090909091,1.961783439490446,13.083333333333334,11.214285714285714,2.0,1
store_0003,sku_00065,Produce,ML_99,2.0323972602739726,34.019999999999996,36.05239726027397,0.9090909090909091,1.961783439490446,13.083333333333334,11.214285714285714,2.0,1
store_0003,sku_00066,Toys,baseline_rolling_mean,5.854931506849315,0.0,5.854931506849315,1.0,1.6851851851851853,7.826086956521738,38.57142857142857,0.0,0
store_0003,sku_00066,Toys,baseline_seasonal_naive,5.594712328767123,0.0,5.594712328767123,1.0,1.7635658914728685,7.478260869565216,36.857142857142854,0.0,0
store_0003,sku_00066,Toys,ML_95,4.683945205479453,0.0,4.683945205479453,1.0,2.1064814814814814,6.260869565217391,30.857142857142858,0.0,0
store_0003,sku_00066,Toys,ML_99,4.683945205479453,0.0,4.683945205479453,1.0,2.1064814814814814,6.260869565217391,30.857142857142858,0.0,0
store_0003,sku_00067,Meat,baseline_rolling_mean,0.598972602739726,0.0,0.598972602739726,1.0,1.6800000000000002,13.636363636363635,5.357142857142857,0.0,0
store_0003,sku_00067,Meat,baseline_seasonal_naive,1.333712328767123,0.0,1.333712328767123,1.0,0.7544910179640718,30.363636363636363,11.928571428571429,0.0,0
store_0003,sku_00067,Meat,ML_95,0.3034794520547945,10.494,10.797479452054795,0.8888888888888888,3.31578947368421,6.909090909090909,2.7142857142857144,1.0,1
store_0003,sku_00067,Meat,ML_99,0.3274383561643835,10.494,10.821438356164384,0.8888888888888888,3.073170731707317,7.454545454545454,2.9285714285714284,1.0,1
store_0003,sku_00068,Toys,baseline_rolling_mean,2.1766438356164386,0.0,2.1766438356164386,1.0,1.7818181818181817,7.674418604651163,11.785714285714286,0.0,0
store_0003,sku_00068,Toys,baseline_seasonal_naive,3.4034794520547944,0.0,3.4034794520547944,1.0,1.1395348837209303,11.999999999999998,18.428571428571427,0.0,0
store_0003,sku_00068,Toys,ML_95,1.5566301369863014,0.0,1.5566301369863014,1.0,2.4915254237288136,5.488372093023256,8.428571428571429,0.0,0
store_0003,sku_00068,Toys,ML_99,1.5566301369863014,0.0,1.5566301369863014,1.0,2.4915254237288136,5.488372093023256,8.428571428571429,0.0,0
store_0003,sku_00069,Grocery,baseline_rolling_mean,0.37551369863013695,0.0,0.37551369863013695,1.0,0.5599999999999999,25.000000000000004,1.7857142857142858,0.0,0
store_0003,sku_00069,Grocery,baseline_seasonal_naive,1.2617260273972601,0.0,1.2617260273972601,1.0,0.16666666666666666,84.0,6.0,0.0,0
store_0003,sku_00069,Grocery,ML_95,0.2102876712328767,0.0,0.2102876712328767,1.0,1.0,14.0,1.0,0.0,0
store_0003,sku_00069,Grocery,ML_99,0.2102876712328767,0.0,0.2102876712328767,1.0,1.0,14.0,1.0,0.0,0
store_0003,sku_00070,Office,baseline_rolling_mean,0.6166849315068494,0.0,0.6166849315068494,1.0,0.6885245901639345,10.166666666666666,8.714285714285714,0.0,0
store_0003,sku_00070,Office,baseline_seasonal_naive,0.9199726027397261,0.0,0.9199726027397261,1.0,0.46153846153846156,15.166666666666668,13.0,0.0,0
store_0003,sku_00070,Office,ML_95,0.6166849315068494,0.0,0.6166849315068494,1.0,0.6885245901639345,10.166666666666666,8.714285714285714,0.0,0
store_0003,sku_00070,Office,ML_99,0.6166849315068494,0.0,0.6166849315068494,1.0,0.6885245901639345,10.166666666666666,8.714285714285714,0.0,0
store_0003,sku_00071,Office,baseline_rolling_mean,0.9501369863013699,0.0,0.9501369863013699,1.0,1.0208333333333335,8.727272727272727,6.857142857142857,0.0,0
store_0003,sku_00071,Office,baseline_seasonal_naive,1.0590068493150684,0.0,1.0590068493150684,1.0,0.9158878504672897,9.727272727272728,7.642857142857143,0.0,0
store_0003,sku_00071,Office,ML_95,0.9402397260273974,0.0,0.9402397260273974,1.0,1.0315789473684212,8.636363636363637,6.785714285714286,0.0,0
store_0003,sku_00071,Office,ML_99,0.9402397260273974,0.0,0.9402397260273974,1.0,1.0315789473684212,8.636363636363637,6.785714285714286,0.0,0
store_0003,sku_00072,Office,baseline_rolling_mean,0.5104109589041096,0.0,0.5104109589041096,1.0,1.7499999999999998,7.578947368421053,5.142857142857143,0.0,0
store_0003,sku_00072,Office,baseline_seasonal_naive,1.1909589041095892,0.0,1.1909589041095892,1.0,0.75,17.684210526315788,12.0,0.0,0
store_0003,sku_00072,Office,ML_95,0.4607876712328767,0.0,0.4607876712328767,1.0,1.9384615384615382,6.842105263157895,4.642857142857143,0.0,0
store_0003,sku_00072,Office,ML_99,0.4607876712328767,0.0,0.4607876712328767,1.0,1.9384615384615382,6.842105263157895,4.642857142857143,0.0,0
store_0003,sku_00073,Home,baseline_rolling_mean,5.604349315068492,0.0,5.604349315068492,1.0,0.7460815047021944,15.95,22.785714285714285,0.0,0
store_0003,sku_00073,Home,baseline_seasonal_naive,10.523527397260274,0.0,10.523527397260274,1.0,0.3973288814691152,29.95,42.785714285714285,0.0,0
store_0003,sku_00073,Home,ML_95,2.6528424657534244,0.0,2.6528424657534244,1.0,1.5761589403973508,7.550000000000001,10.785714285714286,0.0,0
store_0003,sku_00073,Home,ML_99,2.6528424657534244,0.0,2.6528424657534244,1.0,1.5761589403973508,7.550000000000001,10.785714285714286,0.0,0
store_0003,sku_00074,Pet,baseline_rolling_mean,0.2526027397260274,0.0,0.2526027397260274,1.0,1.2249999999999999,8.421052631578947,5.714285714285714,0.0,0
store_0003,sku_00074,Pet,baseline_seasonal_naive,0.35680136986301364,0.0,0.35680136986301364,1.0,0.8672566371681416,11.894736842105262,8.071428571428571,0.0,0
store_0003,sku_00074,Pet,ML_95,0.2526027397260274,0.0,0.2526027397260274,1.0,1.2249999999999999,8.421052631578947,5.714285714285714,0.0,0
store_0003,sku_00074,Pet,ML_99,0.2526027397260274,0.0,0.2526027397260274,1.0,1.2249999999999999,8.421052631578947,5.714285714285714,0.0,0
store_0003,sku_00075,Seasonal,baseline_rolling_mean,1.1773493150684933,0.0,1.1773493150684933,1.0,0.6422018348623854,9.909090909090908,7.785714285714286,0.0,0
store_0003,sku_00075,Seasonal,baseline_seasonal_naive,1.7498219178082188,0.0,1.7498219178082188,1.0,0.4320987654320988,14.727272727272727,11.571428571428571,0.0,0
store_0003,sku_00075,Seasonal,ML_95,1.0909383561643835,0.0,1.0909383561643835,1.0,0.693069306930693,9.181818181818182,7.214285714285714,0.0,0
store_0003,sku_00075,Seasonal,ML_99,1.0909383561643835,0.0,1.0909383561643835,1.0,0.693069306930693,9.181818181818182,7.214285714285714,0.0,0
store_0003,sku_00076,Beverages,baseline_rolling_mean,1.0850958904109589,0.0,1.0850958904109589,1.0,0.3333333333333333,15.272727272727273,6.0,0.0,0
store_0003,sku_00076,Beverages,baseline_seasonal_naive,1.640561643835616,0.0,1.640561643835616,1.0,0.2204724409448819,23.09090909090909,9.071428571428571,0.0,0
store_0003,sku_00076,Beverages,ML_95,0.9042465753424656,0.0,0.9042465753424656,1.0,0.4,12.727272727272728,5.0,0.0,0
store_0003,sku_00076,Beverages,ML_99,0.9042465753424656,0.0,0.9042465753424656,1.0,0.4,12.727272727272728,5.0,0.0,0
store_0003,sku_00077,Office,baseline_rolling_mean,0.9882739726027396,0.0,0.9882739726027396,1.0,1.6851851851851851,8.64,7.714285714285714,0.0,0
store_0003,sku_00077,Office,baseline_seasonal_naive,1.6105205479452054,0.0,1.6105205479452054,1.0,1.0340909090909092,14.079999999999998,12.571428571428571,0.0,0
store_0003,sku_00077,Office,ML_95,0.9882739726027396,0.0,0.9882739726027396,1.0,1.6851851851851851,8.64,7.714285714285714,0.0,0
store_0003,sku_00077,Office,ML_99,0.9882739726027396,0.0,0.9882739726027396,1.0,1.6851851851851851,8.64,7.714285714285714,0.0,0
store_0003,sku_00078,Electronics,baseline_rolling_mean,2.8594520547945206,0.0,2.8594520547945206,1.0,0.4,16.153846153846153,7.5,0.0,0
store_0003,sku_00078,Electronics,baseline_seasonal_naive,3.3496438356164377,0.0,3.3496438356164377,1.0,0.3414634146341463,18.923076923076923,8.785714285714286,0.0,0
store_0003,sku_00078,Electronics,ML_95,1.5250410958904108,0.0,1.5250410958904108,1.0,0.75,8.615384615384615,4.0,0.0,0
store_0003,sku_00078,Electronics,ML_99,1.5250410958904108,0.0,1.5250410958904108,1.0,0.75,8.615384615384615,4.0,0.0,0
store_0003,sku_00079,Pet,baseline_rolling_mean,0.42410958904109597,0.0,0.42410958904109597,1.0,0.7777777777777777,11.076923076923077,5.142857142857143,0.0,0
store_0003,sku_00079,Pet,baseline_seasonal_naive,1.1663013698630136,0.0,1.1663013698630136,1.0,0.2828282828282828,30.46153846153846,14.142857142857142,0.0,0
store_0003,sku_00079,Pet,ML_95,0.42410958904109597,0.0,0.42410958904109597,1.0,0.7777777777777777,11.076923076923077,5.142857142857143,0.0,0
store_0003,sku_00079,Pet,ML_99,0.42410958904109597,0.0,0.42410958904109597,1.0,0.7777777777777777,11.076923076923077,5.142857142857143,0.0,0
store_0003,sku_00080,Baby,baseline_rolling_mean,0.09152739726027397,0.0,0.09152739726027397,1.0,1.8260869565217392,7.666666666666667,1.6428571428571428,0.0,0
store_0003,sku_00080,Baby,baseline_seasonal_naive,0.3541712328767123,0.0,0.3541712328767123,1.0,0.4719101123595506,29.666666666666668,6.357142857142857,0.0,0
store_0003,sku_00080,Baby,ML_95,0.17509589041095888,0.0,0.17509589041095888,1.0,0.9545454545454546,14.666666666666668,3.142857142857143,0.0,0
store_0003,sku_00080,Baby,ML_99,0.17509589041095888,0.0,0.17509589041095888,1.0,0.9545454545454546,14.666666666666668,3.142857142857143,0.0,0
store_0003,sku_00081,Electronics,baseline_rolling_mean,0.35518493150684927,35.901,36.25618493150685,0.6666666666666667,3.230769230769231,26.000000000000004,0.9285714285714286,1.0,1
store_0003,sku_00081,Electronics,baseline_seasonal_naive,0.0,71.802,71.802,0.33333333333333337,3000000000.0,0.0,0.0,2.0,2
store_0003,sku_00081,Electronics,ML_95,0.8743013698630139,35.901,36.775301369863016,0.6666666666666667,1.3125,64.0,2.2857142857142856,1.0,1
store_0003,sku_00081,Electronics,ML_99,0.8743013698630139,35.901,36.775301369863016,0.6666666666666667,1.3125,64.0,2.2857142857142856,1.0,1
store_0003,sku_00082,Grocery,baseline_rolling_mean,1.7384520547945201,0.0,1.7384520547945201,1.0,5.397590361445783,5.354838709677419,11.857142857142858,0.0,0
store_0003,sku_00082,Grocery,baseline_seasonal_naive,2.1049931506849315,0.0,2.1049931506849315,1.0,4.45771144278607,6.483870967741935,14.357142857142858,0.0,0
store_0003,sku_00082,Grocery,ML_95,3.42454109589041,41.283,44.70754109589041,0.953125,2.7400611620795106,10.548387096774194,23.357142857142858,3.0,1
store_0003,sku_00082,Grocery,ML_99,3.42454109589041,41.283,44.70754109589041,0.953125,2.7400611620795106,10.548387096774194,23.357142857142858,3.0,1
store_0003,sku_00083,Produce,baseline_rolling_mean,2.493410958904109,0.0,2.493410958904109,1.0,1.5180722891566265,8.972972972972974,11.857142857142858,0.0,0
store_0003,sku_00083,Produce,baseline_seasonal_naive,3.45472602739726,0.0,3.45472602739726,1.0,1.0956521739130436,12.432432432432432,16.428571428571427,0.0,0
store_0003,sku_00083,Produce,ML_95,1.6522602739726024,0.0,1.6522602739726024,1.0,2.290909090909091,5.945945945945946,7.857142857142857,0.0,0
store_0003,sku_00083,Produce,ML_99,1.6522602739726024,0.0,1.6522602739726024,1.0,2.290909090909091,5.945945945945946,7.857142857142857,0.0,0
store_0003,sku_00084,Frozen,baseline_rolling_mean,0.4602465753424658,0.0,0.4602465753424658,1.0,1.872611464968153,8.486486486486486,11.214285714285714,0.0,0
store_0003,sku_00084,Frozen,baseline_seasonal_naive,0.7827123287671235,0.0,0.7827123287671235,1.0,1.1011235955056178,14.432432432432433,19.071428571428573,0.0,0
store_0003,sku_00084,Frozen,ML_95,0.48956164383561646,3.8520000000000003,4.341561643835616,0.9523809523809523,1.7604790419161676,9.027027027027028,11.928571428571429,1.0,1
store_0003,sku_00084,Frozen,ML_99,0.48956164383561646,3.8520000000000003,4.341561643835616,0.9523809523809523,1.7604790419161676,9.027027027027028,11.928571428571429,1.0,1
store_0003,sku_00085,Produce,baseline_rolling_mean,6.347643835616438,0.0,6.347643835616438,1.0,1.2045889101338434,9.175438596491228,37.357142857142854,0.0,0
store_0003,sku_00085,Produce,baseline_seasonal_naive,13.338547945205477,0.0,13.338547945205477,1.0,0.5732484076433121,19.280701754385966,78.5,0.0,0
store_0003,sku_00085,Produce,ML_95,5.24317808219178,0.0,5.24317808219178,1.0,1.4583333333333333,7.578947368421053,30.857142857142858,0.0,0
store_0003,sku_00085,Produce,ML_99,5.24317808219178,0.0,5.24317808219178,1.0,1.4583333333333333,7.578947368421053,30.857142857142858,0.0,0
store_0003,sku_00086,Household,baseline_rolling_mean,0.4797534246575343,0.0,0.4797534246575343,1.0,1.0769230769230769,8.666666666666666,5.571428571428571,0.0,0
store_0003,sku_00086,Household,baseline_seasonal_naive,0.695027397260274,0.0,0.695027397260274,1.0,0.7433628318584071,12.555555555555554,8.071428571428571,0.0,0
store_0003,sku_00086,Household,ML_95,0.4797534246575343,0.0,0.4797534246575343,1.0,1.0769230769230769,8.666666666666666,5.571428571428571,0.0,0
store_0003,sku_00086,Household,ML_99,0.4797534246575343,0.0,0.4797534246575343,1.0,1.0769230769230769,8.666666666666666,5.571428571428571,0.0,0
store_0003,sku_00087,Home,baseline_rolling_mean,4.172835616438356,0.0,4.172835616438356,1.0,1.0282485875706215,9.833333333333332,12.642857142857142,0.0,0
store_0003,sku_00087,Home,baseline_seasonal_naive,6.789698630136986,0.0,6.789698630136986,1.0,0.6319444444444444,16.0,20.571428571428573,0.0,0
store_0003,sku_00087,Home,ML_95,4.172835616438356,0.0,4.172835616438356,1.0,1.0282485875706215,9.833333333333332,12.642857142857142,0.0,0
store_0003,sku_00087,Home,ML_99,4.172835616438356,0.0,4.172835616438356,1.0,1.0282485875706215,9.833333333333332,12.642857142857142,0.0,0
store_0003,sku_00088,Home,baseline_rolling_mean,0.925150684931507,0.0,0.925150684931507,1.0,1.7499999999999998,8.0,5.142857142857143,0.0,0
store_0003,sku_00088,Home,baseline_seasonal_naive,2.428520547945206,0.0,2.428520547945206,1.0,0.6666666666666666,21.0,13.5,0.0,0
store_0003,sku_00088,Home,ML_95,0.8609041095890413,0.0,0.8609041095890413,1.0,1.8805970149253732,7.444444444444444,4.785714285714286,0.0,0
store_0003,sku_00088,Home,ML_99,0.8609041095890413,0.0,0.8609041095890413,1.0,1.8805970149253732,7.444444444444444,4.785714285714286,0.0,0
store_0003,sku_00089,Pet,baseline_rolling_mean,7.700000000000001,0.0,7.700000000000001,1.0,1.0931506849315067,10.895522388059703,104.28571428571429,0.0,0
store_0003,sku_00089,Pet,baseline_seasonal_naive,14.756575342465753,0.0,14.756575342465753,1.0,0.5704074338813439,20.880597014925375,199.85714285714286,0.0,0
store_0003,sku_00089,Pet,ML_95,5.41109589041096,0.0,5.41109589041096,1.0,1.5555555555555554,7.656716417910449,73.28571428571429,0.0,0
store_0003,sku_00089,Pet,ML_99,5.41109589041096,0.0,5.41109589041096,1.0,1.5555555555555554,7.656716417910449,73.28571428571429,0.0,0
store_0003,sku_00090,Automotive,baseline_rolling_mean,0.014,0.0,0.014,1.0,4.0,7.0,0.5,0.0,0
store_0003,sku_00090,Automotive,baseline_seasonal_naive,0.148,0.0,0.148,1.0,0.3783783783783784,74.0,5.285714285714286,0.0,0
store_0003,sku_00090,Automotive,ML_95,0.020000000000000004,0.0,0.020000000000000004,1.0,2.8,10.0,0.7142857142857143,0.0,0
store_0003,sku_00090,Automotive,ML_99,0.020000000000000004,0.0,0.020000000000000004,1.0,2.8,10.0,0.7142857142857143,0.0,0
store_0003,sku_00091,Electronics,baseline_rolling_mean,1.838643835616438,61.163999999999994,63.00264383561643,0.875,2.8354430379746836,6.0769230769230775,5.642857142857143,2.0,1
store_0003,sku_00091,Electronics,baseline_seasonal_naive,3.607465753424657,0.0,3.607465753424657,1.0,1.4451612903225808,11.923076923076922,11.071428571428571,0.0,0
store_0003,sku_00091,Electronics,ML_95,3.7238356164383557,0.0,3.7238356164383557,1.0,1.4,12.307692307692308,11.428571428571429,0.0,0
store_0003,sku_00091,Electronics,ML_99,3.7238356164383557,0.0,3.7238356164383557,1.0,1.4,12.307692307692308,11.428571428571429,0.0,0
store_0003,sku_00092,Dairy,baseline_rolling_mean,2.203849315068493,0.0,2.203849315068493,1.0,1.8865248226950355,12.26086956521739,10.071428571428571,0.0,0
store_0003,sku_00092,Dairy,baseline_seasonal_naive,2.328890410958904,0.0,2.328890410958904,1.0,1.7852348993288591,12.956521739130435,10.642857142857142,0.0,0
store_0003,sku_00092,Dairy,ML_95,1.9850273972602739,82.152,84.13702739726027,0.7894736842105263,2.0944881889763782,11.043478260869565,9.071428571428571,4.0,1
store_0003,sku_00092,Dairy,ML_99,1.9850273972602739,82.152,84.13702739726027,0.7894736842105263,2.0944881889763782,11.043478260869565,9.071428571428571,4.0,1
store_0003,sku_00093,Office,baseline_rolling_mean,0.9833150684931508,51.00299999999999,51.98631506849314,0.8,2.763157894736842,6.608695652173914,5.428571428571429,3.0,3
store_0003,sku_00093,Office,baseline_seasonal_naive,1.8889999999999998,0.0,1.8889999999999998,1.0,1.4383561643835616,12.695652173913045,10.428571428571429,0.0,0
store_0003,sku_00093,Office,ML_95,1.9278150684931508,17.000999999999998,18.928815068493147,0.9333333333333333,1.4093959731543624,12.956521739130435,10.642857142857142,1.0,1
store_0003,sku_00093,Office,ML_99,1.9278150684931508,17.000999999999998,18.928815068493147,0.9333333333333333,1.4093959731543624,12.956521739130435,10.642857142857142,1.0,1
store_0003,sku_00094,Electronics,baseline_rolling_mean,2.7159452054794517,0.0,2.7159452054794517,1.0,1.3787878787878787,8.25,9.428571428571429,0.0,0
store_0003,sku_00094,Electronics,baseline_seasonal_naive,2.4896164383561645,0.0,2.4896164383561645,1.0,1.5041322314049588,7.5625,8.642857142857142,0.0,0
store_0003,sku_00094,Electronics,ML_95,2.1192602739726025,0.0,2.1192602739726025,1.0,1.766990291262136,6.4375,7.357142857142857,0.0,0
store_0003,sku_00094,Electronics,ML_99,2.1192602739726025,0.0,2.1192602739726025,1.0,1.766990291262136,6.4375,7.357142857142857,0.0,0
store_0003,sku_00095,Apparel,baseline_rolling_mean,0.37756849315068497,0.0,0.37756849315068497,1.0,1.1199999999999999,10.869565217391305,8.928571428571429,0.0,0
store_0003,sku_00095,Apparel,baseline_seasonal_naive,0.5739041095890411,0.0,0.5739041095890411,1.0,0.7368421052631579,16.52173913043478,13.571428571428571,0.0,0
store_0003,sku_00095,Apparel,ML_95,0.2356027397260274,0.0,0.2356027397260274,1.0,1.794871794871795,6.782608695652174,5.571428571428571,0.0,0
store_0003,sku_00095,Apparel,ML_99,0.2356027397260274,0.0,0.2356027397260274,1.0,1.794871794871795,6.782608695652174,5.571428571428571,0.0,0
store_0003,sku_00096,Electronics,baseline_rolling_mean,1.1351917808219179,43.236,44.37119178082192,0.9047619047619048,4.260869565217391,6.000000000000001,4.928571428571429,2.0,1
store_0003,sku_00096,Electronics,baseline_seasonal_naive,3.734616438356164,0.0,3.734616438356164,1.0,1.2951541850220263,19.73913043478261,16.214285714285715,0.0,0
store_0003,sku_00096,Electronics,ML_95,1.891986301369863,43.236,45.12798630136986,0.9047619047619048,2.556521739130435,10.0,8.214285714285714,2.0,1
store_0003,sku_00096,Electronics,ML_99,1.9577945205479454,43.236,45.19379452054794,0.9047619047619048,2.4705882352941178,10.347826086956522,8.5,2.0,1
store_0003,sku_00097,Electronics,baseline_rolling_mean,1.8958287671232876,0.0,1.8958287671232876,1.0,0.980891719745223,9.23529411764706,11.214285714285714,0.0,0
store_0003,sku_00097,Electronics,baseline_seasonal_naive,2.729027397260274,0.0,2.729027397260274,1.0,0.6814159292035399,13.294117647058824,16.142857142857142,0.0,0
store_0003,sku_00097,Electronics,ML_95,1.8716780821917807,0.0,1.8716780821917807,1.0,0.9935483870967742,9.11764705882353,11.071428571428571,0.0,0
store_0003,sku_00097,Electronics,ML_99,1.8716780821917807,0.0,1.8716780821917807,1.0,0.9935483870967742,9.11764705882353,11.071428571428571,0.0,0
store_0003,sku_00098,Dairy,baseline_rolling_mean,1.610958904109589,0.0,1.610958904109589,1.0,2.4761904761904763,6.681818181818182,10.5,0.0,0
store_0003,sku_00098,Dairy,baseline_seasonal_naive,1.4465753424657535,0.0,1.4465753424657535,1.0,2.7575757575757573,6.0,9.428571428571429,0.0,0
store_0003,sku_00098,Dairy,ML_95,1.315068493150685,28.799999999999997,30.115068493150684,0.9230769230769231,3.033333333333333,5.454545454545454,8.571428571428571,2.0,1
store_0003,sku_00098,Dairy,ML_99,1.315068493150685,28.799999999999997,30.115068493150684,0.9230769230769231,3.033333333333333,5.454545454545454,8.571428571428571,2.0,1
store_0003,sku_00099,Electronics,baseline_rolling_mean,3.6858082191780817,67.26599999999999,70.95180821917808,0.8947368421052632,1.847222222222222,10.285714285714286,10.285714285714286,2.0,2
store_0003,sku_00099,Electronics,baseline_seasonal_naive,1.7917123287671228,67.26599999999999,69.05771232876711,0.8947368421052632,3.8,5.0,5.0,2.0,2
store_0003,sku_00099,Electronics,ML_95,6.450164383561642,67.26599999999999,73.71616438356163,0.8947368421052632,1.0555555555555556,18.0,18.0,2.0,2
store_0003,sku_00099,Electronics,ML_99,6.450164383561642,67.26599999999999,73.71616438356163,0.8947368421052632,1.0555555555555556,18.0,18.0,2.0,2
store_0003,sku_00100,Office,baseline_rolling_mean,1.1795342465753427,0.0,1.1795342465753427,1.0,0.8818897637795275,12.7,9.071428571428571,0.0,0
store_0003,sku_00100,Office,baseline_seasonal_naive,2.721287671232877,0.0,2.721287671232877,1.0,0.3822525597269625,29.299999999999997,20.928571428571427,0.0,0
store_0003,sku_00100,Office,ML_95,0.8823287671232876,0.0,0.8823287671232876,1.0,1.1789473684210527,9.5,6.785714285714286,0.0,0
store_0003,sku_00100,Office,ML_99,0.8823287671232876,0.0,0.8823287671232876,1.0,1.1789473684210527,9.5,6.785714285714286,0.0,0
store_0003,sku_00101,Health,baseline_rolling_mean,0.13245205479452057,7.911,8.04345205479452,0.8235294117647058,3.606060606060606,6.947368421052632,4.714285714285714,3.0,2
store_0003,sku_00101,Health,baseline_seasonal_naive,0.3231027397260274,0.0,0.3231027397260274,1.0,1.4782608695652173,16.94736842105263,11.5,0.0,0
store_0003,sku_00101,Health,ML_95,0.28095890410958907,0.0,0.28095890410958907,1.0,1.7,14.736842105263158,10.0,0.0,0
store_0003,sku_00101,Health,ML_99,0.28095890410958907,0.0,0.28095890410958907,1.0,1.7,14.736842105263158,10.0,0.0,0
store_0003,sku_00102,Apparel,baseline_rolling_mean,0.4064383561643836,0.0,0.4064383561643836,1.0,1.582608695652174,12.105263157894735,8.214285714285714,0.0,0
store_0003,sku_00102,Apparel,baseline_seasonal_naive,0.6432328767123288,0.0,0.6432328767123288,1.0,1.0,19.157894736842103,13.0,0.0,0
store_0003,sku_00102,Apparel,ML_95,0.3993698630136987,0.0,0.3993698630136987,1.0,1.6106194690265487,11.894736842105262,8.071428571428571,0.0,0
store_0003,sku_00102,Apparel,ML_99,0.3993698630136987,0.0,0.3993698630136987,1.0,1.6106194690265487,11.894736842105262,8.071428571428571,0.0,0
store_0003,sku_00103,Grocery,baseline_rolling_mean,0.18684931506849312,0.0,0.18684931506849312,1.0,0.7,10.0,1.4285714285714286,0.0,0
store_0003,sku_00103,Grocery,baseline_seasonal_naive,0.1401369863013698,0.0,0.1401369863013698,1.0,0.9333333333333333,7.5,1.0714285714285714,0.0,0
store_0003,sku_00103,Grocery,ML_95,0.1401369863013698,0.0,0.1401369863013698,1.0,0.9333333333333333,7.5,1.0714285714285714,0.0,0
store_0003,sku_00103,Grocery,ML_99,0.1401369863013698,0.0,0.1401369863013698,1.0,0.9333333333333333,7.5,1.0714285714285714,0.0,0
store_0003,sku_00104,Health,baseline_rolling_mean,0.1732876712328767,38.708999999999996,38.88228767123287,0.6222222222222222,6.3,5.405405405405406,7.142857142857143,17.0,5
store_0003,sku_00104,Health,baseline_seasonal_naive,0.1628904109589041,29.600999999999996,29.7638904109589,0.7111111111111111,6.702127659574468,5.081081081081082,6.714285714285714,13.0,3
store_0003,sku_00104,Health,ML_95,0.4228219178082191,0.0,0.4228219178082191,1.0,2.5819672131147544,13.189189189189188,17.428571428571427,0.0,0
store_0003,sku_00104,Health,ML_99,0.4228219178082191,0.0,0.4228219178082191,1.0,2.5819672131147544,13.189189189189188,17.428571428571427,0.0,0
store_0003,sku_00105,Household,baseline_rolling_mean,1.3745753424657534,0.0,1.3745753424657534,1.0,1.009009009009009,9.446808510638299,15.857142857142858,0.0,0
store_0003,sku_00105,Household,baseline_seasonal_naive,1.6160547945205477,0.0,1.6160547945205477,1.0,0.8582375478927203,11.106382978723405,18.642857142857142,0.0,0
store_0003,sku_00105,Household,ML_95,1.3188493150684932,0.0,1.3188493150684932,1.0,1.051643192488263,9.063829787234042,15.214285714285714,0.0,0
store_0003,sku_00105,Household,ML_99,1.3188493150684932,0.0,1.3188493150684932,1.0,1.051643192488263,9.063829787234042,15.214285714285714,0.0,0
store_0003,sku_00106,Bakery,baseline_rolling_mean,2.710102739726027,0.0,2.710102739726027,1.0,1.4285714285714286,8.305084745762711,17.5,0.0,0
store_0003,sku_00106,Bakery,baseline_seasonal_naive,4.391472602739725,0.0,4.391472602739725,1.0,0.8816120906801007,13.457627118644067,28.357142857142858,0.0,0
store_0003,sku_00106,Bakery,ML_95,2.533116438356164,0.0,2.533116438356164,1.0,1.5283842794759825,7.762711864406779,16.357142857142858,0.0,0
store_0003,sku_00106,Bakery,ML_99,2.533116438356164,0.0,2.533116438356164,1.0,1.5283842794759825,7.762711864406779,16.357142857142858,0.0,0
store_0003,sku_00107,Frozen,baseline_rolling_mean,1.290404109589041,0.0,1.290404109589041,1.0,1.0511945392491469,9.60655737704918,20.928571428571427,0.0,0
store_0003,sku_00107,Frozen,baseline_seasonal_naive,1.7043904109589043,0.0,1.7043904109589043,1.0,0.7958656330749354,12.688524590163935,27.642857142857142,0.0,0
store_0003,sku_00107,Frozen,ML_95,1.105431506849315,0.0,1.105431506849315,1.0,1.2270916334661355,8.229508196721312,17.928571428571427,0.0,0
store_0003,sku_00107,Frozen,ML_99,1.105431506849315,0.0,1.105431506849315,1.0,1.2270916334661355,8.229508196721312,17.928571428571427,0.0,0
store_0003,sku_00108,Beverages,baseline_rolling_mean,0.7557123287671231,0.0,0.7557123287671231,1.0,0.9859154929577465,12.909090909090908,5.071428571428571,0.0,0
store_0003,sku_00108,Beverages,baseline_seasonal_naive,1.9052465753424659,0.0,1.9052465753424659,1.0,0.39106145251396646,32.54545454545455,12.785714285714286,0.0,0
store_0003,sku_00108,Beverages,ML_95,0.37253424657534234,0.0,0.37253424657534234,1.0,2.0,6.363636363636364,2.5,0.0,0
store_0003,sku_00108,Beverages,ML_99,0.37253424657534234,0.0,0.37253424657534234,1.0,2.0,6.363636363636364,2.5,0.0,0
store_0003,sku_00109,Household,baseline_rolling_mean,0.3616986301369863,36.162000000000006,36.52369863013699,0.75,4.260869565217392,7.076923076923077,6.571428571428571,7.0,2
store_0003,sku_00109,Household,baseline_seasonal_naive,0.5228904109589041,0.0,0.5228904109589041,1.0,2.9473684210526314,10.23076923076923,9.5,0.0,0
store_0003,sku_00109,Household,ML_95,0.6447671232876713,15.498000000000001,16.142767123287673,0.8928571428571429,2.3902439024390247,12.615384615384615,11.714285714285714,3.0,1
store_0003,sku_00109,Household,ML_99,0.6447671232876713,15.498000000000001,16.142767123287673,0.8928571428571429,2.3902439024390247,12.615384615384615,11.714285714285714,3.0,1
store_0003,sku_00110,Bakery,baseline_rolling_mean,1.38013698630137,0.0,1.38013698630137,1.0,1.456,8.928571428571429,8.928571428571429,0.0,0
store_0003,sku_00110,Bakery,baseline_seasonal_naive,2.0536438356164384,0.0,2.0536438356164384,1.0,0.9784946236559139,13.285714285714286,13.285714285714286,0.0,0
store_0003,sku_00110,Bakery,ML_95,0.8943287671232878,0.0,0.8943287671232878,1.0,2.246913580246914,5.785714285714286,5.785714285714286,0.0,0
store_0003,sku_00110,Bakery,ML_99,0.8943287671232878,0.0,0.8943287671232878,1.0,2.246913580246914,5.785714285714286,5.785714285714286,0.0,0
store_0003,sku_00111,Automotive,baseline_rolling_mean,0.21291780821917808,0.0,0.21291780821917808,1.0,0.8484848484848485,9.428571428571429,7.071428571428571,0.0,0
store_0003,sku_00111,Automotive,baseline_seasonal_naive,0.20646575342465756,0.0,0.20646575342465756,1.0,0.875,9.142857142857142,6.857142857142857,0.0,0
store_0003,sku_00111,Automotive,ML_95,0.20646575342465756,0.0,0.20646575342465756,1.0,0.875,9.142857142857142,6.857142857142857,0.0,0
store_0003,sku_00111,Automotive,ML_99,0.20646575342465756,0.0,0.20646575342465756,1.0,0.875,9.142857142857142,6.857142857142857,0.0,0
store_0003,sku_00112,Grocery,baseline_rolling_mean,1.6531643835616436,0.0,1.6531643835616436,1.0,1.320754716981132,9.937500000000002,11.357142857142858,0.0,0
store_0003,sku_00112,Grocery,baseline_seasonal_naive,2.2562054794520545,0.0,2.2562054794520545,1.0,0.967741935483871,13.5625,15.5,0.0,0
store_0003,sku_00112,Grocery,ML_95,1.2164794520547941,0.0,1.2164794520547941,1.0,1.7948717948717947,7.312500000000001,8.357142857142858,0.0,0
store_0003,sku_00112,Grocery,ML_99,1.2164794520547941,0.0,1.2164794520547941,1.0,1.7948717948717947,7.312500000000001,8.357142857142858,0.0,0
store_0003,sku_00113,Frozen,baseline_rolling_mean,1.6846027397260275,0.0,1.6846027397260275,1.0,1.0833333333333333,11.586206896551722,24.0,0.0,0
store_0003,sku_00113,Frozen,baseline_seasonal_naive,2.9681095890410965,0.0,2.9681095890410965,1.0,0.6148648648648649,20.413793103448274,42.285714285714285,0.0,0
store_0003,sku_00113,Frozen,ML_95,1.3135890410958904,0.0,1.3135890410958904,1.0,1.3893129770992365,9.034482758620689,18.714285714285715,0.0,0
store_0003,sku_00113,Frozen,ML_99,1.3135890410958904,0.0,1.3135890410958904,1.0,1.3893129770992365,9.034482758620689,18.714285714285715,0.0,0
store_0003,sku_00114,Toys,baseline_rolling_mean,0.8374246575342463,0.0,0.8374246575342463,1.0,2.596774193548387,8.266666666666667,8.857142857142858,0.0,0
store_0003,sku_00114,Toys,baseline_seasonal_naive,0.8644383561643834,0.0,0.8644383561643834,1.0,2.515625,8.533333333333333,9.142857142857142,0.0,0
store_0003,sku_00114,Toys,ML_95,0.4794931506849314,8.873999999999999,9.35349315068493,0.9565217391304348,4.535211267605634,4.733333333333333,5.071428571428571,1.0,1
store_0003,sku_00114,Toys,ML_99,0.4794931506849314,8.873999999999999,9.35349315068493,0.9565217391304348,4.535211267605634,4.733333333333333,5.071428571428571,1.0,1
store_0003,sku_00115,Dairy,baseline_rolling_mean,1.7494589041095894,0.0,1.7494589041095894,1.0,0.9447852760736196,10.516129032258064,11.642857142857142,0.0,0
store_0003,sku_00115,Dairy,baseline_seasonal_naive,6.5577876712328775,0.0,6.5577876712328775,1.0,0.2520458265139116,39.41935483870968,43.642857142857146,0.0,0
store_0003,sku_00115,Dairy,ML_95,1.448938356164384,0.0,1.448938356164384,1.0,1.1407407407407408,8.709677419354838,9.642857142857142,0.0,0
store_0003,sku_00115,Dairy,ML_99,1.448938356164384,0.0,1.448938356164384,1.0,1.1407407407407408,8.709677419354838,9.642857142857142,0.0,0
store_0003,sku_00116,Automotive,baseline_rolling_mean,0.21441095890410955,0.0,0.21441095890410955,1.0,2.6046511627906974,6.615384615384616,6.142857142857143,0.0,0
store_0003,sku_00116,Automotive,baseline_seasonal_naive,0.3241095890410959,0.0,0.3241095890410959,1.0,1.723076923076923,10.0,9.285714285714286,0.0,0
store_0003,sku_00116,Automotive,ML_95,0.29668493150684927,3.2760000000000002,3.5726849315068496,0.9375,1.8823529411764706,9.153846153846153,8.5,1.0,1
store_0003,sku_00116,Automotive,ML_99,0.29668493150684927,3.2760000000000002,3.5726849315068496,0.9375,1.8823529411764706,9.153846153846153,8.5,1.0,1
store_0003,sku_00117,Beverages,baseline_rolling_mean,0.25345205479452054,0.0,0.25345205479452054,1.0,1.2727272727272727,8.799999999999999,3.142857142857143,0.0,0
store_0003,sku_00117,Beverages,baseline_seasonal_naive,0.5875479452054795,0.0,0.5875479452054795,1.0,0.5490196078431373,20.4,7.285714285714286,0.0,0
store_0003,sku_00117,Beverages,ML_95,0.24769178082191778,0.0,0.24769178082191778,1.0,1.3023255813953487,8.6,3.0714285714285716,0.0,0
store_0003,sku_00117,Beverages,ML_99,0.24769178082191778,0.0,0.24769178082191778,1.0,1.3023255813953487,8.6,3.0714285714285716,0.0,0
store_0003,sku_00118,Garden,baseline_rolling_mean,15.817746575342465,0.0,15.817746575342465,1.0,1.7037037037037037,7.930069930069931,40.5,0.0,0
store_0003,sku_00118,Garden,baseline_seasonal_naive,15.510876712328766,0.0,15.510876712328766,1.0,1.737410071942446,7.776223776223777,39.714285714285715,0.0,0
store_0003,sku_00118,Garden,ML_95,11.940027397260273,0.0,11.940027397260273,1.0,2.2570093457943923,5.986013986013987,30.571428571428573,0.0,0
store_0003,sku_00118,Garden,ML_99,11.940027397260273,0.0,11.940027397260273,1.0,2.2570093457943923,5.986013986013987,30.571428571428573,0.0,0
store_0003,sku_00119,Beverages,baseline_rolling_mean,0.6170273972602739,0.0,0.6170273972602739,1.0,0.6290322580645161,10.272189349112425,4.769230769230769,0.0,0
store_0003,sku_00119,Beverages,baseline_seasonal_naive,1.054917808219178,0.0,1.054917808219178,1.0,0.3679245283018868,17.562130177514792,8.153846153846153,0.0,0
store_0003,sku_00119,Beverages,ML_95,0.5971232876712328,0.0,0.5971232876712328,1.0,0.65,9.940828402366863,4.615384615384615,0.0,0
store_0003,sku_00119,Beverages,ML_99,0.5971232876712328,0.0,0.5971232876712328,1.0,0.65,9.940828402366863,4.615384615384615,0.0,0
store_0003,sku_00120,Household,baseline_rolling_mean,0.9567328767123288,62.23499999999999,63.19173287671232,0.7058823529411764,2.3564356435643563,16.833333333333336,7.214285714285714,5.0,4
store_0003,sku_00120,Household,baseline_seasonal_naive,0.6915,62.23499999999999,62.92649999999999,0.7058823529411764,3.2602739726027394,12.166666666666668,5.214285714285714,5.0,4
store_0003,sku_00120,Household,ML_95,1.5913972602739723,62.23499999999999,63.826397260273964,0.7058823529411764,1.4166666666666667,28.0,12.0,5.0,4
store_0003,sku_00120,Household,ML_99,1.5913972602739723,62.23499999999999,63.826397260273964,0.7058823529411764,1.4166666666666667,28.0,12.0,5.0,4
store_0003,sku_00121,Home,baseline_rolling_mean,2.3610958904109585,0.0,2.3610958904109585,1.0,1.3548387096774195,9.11764705882353,11.071428571428571,0.0,0
store_0003,sku_00121,Home,baseline_seasonal_naive,5.285808219178082,0.0,5.285808219178082,1.0,0.6051873198847263,20.411764705882355,24.785714285714285,0.0,0
store_0003,sku_00121,Home,ML_95,1.9802739726027394,0.0,1.9802739726027394,1.0,1.6153846153846152,7.647058823529413,9.285714285714286,0.0,0
store_0003,sku_00121,Home,ML_99,1.9802739726027394,0.0,1.9802739726027394,1.0,1.6153846153846152,7.647058823529413,9.285714285714286,0.0,0
store_0003,sku_00122,Produce,baseline_rolling_mean,1.676164383561644,0.0,1.676164383561644,1.0,3.0,7.0,8.0,0.0,0
store_0003,sku_00122,Produce,baseline_seasonal_naive,2.1999657534246575,0.0,2.1999657534246575,1.0,2.2857142857142856,9.1875,10.5,0.0,0
store_0003,sku_00122,Produce,ML_95,2.6190068493150687,19.665000000000003,22.28400684931507,0.9583333333333334,1.92,10.9375,12.5,1.0,1
store_0003,sku_00122,Produce,ML_99,2.6190068493150687,19.665000000000003,22.28400684931507,0.9583333333333334,1.92,10.9375,12.5,1.0,1
store_0003,sku_00123,Electronics,baseline_rolling_mean,2.21641095890411,0.0,2.21641095890411,1.0,1.5714285714285714,8.90909090909091,7.0,0.0,0
store_0003,sku_00123,Electronics,baseline_seasonal_naive,4.138808219178083,0.0,4.138808219178083,1.0,0.8415300546448088,16.636363636363637,13.071428571428571,0.0,0
store_0003,sku_00123,Electronics,ML_95,2.21641095890411,0.0,2.21641095890411,1.0,1.5714285714285714,8.90909090909091,7.0,0.0,0
store_0003,sku_00123,Electronics,ML_99,2.21641095890411,0.0,2.21641095890411,1.0,1.5714285714285714,8.90909090909091,7.0,0.0,0
store_0003,sku_00124,Baby,baseline_rolling_mean,0.07882191780821918,0.0,0.07882191780821918,1.0,1.3333333333333333,10.5,1.5,0.0,0
store_0003,sku_00124,Baby,baseline_seasonal_naive,0.21394520547945206,0.0,0.21394520547945206,1.0,0.4912280701754386,28.5,4.071428571428571,0.0,0
store_0003,sku_00124,Baby,ML_95,0.11635616438356164,0.0,0.11635616438356164,1.0,0.9032258064516129,15.500000000000002,2.2142857142857144,0.0,0
store_0003,sku_00124,Baby,ML_99,0.11635616438356164,0.0,0.11635616438356164,1.0,0.9032258064516129,15.500000000000002,2.2142857142857144,0.0,0
store_0003,sku_00125,Office,baseline_rolling_mean,0.4313150684931506,10.899,11.33031506849315,0.9090909090909091,2.9615384615384612,11.555555555555555,3.7142857142857144,1.0,1
store_0003,sku_00125,Office,baseline_seasonal_naive,0.5142602739726027,43.596,44.1102602739726,0.6363636363636364,2.4838709677419355,13.777777777777777,4.428571428571429,4.0,3
store_0003,sku_00125,Office,ML_95,0.6967397260273972,10.899,11.595739726027396,0.9090909090909091,1.8333333333333333,18.666666666666664,6.0,1.0,1
store_0003,sku_00125,Office,ML_99,0.6967397260273972,10.899,11.595739726027396,0.9090909090909091,1.8333333333333333,18.666666666666664,6.0,1.0,1
store_0003,sku_00126,Bakery,baseline_rolling_mean,1.115013698630137,0.0,1.115013698630137,1.0,0.4117647058823529,12.0,7.285714285714286,0.0,0
store_0003,sku_00126,Bakery,baseline_seasonal_naive,1.442958904109589,0.0,1.442958904109589,1.0,0.3181818181818182,15.529411764705884,9.428571428571429,0.0,0
store_0003,sku_00126,Bakery,ML_95,1.0712876712328765,0.0,1.0712876712328765,1.0,0.42857142857142855,11.529411764705884,7.0,0.0,0
store_0003,sku_00126,Bakery,ML_99,1.0712876712328765,0.0,1.0712876712328765,1.0,0.42857142857142855,11.529411764705884,7.0,0.0,0
store_0003,sku_00127,Home,baseline_rolling_mean,1.1087054794520548,55.32299999999999,56.43170547945205,0.8,2.6582278481012658,7.523809523809525,5.642857142857143,3.0,1
store_0003,sku_00127,Home,baseline_seasonal_naive,1.922691780821918,0.0,1.922691780821918,1.0,1.532846715328467,13.04761904761905,9.785714285714286,0.0,0
store_0003,sku_00127,Home,ML_95,2.077068493150685,0.0,2.077068493150685,1.0,1.4189189189189189,14.095238095238095,10.571428571428571,0.0,0
store_0003,sku_00127,Home,ML_99,2.077068493150685,0.0,2.077068493150685,1.0,1.4189189189189189,14.095238095238095,10.571428571428571,0.0,0
store_0003,sku_00128,Household,baseline_rolling_mean,0.5593561643835617,9.423,9.982356164383562,0.9285714285714286,2.5128205128205128,6.5,5.571428571428571,1.0,1
store_0003,sku_00128,Household,baseline_seasonal_naive,0.5521849315068493,18.846,19.39818493150685,0.8571428571428572,2.5454545454545454,6.416666666666667,5.5,2.0,2
store_0003,sku_00128,Household,ML_95,0.7458082191780823,9.423,10.168808219178082,0.9285714285714286,1.8846153846153846,8.666666666666668,7.428571428571429,1.0,1
store_0003,sku_00128,Household,ML_99,0.7458082191780823,9.423,10.168808219178082,0.9285714285714286,1.8846153846153846,8.666666666666668,7.428571428571429,1.0,1
store_0003,sku_00129,Household,baseline_rolling_mean,0.6304657534246576,9.414000000000001,10.044465753424658,0.9333333333333333,2.3863636363636362,7.6521739130434785,6.285714285714286,1.0,1
store_0003,sku_00129,Household,baseline_seasonal_naive,0.4226986301369864,9.414000000000001,9.836698630136988,0.9333333333333333,3.559322033898305,5.130434782608696,4.214285714285714,1.0,1
store_0003,sku_00129,Household,ML_95,0.9456986301369864,0.0,0.9456986301369864,1.0,1.5909090909090908,11.478260869565219,9.428571428571429,0.0,0
store_0003,sku_00129,Household,ML_99,0.9456986301369864,0.0,0.9456986301369864,1.0,1.5909090909090908,11.478260869565219,9.428571428571429,0.0,0
store_0003,sku_00130,Household,baseline_rolling_mean,0.36616438356164394,0.0,0.36616438356164394,1.0,0.9545454545454546,11.0,3.142857142857143,0.0,0
store_0003,sku_00130,Household,baseline_seasonal_naive,0.5326027397260275,0.0,0.5326027397260275,1.0,0.65625,16.0,4.571428571428571,0.0,0
store_0003,sku_00130,Household,ML_95,0.233013698630137,0.0,0.233013698630137,1.0,1.5,7.0,2.0,0.0,0
store_0003,sku_00130,Household,ML_99,0.233013698630137,0.0,0.233013698630137,1.0,1.5,7.0,2.0,0.0,0
store_0003,sku_00131,Toys,baseline_rolling_mean,6.844657534246574,0.0,6.844657534246574,1.0,1.6604651162790698,7.962962962962963,30.714285714285715,0.0,0
store_0003,sku_00131,Toys,baseline_seasonal_naive,7.815643835616437,0.0,7.815643835616437,1.0,1.4541751527494908,9.092592592592592,35.07142857142857,0.0,0
store_0003,sku_00131,Toys,ML_95,6.223863013698629,0.0,6.223863013698629,1.0,1.8260869565217392,7.2407407407407405,27.928571428571427,0.0,0
store_0003,sku_00131,Toys,ML_99,6.223863013698629,0.0,6.223863013698629,1.0,1.8260869565217392,7.2407407407407405,27.928571428571427,0.0,0
store_0003,sku_00132,Health,baseline_rolling_mean,0.3557534246575343,0.0,0.3557534246575343,1.0,2.0714285714285716,8.0,14.0,0.0,0
store_0003,sku_00132,Health,baseline_seasonal_naive,0.7496232876712329,0.0,0.7496232876712329,1.0,0.9830508474576272,16.857142857142858,29.5,0.0,0
store_0003,sku_00132,Health,ML_95,0.3884246575342466,2.385,2.7734246575342465,0.9655172413793104,1.8971962616822429,8.73469387755102,15.285714285714286,1.0,1
store_0003,sku_00132,Health,ML_99,0.3884246575342466,2.385,2.7734246575342465,0.9655172413793104,1.8971962616822429,8.73469387755102,15.285714285714286,1.0,1
store_0003,sku_00133,Meat,baseline_rolling_mean,1.0219315068493153,0.0,1.0219315068493153,1.0,1.7283950617283952,8.1,5.785714285714286,0.0,0
store_0003,sku_00133,Meat,baseline_seasonal_naive,1.3121095890410963,0.0,1.3121095890410963,1.0,1.346153846153846,10.4,7.428571428571429,0.0,0
store_0003,sku_00133,Meat,ML_95,0.9083835616438359,0.0,0.9083835616438359,1.0,1.9444444444444442,7.2,5.142857142857143,0.0,0
store_0003,sku_00133,Meat,ML_99,0.9083835616438359,0.0,0.9083835616438359,1.0,1.9444444444444442,7.2,5.142857142857143,0.0,0
store_0003,sku_00134,Health,baseline_rolling_mean,1.1629109589041093,0.0,1.1629109589041093,1.0,1.3333333333333333,9.692307692307692,22.5,0.0,0
store_0003,sku_00134,Health,baseline_seasonal_naive,1.5136301369863014,0.0,1.5136301369863014,1.0,1.024390243902439,12.615384615384613,29.285714285714285,0.0,0
store_0003,sku_00134,Health,ML_95,0.7641986301369863,0.0,0.7641986301369863,1.0,2.0289855072463765,6.369230769230769,14.785714285714286,0.0,0
store_0003,sku_00134,Health,ML_99,0.7641986301369863,0.0,0.7641986301369863,1.0,2.0289855072463765,6.369230769230769,14.785714285714286,0.0,0
store_0003,sku_00135,Grocery,baseline_rolling_mean,0.9099863013698629,98.82,99.72998630136986,0.7222222222222222,4.1652892561983474,5.902439024390244,8.642857142857142,10.0,3
store_0003,sku_00135,Grocery,baseline_seasonal_naive,1.1356027397260273,148.23000000000002,149.36560273972606,0.5833333333333333,3.3377483443708607,7.365853658536587,10.785714285714286,15.0,4
store_0003,sku_00135,Grocery,ML_95,2.0305479452054795,39.528,41.558547945205476,0.8888888888888888,1.8666666666666667,13.170731707317074,19.285714285714285,4.0,1
store_0003,sku_00135,Grocery,ML_99,2.0681506849315063,39.528,41.5961506849315,0.8888888888888888,1.8327272727272728,13.414634146341465,19.642857142857142,4.0,1
store_0003,sku_00136,Produce,baseline_rolling_mean,1.0885616438356167,0.0,1.0885616438356167,1.0,1.3391304347826087,9.583333333333332,8.214285714285714,0.0,0
store_0003,sku_00136,Produce,baseline_seasonal_naive,2.555753424657534,0.0,2.555753424657534,1.0,0.5703703703703704,22.5,19.285714285714285,0.0,0
store_0003,sku_00136,Produce,ML_95,0.6910000000000001,0.0,0.6910000000000001,1.0,2.1095890410958904,6.083333333333334,5.214285714285714,0.0,0
store_0003,sku_00136,Produce,ML_99,0.6910000000000001,0.0,0.6910000000000001,1.0,2.1095890410958904,6.083333333333334,5.214285714285714,0.0,0
store_0003,sku_00137,Dairy,baseline_rolling_mean,1.0723287671232877,35.226,36.29832876712329,0.8571428571428572,2.4499999999999997,7.272727272727273,5.714285714285714,2.0,1
store_0003,sku_00137,Dairy,baseline_seasonal_naive,1.2867945205479452,0.0,1.2867945205479452,1.0,2.041666666666667,8.727272727272727,6.857142857142857,0.0,0
store_0003,sku_00137,Dairy,ML_95,1.688917808219178,52.839,54.52791780821918,0.7857142857142857,1.5555555555555556,11.454545454545455,9.0,3.0,1
store_0003,sku_00137,Dairy,ML_99,1.688917808219178,52.839,54.52791780821918,0.7857142857142857,1.5555555555555556,11.454545454545455,9.0,3.0,1
store_0003,sku_00138,Office,baseline_rolling_mean,0.5413356164383561,0.0,0.5413356164383561,1.0,2.5454545454545454,6.875,3.9285714285714284,0.0,0
store_0003,sku_00138,Office,baseline_seasonal_naive,1.5846369863013698,0.0,1.5846369863013698,1.0,0.8695652173913043,20.125,11.5,0.0,0
store_0003,sku_00138,Office,ML_95,0.777554794520548,0.0,0.777554794520548,1.0,1.7721518987341771,9.875000000000002,5.642857142857143,0.0,0
store_0003,sku_00138,Office,ML_99,0.777554794520548,0.0,0.777554794520548,1.0,1.7721518987341771,9.875000000000002,5.642857142857143,0.0,0
store_0003,sku_00139,Seasonal,baseline_rolling_mean,2.5936027397260277,0.0,2.5936027397260277,1.0,1.2844036697247707,9.688888888888888,15.571428571428571,0.0,0
store_0003,sku_00139,Seasonal,baseline_seasonal_naive,4.973054794520548,0.0,4.973054794520548,1.0,0.6698564593301435,18.577777777777776,29.857142857142858,0.0,0
store_0003,sku_00139,Seasonal,ML_95,1.9987397260273974,0.0,1.9987397260273974,1.0,1.6666666666666667,7.466666666666667,12.0,0.0,0
store_0003,sku_00139,Seasonal,ML_99,1.9987397260273974,0.0,1.9987397260273974,1.0,1.6666666666666667,7.466666666666667,12.0,0.0,0
store_0003,sku_00140,Home,baseline_rolling_mean,6.636712328767125,0.0,6.636712328767125,1.0,1.4765625,12.487804878048781,18.285714285714285,0.0,0
store_0003,sku_00140,Home,baseline_seasonal_naive,7.05150684931507,0.0,7.05150684931507,1.0,1.3897058823529413,13.268292682926829,19.428571428571427,0.0,0
store_0003,sku_00140,Home,ML_95,8.192191780821918,0.0,8.192191780821918,1.0,1.1962025316455696,15.414634146341465,22.571428571428573,0.0,0
store_0003,sku_00140,Home,ML_99,8.192191780821918,0.0,8.192191780821918,1.0,1.1962025316455696,15.414634146341465,22.571428571428573,0.0,0
store_0003,sku_00141,Pet,baseline_rolling_mean,3.5423835616438355,0.0,3.5423835616438355,1.0,1.4680851063829787,8.02439024390244,47.0,0.0,0
store_0003,sku_00141,Pet,baseline_seasonal_naive,4.349917808219178,0.0,4.349917808219178,1.0,1.1955445544554455,9.853658536585368,57.714285714285715,0.0,0
store_0003,sku_00141,Pet,ML_95,3.467013698630137,0.0,3.467013698630137,1.0,1.5,7.853658536585367,46.0,0.0,0
store_0003,sku_00141,Pet,ML_99,3.467013698630137,0.0,3.467013698630137,1.0,1.5,7.853658536585367,46.0,0.0,0
store_0003,sku_00142,Seasonal,baseline_rolling_mean,4.263890410958904,0.0,4.263890410958904,1.0,1.5281690140845072,8.606060606060606,20.285714285714285,0.0,0
store_0003,sku_00142,Seasonal,baseline_seasonal_naive,7.02641095890411,0.0,7.02641095890411,1.0,0.9273504273504273,14.181818181818182,33.42857142857143,0.0,0
store_0003,sku_00142,Seasonal,ML_95,3.2279452054794517,0.0,3.2279452054794517,1.0,2.0186046511627906,6.515151515151516,15.357142857142858,0.0,0
store_0003,sku_00142,Seasonal,ML_99,3.2279452054794517,0.0,3.2279452054794517,1.0,2.0186046511627906,6.515151515151516,15.357142857142858,0.0,0
store_0003,sku_00143,Meat,baseline_rolling_mean,0.33557534246575343,120.258,120.59357534246575,0.5384615384615384,8.272727272727273,4.3999999999999995,1.5714285714285714,6.0,4
store_0003,sku_00143,Meat,baseline_seasonal_naive,0.7931780821917808,20.043,20.83617808219178,0.9230769230769231,3.5,10.4,3.7142857142857144,1.0,1
store_0003,sku_00143,Meat,ML_95,0.9762191780821919,20.043,21.019219178082192,0.9230769230769231,2.84375,12.799999999999999,4.571428571428571,1.0,1
store_0003,sku_00143,Meat,ML_99,0.9762191780821919,20.043,21.019219178082192,0.9230769230769231,2.84375,12.799999999999999,4.571428571428571,1.0,1
store_0003,sku_00144,Garden,baseline_rolling_mean,9.56095890410959,0.0,9.56095890410959,1.0,1.2444444444444445,9.310344827586206,19.285714285714285,0.0,0
store_0003,sku_00144,Garden,baseline_seasonal_naive,10.800342465753424,0.0,10.800342465753424,1.0,1.1016393442622952,10.517241379310343,21.785714285714285,0.0,0
store_0003,sku_00144,Garden,ML_95,9.100616438356164,0.0,9.100616438356164,1.0,1.3073929961089494,8.86206896551724,18.357142857142858,0.0,0
store_0003,sku_00144,Garden,ML_99,9.100616438356164,0.0,9.100616438356164,1.0,1.3073929961089494,8.86206896551724,18.357142857142858,0.0,0
store_0003,sku_00145,Baby,baseline_rolling_mean,0.22256849315068497,0.0,0.22256849315068497,1.0,0.835820895522388,12.181818181818182,4.785714285714286,0.0,0
store_0003,sku_00145,Baby,baseline_seasonal_naive,0.23253424657534244,0.0,0.23253424657534244,1.0,0.8,12.727272727272728,5.0,0.0,0
store_0003,sku_00145,Baby,ML_95,0.1660958904109589,0.0,0.1660958904109589,1.0,1.1199999999999999,9.090909090909092,3.5714285714285716,0.0,0
store_0003,sku_00145,Baby,ML_99,0.1660958904109589,0.0,0.1660958904109589,1.0,1.1199999999999999,9.090909090909092,3.5714285714285716,0.0,0
store_0003,sku_00146,Garden,baseline_rolling_mean,2.1279178082191783,0.0,2.1279178082191783,1.0,1.1089108910891088,8.782608695652174,14.428571428571429,0.0,0
store_0003,sku_00146,Garden,baseline_seasonal_naive,3.3182876712328766,0.0,3.3182876712328766,1.0,0.7111111111111111,13.695652173913045,22.5,0.0,0
store_0003,sku_00146,Garden,ML_95,2.1173835616438357,0.0,2.1173835616438357,1.0,1.1144278606965174,8.73913043478261,14.357142857142858,0.0,0
store_0003,sku_00146,Garden,ML_99,2.1173835616438357,0.0,2.1173835616438357,1.0,1.1144278606965174,8.73913043478261,14.357142857142858,0.0,0
store_0003,sku_00147,Meat,baseline_rolling_mean,1.5559178082191778,0.0,1.5559178082191778,1.0,0.5526315789473684,11.692307692307692,5.428571428571429,0.0,0
store_0003,sku_00147,Meat,baseline_seasonal_naive,2.211041095890411,0.0,2.211041095890411,1.0,0.3888888888888889,16.615384615384617,7.714285714285714,0.0,0
store_0003,sku_00147,Meat,ML_95,1.5559178082191778,0.0,1.5559178082191778,1.0,0.5526315789473684,11.692307692307692,5.428571428571429,0.0,0
store_0003,sku_00147,Meat,ML_99,1.5559178082191778,0.0,1.5559178082191778,1.0,0.5526315789473684,11.692307692307692,5.428571428571429,0.0,0
store_0003,sku_00148,Pet,baseline_rolling_mean,0.704219178082192,0.0,0.704219178082192,1.0,1.4074074074074074,10.8,13.5,0.0,0
store_0003,sku_00148,Pet,baseline_seasonal_naive,1.017205479452055,0.0,1.017205479452055,1.0,0.9743589743589743,15.6,19.5,0.0,0
store_0003,sku_00148,Pet,ML_95,0.6296986301369865,0.0,0.6296986301369865,1.0,1.5739644970414202,9.657142857142857,12.071428571428571,0.0,0
store_0003,sku_00148,Pet,ML_99,0.6296986301369865,0.0,0.6296986301369865,1.0,1.5739644970414202,9.657142857142857,12.071428571428571,0.0,0
store_0003,sku_00149,Home,baseline_rolling_mean,2.007541095890411,0.0,2.007541095890411,1.0,1.6697247706422018,8.074074074074074,7.785714285714286,0.0,0
store_0003,sku_00149,Home,baseline_seasonal_naive,2.30222602739726,0.0,2.30222602739726,1.0,1.456,9.25925925925926,8.928571428571429,0.0,0
store_0003,sku_00149,Home,ML_95,1.7865273972602742,0.0,1.7865273972602742,1.0,1.8762886597938144,7.185185185185185,6.928571428571429,0.0,0
store_0003,sku_00149,Home,ML_99,1.7865273972602742,0.0,1.7865273972602742,1.0,1.8762886597938144,7.185185185185185,6.928571428571429,0.0,0
store_0003,sku_00150,Pet,baseline_rolling_mean,0.8807671232876713,0.0,0.8807671232876713,1.0,1.1666666666666665,9.600000000000001,10.285714285714286,0.0,0
store_0003,sku_00150,Pet,baseline_seasonal_naive,1.052027397260274,0.0,1.052027397260274,1.0,0.9767441860465116,11.466666666666669,12.285714285714286,0.0,0
store_0003,sku_00150,Pet,ML_95,0.8257191780821916,0.0,0.8257191780821916,1.0,1.2444444444444445,9.0,9.642857142857142,0.0,0
store_0003,sku_00150,Pet,ML_99,0.8257191780821916,0.0,0.8257191780821916,1.0,1.2444444444444445,9.0,9.642857142857142,0.0,0
store_0003,sku_00151,Household,baseline_rolling_mean,0.8211232876712328,0.0,0.8211232876712328,1.0,0.6511627906976744,13.230769230769232,12.285714285714286,0.0,0
store_0003,sku_00151,Household,baseline_seasonal_naive,1.4512876712328766,0.0,1.4512876712328766,1.0,0.3684210526315789,23.384615384615383,21.714285714285715,0.0,0
store_0003,sku_00151,Household,ML_95,0.5871986301369864,0.0,0.5871986301369864,1.0,0.9105691056910569,9.461538461538462,8.785714285714286,0.0,0
store_0003,sku_00151,Household,ML_99,0.5871986301369864,0.0,0.5871986301369864,1.0,0.9105691056910569,9.461538461538462,8.785714285714286,0.0,0
store_0003,sku_00152,Meat,baseline_rolling_mean,0.3771438356164383,0.0,0.3771438356164383,1.0,0.34146341463414637,20.5,2.9285714285714284,0.0,0
store_0003,sku_00152,Meat,baseline_seasonal_naive,1.0210479452054797,0.0,1.0210479452054797,1.0,0.12612612612612611,55.50000000000001,7.928571428571429,0.0,0
store_0003,sku_00152,Meat,ML_95,0.2483630136986301,0.0,0.2483630136986301,1.0,0.5185185185185185,13.500000000000002,1.9285714285714286,0.0,0
store_0003,sku_00152,Meat,ML_99,0.2483630136986301,0.0,0.2483630136986301,1.0,0.5185185185185185,13.500000000000002,1.9285714285714286,0.0,0
store_0003,sku_00153,Beauty,baseline_rolling_mean,0.17167123287671238,0.0,0.17167123287671238,1.0,0.5384615384615384,13.000000000000002,1.8571428571428572,0.0,0
store_0003,sku_00153,Beauty,baseline_seasonal_naive,0.17167123287671238,0.0,0.17167123287671238,1.0,0.5384615384615384,13.000000000000002,1.8571428571428572,0.0,0
store_0003,sku_00153,Beauty,ML_95,0.17167123287671238,0.0,0.17167123287671238,1.0,0.5384615384615384,13.000000000000002,1.8571428571428572,0.0,0
store_0003,sku_00153,Beauty,ML_99,0.17167123287671238,0.0,0.17167123287671238,1.0,0.5384615384615384,13.000000000000002,1.8571428571428572,0.0,0
store_0003,sku_00154,Frozen,baseline_rolling_mean,0.31423972602739725,0.0,0.31423972602739725,1.0,1.4796747967479673,8.482758620689655,8.785714285714286,0.0,0
store_0003,sku_00154,Frozen,baseline_seasonal_naive,0.4854109589041095,0.0,0.4854109589041095,1.0,0.9578947368421052,13.103448275862068,13.571428571428571,0.0,0
store_0003,sku_00154,Frozen,ML_95,0.28869178082191777,0.0,0.28869178082191777,1.0,1.6106194690265487,7.793103448275861,8.071428571428571,0.0,0
store_0003,sku_00154,Frozen,ML_99,0.28869178082191777,0.0,0.28869178082191777,1.0,1.6106194690265487,7.793103448275861,8.071428571428571,0.0,0
store_0003,sku_00155,Health,baseline_rolling_mean,0.07728767123287672,0.0,0.07728767123287672,1.0,0.0,14.0,2.0,0.0,0
store_0003,sku_00155,Health,baseline_seasonal_naive,0.17665753424657535,0.0,0.17665753424657535,1.0,0.0,32.0,4.571428571428571,0.0,0
store_0003,sku_00155,Health,ML_95,0.07728767123287672,0.0,0.07728767123287672,1.0,0.0,14.0,2.0,0.0,0
store_0003,sku_00155,Health,ML_99,0.07728767123287672,0.0,0.07728767123287672,1.0,0.0,14.0,2.0,0.0,0
store_0003,sku_00156,Home,baseline_rolling_mean,2.1940547945205484,0.0,2.1940547945205484,1.0,1.3207547169811322,9.636363636363637,7.571428571428571,0.0,0
store_0003,sku_00156,Home,baseline_seasonal_naive,4.2018219178082195,0.0,4.2018219178082195,1.0,0.6896551724137931,18.454545454545453,14.5,0.0,0
store_0003,sku_00156,Home,ML_95,1.3247123287671227,0.0,1.3247123287671227,1.0,2.1875,5.818181818181818,4.571428571428571,0.0,0
store_0003,sku_00156,Home,ML_99,1.3247123287671227,0.0,1.3247123287671227,1.0,2.1875,5.818181818181818,4.571428571428571,0.0,0
store_0003,sku_00157,Apparel,baseline_rolling_mean,0.5828767123287671,0.0,0.5828767123287671,1.0,2.31304347826087,8.518518518518517,8.214285714285714,0.0,0
store_0003,sku_00157,Apparel,baseline_seasonal_naive,0.3395890410958904,0.0,0.3395890410958904,1.0,3.970149253731343,4.962962962962963,4.785714285714286,0.0,0
store_0003,sku_00157,Apparel,ML_95,0.4561643835616439,0.0,0.4561643835616439,1.0,2.9555555555555553,6.666666666666667,6.428571428571429,0.0,0
store_0003,sku_00157,Apparel,ML_99,0.4561643835616439,0.0,0.4561643835616439,1.0,2.9555555555555553,6.666666666666667,6.428571428571429,0.0,0
store_0003,sku_00158,Apparel,baseline_rolling_mean,0.2620753424657534,0.0,0.2620753424657534,1.0,1.686746987951807,9.764705882352942,5.928571428571429,0.0,0
store_0003,sku_00158,Apparel,baseline_seasonal_naive,0.2715479452054795,0.0,0.2715479452054795,1.0,1.627906976744186,10.11764705882353,6.142857142857143,0.0,0
store_0003,sku_00158,Apparel,ML_95,0.24944520547945204,0.0,0.24944520547945204,1.0,1.7721518987341771,9.294117647058824,5.642857142857143,0.0,0
store_0003,sku_00158,Apparel,ML_99,0.24944520547945204,0.0,0.24944520547945204,1.0,1.7721518987341771,9.294117647058824,5.642857142857143,0.0,0
store_0003,sku_00159,Beauty,baseline_rolling_mean,0.11377397260273972,0.0,0.11377397260273972,1.0,0.0,42.0,1.5,0.0,0
store_0003,sku_00159,Beauty,baseline_seasonal_naive,0.2167123287671233,0.0,0.2167123287671233,1.0,0.0,80.0,2.857142857142857,0.0,0
store_0003,sku_00159,Beauty,ML_95,0.07584931506849317,0.0,0.07584931506849317,1.0,0.0,28.0,1.0,0.0,0
store_0003,sku_00159,Beauty,ML_99,0.07584931506849317,0.0,0.07584931506849317,1.0,0.0,28.0,1.0,0.0,0
store_0003,sku_00160,Bakery,baseline_rolling_mean,1.060335616438356,0.0,1.060335616438356,1.0,1.087378640776699,9.809523809523808,7.357142857142857,0.0,0
store_0003,sku_00160,Bakery,baseline_seasonal_naive,1.7809520547945208,0.0,1.7809520547945208,1.0,0.6473988439306358,16.476190476190478,12.357142857142858,0.0,0
store_0003,sku_00160,Bakery,ML_95,0.8750342465753423,0.0,0.8750342465753423,1.0,1.3176470588235294,8.095238095238095,6.071428571428571,0.0,0
store_0003,sku_00160,Bakery,ML_99,0.8750342465753423,0.0,0.8750342465753423,1.0,1.3176470588235294,8.095238095238095,6.071428571428571,0.0,0
store_0003,sku_00161,Dairy,baseline_rolling_mean,7.549863013698632,0.0,7.549863013698632,1.0,1.5029411764705882,9.784172661870503,48.57142857142857,0.0,0
store_0003,sku_00161,Dairy,baseline_seasonal_naive,8.393671232876715,0.0,8.393671232876715,1.0,1.3518518518518519,10.877697841726619,54.0,0.0,0
store_0003,sku_00161,Dairy,ML_95,5.506958904109592,43.76700000000001,49.273958904109605,0.9589041095890412,2.060483870967742,7.136690647482014,35.42857142857143,3.0,1
store_0003,sku_00161,Dairy,ML_99,5.506958904109592,43.76700000000001,49.273958904109605,0.9589041095890412,2.060483870967742,7.136690647482014,35.42857142857143,3.0,1
store_0003,sku_00162,Health,baseline_rolling_mean,0.9098630136986301,0.0,0.9098630136986301,1.0,1.1951219512195124,11.714285714285714,23.428571428571427,0.0,0
store_0003,sku_00162,Health,baseline_seasonal_naive,0.8599315068493151,0.0,0.8599315068493151,1.0,1.2645161290322582,11.071428571428571,22.142857142857142,0.0,0
store_0003,sku_00162,Health,ML_95,0.5242808219178082,0.0,0.5242808219178082,1.0,2.074074074074074,6.75,13.5,0.0,0
store_0003,sku_00162,Health,ML_99,0.5242808219178082,0.0,0.5242808219178082,1.0,2.074074074074074,6.75,13.5,0.0,0
store_0003,sku_00163,Produce,baseline_rolling_mean,1.2035000000000002,38.106,39.3095,0.8666666666666667,2.5301204819277108,6.916666666666667,5.928571428571429,2.0,1
store_0003,sku_00163,Produce,baseline_seasonal_naive,3.393000000000001,0.0,3.393000000000001,1.0,0.8974358974358974,19.500000000000004,16.714285714285715,0.0,0
store_0003,sku_00163,Produce,ML_95,2.349,0.0,2.349,1.0,1.2962962962962963,13.5,11.571428571428571,0.0,0
store_0003,sku_00163,Produce,ML_99,2.349,0.0,2.349,1.0,1.2962962962962963,13.5,11.571428571428571,0.0,0
store_0003,sku_00164,Health,baseline_rolling_mean,1.6067123287671232,49.95,51.55671232876713,0.90625,3.5331230283911674,5.68609865470852,45.285714285714285,15.0,3
store_0003,sku_00164,Health,baseline_seasonal_naive,2.0324657534246575,0.0,2.0324657534246575,1.0,2.7930174563591024,7.192825112107623,57.285714285714285,0.0,0
store_0003,sku_00164,Health,ML_95,3.307191780821918,26.64,29.947191780821917,0.95,1.7164750957854407,11.70403587443946,93.21428571428571,8.0,1
store_0003,sku_00164,Health,ML_99,3.3173287671232874,26.64,29.957328767123286,0.95,1.7112299465240641,11.739910313901346,93.5,8.0,1
store_0003,sku_00165,Bakery,baseline_rolling_mean,0.3386095890410959,16.479,16.817609589041094,0.8571428571428572,3.6296296296296298,5.4,1.9285714285714286,1.0,1
store_0003,sku_00165,Bakery,baseline_seasonal_naive,1.6805068493150688,0.0,1.6805068493150688,1.0,0.7313432835820896,26.799999999999997,9.571428571428571,0.0,0
store_0003,sku_00165,Bakery,ML_95,0.9907465753424657,0.0,0.9907465753424657,1.0,1.240506329113924,15.8,5.642857142857143,0.0,0
store_0003,sku_00165,Bakery,ML_99,0.9907465753424657,0.0,0.9907465753424657,1.0,1.240506329113924,15.8,5.642857142857143,0.0,0
store_0003,sku_00166,Beauty,baseline_rolling_mean,0.27568493150684936,0.0,0.27568493150684936,1.0,1.68,10.0,1.7857142857142858,0.0,0
store_0003,sku_00166,Beauty,baseline_seasonal_naive,0.9483561643835616,0.0,0.9483561643835616,1.0,0.4883720930232558,34.4,6.142857142857143,0.0,0
store_0003,sku_00166,Beauty,ML_95,0.6395890410958904,0.0,0.6395890410958904,1.0,0.7241379310344827,23.200000000000003,4.142857142857143,0.0,0
store_0003,sku_00166,Beauty,ML_99,0.6395890410958904,0.0,0.6395890410958904,1.0,0.7241379310344827,23.200000000000003,4.142857142857143,0.0,0
store_0003,sku_00167,Garden,baseline_rolling_mean,0.6421232876712328,56.25,56.89212328767123,0.6666666666666667,2.8000000000000003,7.5,2.142857142857143,2.0,1
store_0003,sku_00167,Garden,baseline_seasonal_naive,0.3210616438356164,56.25,56.57106164383562,0.6666666666666667,5.6000000000000005,3.75,1.0714285714285714,2.0,1
store_0003,sku_00167,Garden,ML_95,2.119006849315068,56.25,58.36900684931507,0.6666666666666667,0.8484848484848485,24.75,7.071428571428571,2.0,1
store_0003,sku_00167,Garden,ML_99,2.119006849315068,56.25,58.36900684931507,0.6666666666666667,0.8484848484848485,24.75,7.071428571428571,2.0,1
store_0003,sku_00168,Pet,baseline_rolling_mean,0.2748767123287671,0.0,0.2748767123287671,1.0,1.9493670886075949,7.1818181818181825,5.642857142857143,0.0,0
store_0003,sku_00168,Pet,baseline_seasonal_naive,0.6471780821917809,0.0,0.6471780821917809,1.0,0.8279569892473118,16.90909090909091,13.285714285714286,0.0,0
store_0003,sku_00168,Pet,ML_95,0.2713972602739726,0.0,0.2713972602739726,1.0,1.9743589743589745,7.090909090909091,5.571428571428571,0.0,0
store_0003,sku_00168,Pet,ML_99,0.2713972602739726,0.0,0.2713972602739726,1.0,1.9743589743589745,7.090909090909091,5.571428571428571,0.0,0
store_0003,sku_00169,Home,baseline_rolling_mean,1.4614109589041093,0.0,1.4614109589041093,1.0,1.7906976744186045,7.818181818181819,6.142857142857143,0.0,0
store_0003,sku_00169,Home,baseline_seasonal_naive,2.956808219178082,0.0,2.956808219178082,1.0,0.8850574712643678,15.818181818181818,12.428571428571429,0.0,0
store_0003,sku_00169,Home,ML_95,1.4444178082191779,0.0,1.4444178082191779,1.0,1.811764705882353,7.7272727272727275,6.071428571428571,0.0,0
store_0003,sku_00169,Home,ML_99,1.4444178082191779,0.0,1.4444178082191779,1.0,1.811764705882353,7.7272727272727275,6.071428571428571,0.0,0
store_0003,sku_00170,Pet,baseline_rolling_mean,0.05375342465753425,0.0,0.05375342465753425,1.0,1.1666666666666667,24.0,0.8571428571428571,0.0,0
store_0003,sku_00170,Pet,baseline_seasonal_naive,0.0,0.0,0.0,1.0,999999999.9999999,0.0,0.0,0.0,0
store_0003,sku_00170,Pet,ML_95,0.0627123287671233,0.0,0.0627123287671233,1.0,1.0,28.0,1.0,0.0,0
store_0003,sku_00170,Pet,ML_99,0.0627123287671233,0.0,0.0627123287671233,1.0,1.0,28.0,1.0,0.0,0
store_0003,sku_00171,Beverages,baseline_rolling_mean,0.2710684931506849,0.0,0.2710684931506849,1.0,1.1666666666666667,9.6,1.7142857142857142,0.0,0
store_0003,sku_00171,Beverages,baseline_seasonal_naive,1.0165068493150682,0.0,1.0165068493150682,1.0,0.3111111111111111,36.0,6.428571428571429,0.0,0
store_0003,sku_00171,Beverages,ML_95,0.2710684931506849,0.0,0.2710684931506849,1.0,1.1666666666666667,9.6,1.7142857142857142,0.0,0
store_0003,sku_00171,Beverages,ML_99,0.2710684931506849,0.0,0.2710684931506849,1.0,1.1666666666666667,9.6,1.7142857142857142,0.0,0
store_0003,sku_00172,Office,baseline_rolling_mean,0.6193424657534248,0.0,0.6193424657534248,1.0,0.9438202247191012,13.692307692307692,6.357142857142857,0.0,0
store_0003,sku_00172,Office,baseline_seasonal_naive,1.711890410958904,0.0,1.711890410958904,1.0,0.3414634146341463,37.84615384615385,17.571428571428573,0.0,0
store_0003,sku_00172,Office,ML_95,0.32706849315068504,0.0,0.32706849315068504,1.0,1.7872340425531914,7.230769230769231,3.357142857142857,0.0,0
store_0003,sku_00172,Office,ML_99,0.32706849315068504,0.0,0.32706849315068504,1.0,1.7872340425531914,7.230769230769231,3.357142857142857,0.0,0
store_0003,sku_00173,Bakery,baseline_rolling_mean,2.5914520547945212,0.0,2.5914520547945212,1.0,0.8235294117647058,9.822222222222223,15.785714285714286,0.0,0
store_0003,sku_00173,Bakery,baseline_seasonal_naive,4.057205479452055,0.0,4.057205479452055,1.0,0.5260115606936416,15.377777777777778,24.714285714285715,0.0,0
store_0003,sku_00173,Bakery,ML_95,2.5914520547945212,0.0,2.5914520547945212,1.0,0.8235294117647058,9.822222222222223,15.785714285714286,0.0,0
store_0003,sku_00173,Bakery,ML_99,2.5914520547945212,0.0,2.5914520547945212,1.0,0.8235294117647058,9.822222222222223,15.785714285714286,0.0,0
store_0003,sku_00174,Beverages,baseline_rolling_mean,0.9578082191780822,0.0,0.9578082191780822,1.0,0.8521739130434783,12.105263157894735,8.214285714285714,0.0,0
store_0003,sku_00174,Beverages,baseline_seasonal_naive,1.7573698630136987,0.0,1.7573698630136987,1.0,0.46445497630331756,22.210526315789473,15.071428571428571,0.0,0
store_0003,sku_00174,Beverages,ML_95,0.8078904109589041,0.0,0.8078904109589041,1.0,1.0103092783505154,10.210526315789474,6.928571428571429,0.0,0
store_0003,sku_00174,Beverages,ML_99,0.8078904109589041,0.0,0.8078904109589041,1.0,1.0103092783505154,10.210526315789474,6.928571428571429,0.0,0
store_0003,sku_00175,Office,baseline_rolling_mean,0.909986301369863,0.0,0.909986301369863,1.0,0.6942148760330579,14.23529411764706,8.642857142857142,0.0,0
store_0003,sku_00175,Office,baseline_seasonal_naive,1.5417123287671235,0.0,1.5417123287671235,1.0,0.40975609756097564,24.11764705882353,14.642857142857142,0.0,0
store_0003,sku_00175,Office,ML_95,0.6467671232876713,0.0,0.6467671232876713,1.0,0.9767441860465116,10.11764705882353,6.142857142857143,0.0,0
store_0003,sku_00175,Office,ML_99,0.6467671232876713,0.0,0.6467671232876713,1.0,0.9767441860465116,10.11764705882353,6.142857142857143,0.0,0
store_0003,sku_00176,Beverages,baseline_rolling_mean,0.4868424657534246,0.0,0.4868424657534246,1.0,2.6046511627906974,8.6,3.0714285714285716,0.0,0
store_0003,sku_00176,Beverages,baseline_seasonal_naive,1.551102739726027,0.0,1.551102739726027,1.0,0.8175182481751824,27.400000000000002,9.785714285714286,0.0,0
store_0003,sku_00176,Beverages,ML_95,0.4868424657534247,14.877000000000002,15.363842465753427,0.875,2.6046511627906974,8.6,3.0714285714285716,1.0,1
store_0003,sku_00176,Beverages,ML_99,0.4868424657534247,14.877000000000002,15.363842465753427,0.875,2.6046511627906974,8.6,3.0714285714285716,1.0,1
store_0003,sku_00177,Seasonal,baseline_rolling_mean,1.2557191780821917,98.10900000000001,99.3647191780822,0.7755102040816326,3.7081081081081084,8.409090909090908,13.214285714285714,11.0,5
store_0003,sku_00177,Seasonal,baseline_seasonal_naive,0.2850821917808219,107.028,107.31308219178082,0.7551020408163265,16.333333333333332,1.9090909090909092,3.0,12.0,7
store_0003,sku_00177,Seasonal,ML_95,2.4910753424657535,53.514,56.00507534246576,0.8775510204081632,1.869209809264305,16.681818181818183,26.214285714285715,6.0,4
store_0003,sku_00177,Seasonal,ML_99,2.5385890410958902,53.514,56.05258904109589,0.8775510204081632,1.8342245989304813,17.0,26.714285714285715,6.0,4
store_0003,sku_00178,Office,baseline_rolling_mean,0.453945205479452,0.0,0.453945205479452,1.0,2.1666666666666665,7.0,6.0,0.0,0
store_0003,sku_00178,Office,baseline_seasonal_naive,0.502582191780822,0.0,0.502582191780822,1.0,1.9569892473118278,7.750000000000001,6.642857142857143,0.0,0
store_0003,sku_00178,Office,ML_95,0.6160684931506849,0.0,0.6160684931506849,1.0,1.5964912280701755,9.5,8.142857142857142,0.0,0
store_0003,sku_00178,Office,ML_99,0.6160684931506849,0.0,0.6160684931506849,1.0,1.5964912280701755,9.5,8.142857142857142,0.0,0
store_0003,sku_00179,Household,baseline_rolling_mean,0.6370479452054795,0.0,0.6370479452054795,1.0,0.868217054263566,11.727272727272727,9.214285714285714,0.0,0
store_0003,sku_00179,Household,baseline_seasonal_naive,1.0518698630136987,0.0,1.0518698630136987,1.0,0.5258215962441315,19.363636363636363,15.214285714285714,0.0,0
store_0003,sku_00179,Household,ML_95,0.5333424657534247,0.0,0.5333424657534247,1.0,1.037037037037037,9.818181818181818,7.714285714285714,0.0,0
store_0003,sku_00179,Household,ML_99,0.5333424657534247,0.0,0.5333424657534247,1.0,1.037037037037037,9.818181818181818,7.714285714285714,0.0,0
store_0003,sku_00180,Seasonal,baseline_rolling_mean,0.9565410958904109,8.109,9.065541095890412,0.962962962962963,2.438709677419355,6.888888888888888,11.071428571428571,1.0,1
store_0003,sku_00180,Seasonal,baseline_seasonal_naive,1.1293356164383561,0.0,1.1293356164383561,1.0,2.0655737704918034,8.133333333333333,13.071428571428571,0.0,0
store_0003,sku_00180,Seasonal,ML_95,1.4749246575342465,8.109,9.583924657534247,0.962962962962963,1.5815899581589956,10.622222222222224,17.071428571428573,1.0,1
store_0003,sku_00180,Seasonal,ML_99,1.4749246575342465,8.109,9.583924657534247,0.962962962962963,1.5815899581589956,10.622222222222224,17.071428571428573,1.0,1
store_0003,sku_00181,Beverages,baseline_rolling_mean,0.1559178082191781,9.756,9.911917808219178,0.5,1.3333333333333333,42.0,1.5,1.0,1
store_0003,sku_00181,Beverages,baseline_seasonal_naive,0.007424657534246575,9.756,9.763424657534246,0.5,28.0,2.0,0.07142857142857142,1.0,1
store_0003,sku_00181,Beverages,ML_95,0.2672876712328768,9.756,10.023287671232877,0.5,0.7777777777777777,72.00000000000001,2.5714285714285716,1.0,1
store_0003,sku_00181,Beverages,ML_99,0.2672876712328768,9.756,10.023287671232877,0.5,0.7777777777777777,72.00000000000001,2.5714285714285716,1.0,1
store_0003,sku_00182,Dairy,baseline_rolling_mean,7.577294520547946,0.0,7.577294520547946,1.0,1.443298969072165,9.50980392156863,34.642857142857146,0.0,0
store_0003,sku_00182,Dairy,baseline_seasonal_naive,11.030041095890411,0.0,11.030041095890411,1.0,0.9915014164305949,13.843137254901961,50.42857142857143,0.0,0
store_0003,sku_00182,Dairy,ML_95,5.140061643835617,0.0,5.140061643835617,1.0,2.127659574468085,6.450980392156863,23.5,0.0,0
store_0003,sku_00182,Dairy,ML_99,5.140061643835617,0.0,5.140061643835617,1.0,2.127659574468085,6.450980392156863,23.5,0.0,0
store_0003,sku_00183,Dairy,baseline_rolling_mean,2.9597534246575345,0.0,2.9597534246575345,1.0,0.9249011857707511,11.12087912087912,19.46153846153846,0.0,0
store_0003,sku_00183,Dairy,baseline_seasonal_naive,4.761342465753425,0.0,4.761342465753425,1.0,0.5749385749385749,17.89010989010989,31.307692307692307,0.0,0
store_0003,sku_00183,Dairy,ML_95,2.3748219178082195,0.0,2.3748219178082195,1.0,1.1527093596059113,8.923076923076923,15.615384615384615,0.0,0
store_0003,sku_00183,Dairy,ML_99,2.3748219178082195,0.0,2.3748219178082195,1.0,1.1527093596059113,8.923076923076923,15.615384615384615,0.0,0
store_0003,sku_00184,Household,baseline_rolling_mean,0.8213150684931506,0.0,0.8213150684931506,1.0,0.5384615384615384,13.000000000000002,7.428571428571429,0.0,0
store_0003,sku_00184,Household,baseline_seasonal_naive,0.7739315068493152,0.0,0.7739315068493152,1.0,0.5714285714285714,12.25,7.0,0.0,0
store_0003,sku_00184,Household,ML_95,0.560705479452055,0.0,0.560705479452055,1.0,0.7887323943661972,8.875,5.071428571428571,0.0,0
store_0003,sku_00184,Household,ML_99,0.560705479452055,0.0,0.560705479452055,1.0,0.7887323943661972,8.875,5.071428571428571,0.0,0
store_0003,sku_00185,Garden,baseline_rolling_mean,7.885787671232876,0.0,7.885787671232876,1.0,1.8222222222222222,7.241379310344827,22.5,0.0,0
store_0003,sku_00185,Garden,baseline_seasonal_naive,7.7355821917808205,0.0,7.7355821917808205,1.0,1.8576051779935274,7.103448275862069,22.071428571428573,0.0,0
store_0003,sku_00185,Garden,ML_95,7.7355821917808205,0.0,7.7355821917808205,1.0,1.8576051779935274,7.103448275862069,22.071428571428573,0.0,0
store_0003,sku_00185,Garden,ML_99,7.7355821917808205,0.0,7.7355821917808205,1.0,1.8576051779935274,7.103448275862069,22.071428571428573,0.0,0
store_0003,sku_00186,Produce,baseline_rolling_mean,2.937739726027397,0.0,2.937739726027397,1.0,0.7411764705882353,10.625,12.142857142857142,0.0,0
store_0003,sku_00186,Produce,baseline_seasonal_naive,5.840917808219178,0.0,5.840917808219178,1.0,0.3727810650887574,21.125,24.142857142857142,0.0,0
store_0003,sku_00186,Produce,ML_95,2.4538767123287677,0.0,2.4538767123287677,1.0,0.8873239436619719,8.875,10.142857142857142,0.0,0
store_0003,sku_00186,Produce,ML_99,2.4538767123287677,0.0,2.4538767123287677,1.0,0.8873239436619719,8.875,10.142857142857142,0.0,0
store_0003,sku_00187,Pet,baseline_rolling_mean,0.3783356164383562,0.0,0.3783356164383562,1.0,2.1538461538461537,7.583333333333334,6.5,0.0,0
store_0003,sku_00187,Pet,baseline_seasonal_naive,0.6943082191780822,0.0,0.6943082191780822,1.0,1.1736526946107784,13.916666666666668,11.928571428571429,0.0,0
store_0003,sku_00187,Pet,ML_95,0.3409178082191781,0.0,0.3409178082191781,1.0,2.3902439024390247,6.833333333333333,5.857142857142857,0.0,0
store_0003,sku_00187,Pet,ML_99,0.3409178082191781,0.0,0.3409178082191781,1.0,2.3902439024390247,6.833333333333333,5.857142857142857,0.0,0
store_0003,sku_00188,Seasonal,baseline_rolling_mean,11.558287671232877,0.0,11.558287671232877,1.0,0.545727136431784,13.34,47.642857142857146,0.0,0
store_0003,sku_00188,Seasonal,baseline_seasonal_naive,15.682534246575342,0.0,15.682534246575342,1.0,0.4022099447513812,18.099999999999998,64.64285714285714,0.0,0
store_0003,sku_00188,Seasonal,ML_95,9.37486301369863,0.0,9.37486301369863,1.0,0.6728280961182994,10.82,38.642857142857146,0.0,0
store_0003,sku_00188,Seasonal,ML_99,9.37486301369863,0.0,9.37486301369863,1.0,0.6728280961182994,10.82,38.642857142857146,0.0,0
store_0003,sku_00189,Frozen,baseline_rolling_mean,0.5423424657534247,0.0,0.5423424657534247,1.0,1.7710843373493974,8.512820512820513,11.857142857142858,0.0,0
store_0003,sku_00189,Frozen,baseline_seasonal_naive,0.6305547945205479,0.0,0.6305547945205479,1.0,1.5233160621761657,9.897435897435898,13.785714285714286,0.0,0
store_0003,sku_00189,Frozen,ML_95,0.40185616438356164,0.0,0.40185616438356164,1.0,2.3902439024390243,6.307692307692308,8.785714285714286,0.0,0
store_0003,sku_00189,Frozen,ML_99,0.40185616438356164,0.0,0.40185616438356164,1.0,2.3902439024390243,6.307692307692308,8.785714285714286,0.0,0
store_0003,sku_00190,Seasonal,baseline_rolling_mean,2.542945205479452,0.0,2.542945205479452,1.0,1.136531365313653,11.53191489361702,19.357142857142858,0.0,0
store_0003,sku_00190,Seasonal,baseline_seasonal_naive,3.0308904109589037,0.0,3.0308904109589037,1.0,0.9535603715170278,13.74468085106383,23.071428571428573,0.0,0
store_0003,sku_00190,Seasonal,ML_95,1.6421232876712326,0.0,1.6421232876712326,1.0,1.76,7.446808510638298,12.5,0.0,0
store_0003,sku_00190,Seasonal,ML_99,1.6421232876712326,0.0,1.6421232876712326,1.0,1.76,7.446808510638298,12.5,0.0,0
store_0003,sku_00191,Health,baseline_rolling_mean,0.5047123287671234,0.0,0.5047123287671234,1.0,1.0327868852459017,9.384615384615383,17.428571428571427,0.0,0
store_0003,sku_00191,Health,baseline_seasonal_naive,0.8025753424657533,0.0,0.8025753424657533,1.0,0.6494845360824743,14.923076923076923,27.714285714285715,0.0,0
store_0003,sku_00191,Health,ML_95,0.4716164383561644,0.0,0.4716164383561644,1.0,1.105263157894737,8.769230769230768,16.285714285714285,0.0,0
store_0003,sku_00191,Health,ML_99,0.4716164383561644,0.0,0.4716164383561644,1.0,1.105263157894737,8.769230769230768,16.285714285714285,0.0,0
store_0003,sku_00192,Toys,baseline_rolling_mean,1.3200410958904112,0.0,1.3200410958904112,1.0,1.6024096385542168,7.904761904761905,11.857142857142858,0.0,0
store_0003,sku_00192,Toys,baseline_seasonal_naive,3.0535890410958904,0.0,3.0535890410958904,1.0,0.6927083333333334,18.285714285714285,27.428571428571427,0.0,0
store_0003,sku_00192,Toys,ML_95,1.168952054794521,0.0,1.168952054794521,1.0,1.8095238095238095,7.0,10.5,0.0,0
store_0003,sku_00192,Toys,ML_99,1.168952054794521,0.0,1.168952054794521,1.0,1.8095238095238095,7.0,10.5,0.0,0
store_0003,sku_00193,Electronics,baseline_rolling_mean,1.5690410958904109,0.0,1.5690410958904109,1.0,1.05,10.434782608695652,8.571428571428571,0.0,0
store_0003,sku_00193,Electronics,baseline_seasonal_naive,2.4843150684931503,0.0,2.4843150684931503,1.0,0.6631578947368422,16.52173913043478,13.571428571428571,0.0,0
store_0003,sku_00193,Electronics,ML_95,1.242157534246575,0.0,1.242157534246575,1.0,1.3263157894736843,8.26086956521739,6.785714285714286,0.0,0
store_0003,sku_00193,Electronics,ML_99,1.242157534246575,0.0,1.242157534246575,1.0,1.3263157894736843,8.26086956521739,6.785714285714286,0.0,0
store_0003,sku_00194,Baby,baseline_rolling_mean,0.11784246575342466,0.0,0.11784246575342466,1.0,0.3783783783783784,12.333333333333334,2.642857142857143,0.0,0
store_0003,sku_00194,Baby,baseline_seasonal_naive,0.363082191780822,0.0,0.363082191780822,1.0,0.12280701754385966,38.0,8.142857142857142,0.0,0
store_0003,sku_00194,Baby,ML_95,0.11784246575342466,0.0,0.11784246575342466,1.0,0.3783783783783784,12.333333333333334,2.642857142857143,0.0,0
store_0003,sku_00194,Baby,ML_99,0.11784246575342466,0.0,0.11784246575342466,1.0,0.3783783783783784,12.333333333333334,2.642857142857143,0.0,0
store_0003,sku_00195,Meat,baseline_rolling_mean,5.054054794520548,0.0,5.054054794520548,1.0,1.1779935275080906,11.660377358490567,22.071428571428573,0.0,0
store_0003,sku_00195,Meat,baseline_seasonal_naive,6.346191780821918,0.0,6.346191780821918,1.0,0.9381443298969072,14.641509433962264,27.714285714285715,0.0,0
store_0003,sku_00195,Meat,ML_95,2.437068493150685,0.0,2.437068493150685,1.0,2.442953020134228,5.622641509433962,10.642857142857142,0.0,0
store_0003,sku_00195,Meat,ML_99,2.437068493150685,0.0,2.437068493150685,1.0,2.442953020134228,5.622641509433962,10.642857142857142,0.0,0
store_0003,sku_00196,Pet,baseline_rolling_mean,0.6856164383561644,0.0,0.6856164383561644,1.0,1.8199999999999998,9.523809523809524,7.142857142857143,0.0,0
store_0003,sku_00196,Pet,baseline_seasonal_naive,1.3918013698630138,0.0,1.3918013698630138,1.0,0.896551724137931,19.333333333333332,14.5,0.0,0
store_0003,sku_00196,Pet,ML_95,0.6719041095890411,0.0,0.6719041095890411,1.0,1.8571428571428572,9.333333333333334,7.0,0.0,0
store_0003,sku_00196,Pet,ML_99,0.6719041095890411,0.0,0.6719041095890411,1.0,1.8571428571428572,9.333333333333334,7.0,0.0,0
store_0003,sku_00197,Automotive,baseline_rolling_mean,0.057260273972602735,0.0,0.057260273972602735,1.0,2.4499999999999997,7.272727272727273,2.857142857142857,0.0,0
store_0003,sku_00197,Automotive,baseline_seasonal_naive,0.10449999999999998,0.0,0.10449999999999998,1.0,1.3424657534246576,13.272727272727273,5.214285714285714,0.0,0
store_0003,sku_00197,Automotive,ML_95,0.14171917808219178,0.0,0.14171917808219178,1.0,0.98989898989899,18.0,7.071428571428571,0.0,0
store_0003,sku_00197,Automotive,ML_99,0.15173972602739727,0.0,0.15173972602739727,1.0,0.9245283018867925,19.272727272727273,7.571428571428571,0.0,0
store_0003,sku_00198,Grocery,baseline_rolling_mean,1.6847054794520548,0.0,1.6847054794520548,1.0,1.6319018404907977,8.149999999999999,11.642857142857142,0.0,0
store_0003,sku_00198,Grocery,baseline_seasonal_naive,3.100684931506849,0.0,3.100684931506849,1.0,0.8866666666666667,14.999999999999998,21.428571428571427,0.0,0
store_0003,sku_00198,Grocery,ML_95,1.6743698630136987,0.0,1.6743698630136987,1.0,1.6419753086419753,8.1,11.571428571428571,0.0,0
store_0003,sku_00198,Grocery,ML_99,1.6743698630136987,0.0,1.6743698630136987,1.0,1.6419753086419753,8.1,11.571428571428571,0.0,0
store_0003,sku_00199,Office,baseline_rolling_mean,0.6098630136986304,0.0,0.6098630136986304,1.0,1.6,8.076923076923077,7.5,0.0,0
store_0003,sku_00199,Office,baseline_seasonal_naive,0.6563287671232879,0.0,0.6563287671232879,1.0,1.4867256637168142,8.692307692307692,8.071428571428571,0.0,0
store_0003,sku_00199,Office,ML_95,0.5517808219178084,0.0,0.5517808219178084,1.0,1.768421052631579,7.3076923076923075,6.785714285714286,0.0,0
store_0003,sku_00199,Office,ML_99,0.5517808219178084,0.0,0.5517808219178084,1.0,1.768421052631579,7.3076923076923075,6.785714285714286,0.0,0
store_0003,sku_00200,Pet,baseline_rolling_mean,0.5270821917808218,0.0,0.5270821917808218,1.0,1.0275229357798166,9.478260869565217,7.785714285714286,0.0,0
store_0003,sku_00200,Pet,baseline_seasonal_naive,0.5947808219178081,0.0,0.5947808219178081,1.0,0.9105691056910569,10.695652173913045,8.785714285714286,0.0,0
store_0003,sku_00200,Pet,ML_95,0.4787260273972601,0.0,0.4787260273972601,1.0,1.1313131313131313,8.608695652173912,7.071428571428571,0.0,0
store_0003,sku_00200,Pet,ML_99,0.4787260273972601,0.0,0.4787260273972601,1.0,1.1313131313131313,8.608695652173912,7.071428571428571,0.0,0
store_0004,sku_00001,Dairy,baseline_rolling_mean,1.578041095890411,0.0,1.578041095890411,1.0,0.9824561403508772,8.769230769230768,8.142857142857142,0.0,0
store_0004,sku_00001,Dairy,baseline_seasonal_naive,1.7718356164383557,0.0,1.7718356164383557,1.0,0.875,9.846153846153845,9.142857142857142,0.0,0
store_0004,sku_00001,Dairy,ML_95,1.4949863013698632,0.0,1.4949863013698632,1.0,1.037037037037037,8.307692307692308,7.714285714285714,0.0,0
store_0004,sku_00001,Dairy,ML_99,1.4949863013698632,0.0,1.4949863013698632,1.0,1.037037037037037,8.307692307692308,7.714285714285714,0.0,0
store_0004,sku_00002,Automotive,baseline_rolling_mean,0.18049315068493152,0.0,0.18049315068493152,1.0,2.1311475409836063,7.728506787330318,4.6923076923076925,0.0,0
store_0004,sku_00002,Automotive,baseline_seasonal_naive,0.41424657534246584,0.0,0.41424657534246584,1.0,0.9285714285714285,17.737556561085977,10.76923076923077,0.0,0
store_0004,sku_00002,Automotive,ML_95,0.16865753424657537,3.888,4.056657534246575,0.9,2.280701754385965,7.221719457013576,4.384615384615385,1.0,1
store_0004,sku_00002,Automotive,ML_99,0.16865753424657537,3.888,4.056657534246575,0.9,2.280701754385965,7.221719457013576,4.384615384615385,1.0,1
store_0004,sku_00003,Toys,baseline_rolling_mean,1.9224109589041096,0.0,1.9224109589041096,1.0,1.5714285714285714,10.051282051282051,14.0,0.0,0
store_0004,sku_00003,Toys,baseline_seasonal_naive,2.1087671232876715,0.0,2.1087671232876715,1.0,1.4325581395348836,11.025641025641027,15.357142857142858,0.0,0
store_0004,sku_00003,Toys,ML_95,1.0396712328767124,12.888000000000002,13.927671232876714,0.9545454545454546,2.905660377358491,5.435897435897436,7.571428571428571,1.0,1
store_0004,sku_00003,Toys,ML_99,1.0396712328767124,12.888000000000002,13.927671232876714,0.9545454545454546,2.905660377358491,5.435897435897436,7.571428571428571,1.0,1
store_0004,sku_00004,Beverages,baseline_rolling_mean,0.43341095890410963,9.819,10.252410958904111,0.8571428571428572,1.689655172413793,9.666666666666668,4.142857142857143,1.0,1
store_0004,sku_00004,Beverages,baseline_seasonal_naive,1.2030890410958903,0.0,1.2030890410958903,1.0,0.6086956521739131,26.833333333333336,11.5,0.0,0
store_0004,sku_00004,Beverages,ML_95,0.43341095890410963,9.819,10.252410958904111,0.8571428571428572,1.689655172413793,9.666666666666668,4.142857142857143,1.0,1
store_0004,sku_00004,Beverages,ML_99,0.43341095890410963,9.819,10.252410958904111,0.8571428571428572,1.689655172413793,9.666666666666668,4.142857142857143,1.0,1
store_0004,sku_00005,Apparel,baseline_rolling_mean,0.074486301369863,6.75,6.824486301369863,0.7777777777777778,4.344827586206896,5.800000000000001,2.0714285714285716,2.0,1
store_0004,sku_00005,Apparel,baseline_seasonal_naive,0.19006849315068491,0.0,0.19006849315068491,1.0,1.7027027027027029,14.799999999999999,5.285714285714286,0.0,0
store_0004,sku_00005,Apparel,ML_95,0.21832191780821916,6.75,6.968321917808219,0.7777777777777778,1.4823529411764707,17.0,6.071428571428571,2.0,1
store_0004,sku_00005,Apparel,ML_99,0.21832191780821916,6.75,6.968321917808219,0.7777777777777778,1.4823529411764707,17.0,6.071428571428571,2.0,1
store_0004,sku_00006,Meat,baseline_rolling_mean,3.1697808219178083,0.0,3.1697808219178083,1.0,0.7716535433070867,11.288888888888888,18.142857142857142,0.0,0
store_0004,sku_00006,Meat,baseline_seasonal_naive,5.054178082191781,0.0,5.054178082191781,1.0,0.48395061728395067,18.0,28.928571428571427,0.0,0
store_0004,sku_00006,Meat,ML_95,2.583246575342466,0.0,2.583246575342466,1.0,0.9468599033816425,9.2,14.785714285714286,0.0,0
store_0004,sku_00006,Meat,ML_99,2.583246575342466,0.0,2.583246575342466,1.0,0.9468599033816425,9.2,14.785714285714286,0.0,0
store_0004,sku_00007,Office,baseline_rolling_mean,1.3222397260273973,0.0,1.3222397260273973,1.0,0.6724890829694323,15.793103448275861,16.357142857142858,0.0,0
store_0004,sku_00007,Office,baseline_seasonal_naive,1.8245753424657536,0.0,1.8245753424657536,1.0,0.4873417721518987,21.79310344827586,22.571428571428573,0.0,0
store_0004,sku_00007,Office,ML_95,0.7968082191780822,0.0,0.7968082191780822,1.0,1.115942028985507,9.517241379310345,9.857142857142858,0.0,0
store_0004,sku_00007,Office,ML_99,0.7968082191780822,0.0,0.7968082191780822,1.0,1.115942028985507,9.517241379310345,9.857142857142858,0.0,0
store_0004,sku_00008,Seasonal,baseline_rolling_mean,2.515602739726027,241.866,244.38160273972605,0.6896551724137931,3.300813008130081,6.473684210526316,17.571428571428573,18.0,4
store_0004,sku_00008,Seasonal,baseline_seasonal_naive,1.8918150684931505,147.80700000000002,149.69881506849316,0.8103448275862069,4.38918918918919,4.868421052631579,13.214285714285714,11.0,5
store_0004,sku_00008,Seasonal,ML_95,4.755102739726027,26.874000000000002,31.62910273972603,0.9655172413793104,1.7462365591397848,12.236842105263158,33.214285714285715,2.0,1
store_0004,sku_00008,Seasonal,ML_99,4.806232876712329,26.874000000000002,31.68023287671233,0.9655172413793104,1.7276595744680852,12.368421052631577,33.57142857142857,2.0,1
store_0004,sku_00009,Beauty,baseline_rolling_mean,0.3720958904109589,0.0,0.3720958904109589,1.0,0.6086956521739131,11.5,3.2857142857142856,0.0,0
store_0004,sku_00009,Beauty,baseline_seasonal_naive,0.8412602739726028,0.0,0.8412602739726028,1.0,0.2692307692307692,26.000000000000004,7.428571428571429,0.0,0
store_0004,sku_00009,Beauty,ML_95,0.3397397260273973,0.0,0.3397397260273973,1.0,0.6666666666666666,10.5,3.0,0.0,0
store_0004,sku_00009,Beauty,ML_99,0.3397397260273973,0.0,0.3397397260273973,1.0,0.6666666666666666,10.5,3.0,0.0,0
store_0004,sku_00010,Dairy,baseline_rolling_mean,3.404630136986302,0.0,3.404630136986302,1.0,1.6231884057971013,9.684210526315791,19.714285714285715,0.0,0
store_0004,sku_00010,Dairy,baseline_seasonal_naive,4.18177397260274,0.0,4.18177397260274,1.0,1.3215339233038348,11.894736842105264,24.214285714285715,0.0,0
store_0004,sku_00010,Dairy,ML_95,2.9482123287671236,0.0,2.9482123287671236,1.0,1.8744769874476985,8.385964912280704,17.071428571428573,0.0,0
store_0004,sku_00010,Dairy,ML_99,2.9482123287671236,0.0,2.9482123287671236,1.0,1.8744769874476985,8.385964912280704,17.071428571428573,0.0,0
store_0004,sku_00011,Bakery,baseline_rolling_mean,1.1467465753424657,0.0,1.1467465753424657,1.0,0.7567567567567568,9.487179487179487,13.214285714285714,0.0,0
store_0004,sku_00011,Bakery,baseline_seasonal_naive,1.97736301369863,0.0,1.97736301369863,1.0,0.438871473354232,16.358974358974358,22.785714285714285,0.0,0
store_0004,sku_00011,Bakery,ML_95,1.1219520547945205,0.0,1.1219520547945205,1.0,0.7734806629834254,9.282051282051283,12.928571428571429,0.0,0
store_0004,sku_00011,Bakery,ML_99,1.1219520547945205,0.0,1.1219520547945205,1.0,0.7734806629834254,9.282051282051283,12.928571428571429,0.0,0
store_0004,sku_00012,Household,baseline_rolling_mean,1.2942739726027397,0.0,1.2942739726027397,1.0,1.3409961685823755,8.419354838709676,18.642857142857142,0.0,0
store_0004,sku_00012,Household,baseline_seasonal_naive,1.7356164383561643,0.0,1.7356164383561643,1.0,1.0,11.29032258064516,25.0,0.0,0
store_0004,sku_00012,Household,ML_95,1.1207123287671232,0.0,1.1207123287671232,1.0,1.5486725663716814,7.290322580645161,16.142857142857142,0.0,0
store_0004,sku_00012,Household,ML_99,1.1207123287671232,0.0,1.1207123287671232,1.0,1.5486725663716814,7.290322580645161,16.142857142857142,0.0,0
store_0004,sku_00013,Automotive,baseline_rolling_mean,0.9495342465753425,0.0,0.9495342465753425,1.0,1.9193548387096773,8.551724137931034,17.714285714285715,0.0,0
store_0004,sku_00013,Automotive,baseline_seasonal_naive,1.3324109589041093,0.0,1.3324109589041093,1.0,1.367816091954023,12.0,24.857142857142858,0.0,0
store_0004,sku_00013,Automotive,ML_95,0.7619246575342465,0.0,0.7619246575342465,1.0,2.391959798994975,6.86206896551724,14.214285714285714,0.0,0
store_0004,sku_00013,Automotive,ML_99,0.7619246575342465,0.0,0.7619246575342465,1.0,2.391959798994975,6.86206896551724,14.214285714285714,0.0,0
store_0004,sku_00014,Home,baseline_rolling_mean,1.8065410958904116,0.0,1.8065410958904116,1.0,1.3517241379310345,8.787878787878789,10.357142857142858,0.0,0
store_0004,sku_00014,Home,baseline_seasonal_naive,2.0308013698630143,0.0,2.0308013698630143,1.0,1.2024539877300613,9.878787878787879,11.642857142857142,0.0,0
store_0004,sku_00014,Home,ML_95,1.6445753424657539,0.0,1.6445753424657539,1.0,1.4848484848484849,8.0,9.428571428571429,0.0,0
store_0004,sku_00014,Home,ML_99,1.6445753424657539,0.0,1.6445753424657539,1.0,1.4848484848484849,8.0,9.428571428571429,0.0,0
store_0004,sku_00015,Office,baseline_rolling_mean,0.8864726027397258,0.0,0.8864726027397258,1.0,0.9935483870967742,13.478260869565217,11.071428571428571,0.0,0
store_0004,sku_00015,Office,baseline_seasonal_naive,2.0875,0.0,2.0875,1.0,0.42191780821917807,31.739130434782613,26.071428571428573,0.0,0
store_0004,sku_00015,Office,ML_95,0.5661986301369862,0.0,0.5661986301369862,1.0,1.5555555555555556,8.608695652173912,7.071428571428571,0.0,0
store_0004,sku_00015,Office,ML_99,0.5661986301369862,0.0,0.5661986301369862,1.0,1.5555555555555556,8.608695652173912,7.071428571428571,0.0,0
store_0004,sku_00016,Office,baseline_rolling_mean,7.267000000000001,0.0,7.267000000000001,1.0,1.928443649373882,8.101449275362318,39.92857142857143,0.0,0
store_0004,sku_00016,Office,baseline_seasonal_naive,8.528,0.0,8.528,1.0,1.6432926829268293,9.507246376811594,46.857142857142854,0.0,0
store_0004,sku_00016,Office,ML_95,7.5920000000000005,0.0,7.5920000000000005,1.0,1.845890410958904,8.46376811594203,41.714285714285715,0.0,0
store_0004,sku_00016,Office,ML_99,7.5920000000000005,0.0,7.5920000000000005,1.0,1.845890410958904,8.46376811594203,41.714285714285715,0.0,0
store_0004,sku_00017,Meat,baseline_rolling_mean,2.9760410958904107,0.0,2.9760410958904107,1.0,1.6633663366336633,8.416666666666668,7.214285714285714,0.0,0
store_0004,sku_00017,Meat,baseline_seasonal_naive,6.953917808219178,0.0,6.953917808219178,1.0,0.711864406779661,19.666666666666668,16.857142857142858,0.0,0
store_0004,sku_00017,Meat,ML_95,2.7108493150684927,0.0,2.7108493150684927,1.0,1.8260869565217392,7.666666666666667,6.571428571428571,0.0,0
store_0004,sku_00017,Meat,ML_99,2.7108493150684927,0.0,2.7108493150684927,1.0,1.8260869565217392,7.666666666666667,6.571428571428571,0.0,0
store_0004,sku_00018,Beauty,baseline_rolling_mean,0.6700684931506846,0.0,0.6700684931506846,1.0,0.4666666666666667,11.250000000000002,6.428571428571429,0.0,0
store_0004,sku_00018,Beauty,baseline_seasonal_naive,0.9827671232876711,0.0,0.9827671232876711,1.0,0.3181818181818182,16.5,9.428571428571429,0.0,0
store_0004,sku_00018,Beauty,ML_95,0.6700684931506846,0.0,0.6700684931506846,1.0,0.4666666666666667,11.250000000000002,6.428571428571429,0.0,0
store_0004,sku_00018,Beauty,ML_99,0.6700684931506846,0.0,0.6700684931506846,1.0,0.4666666666666667,11.250000000000002,6.428571428571429,0.0,0
store_0004,sku_00019,Pet,baseline_rolling_mean,0.9401917808219176,0.0,0.9401917808219176,1.0,0.7398373983739837,12.947368421052632,17.571428571428573,0.0,0
store_0004,sku_00019,Pet,baseline_seasonal_naive,1.2918082191780822,0.0,1.2918082191780822,1.0,0.5384615384615384,17.789473684210524,24.142857142857142,0.0,0
store_0004,sku_00019,Pet,ML_95,0.6000410958904111,0.0,0.6000410958904111,1.0,1.159235668789809,8.26315789473684,11.214285714285714,0.0,0
store_0004,sku_00019,Pet,ML_99,0.6000410958904111,0.0,0.6000410958904111,1.0,1.159235668789809,8.26315789473684,11.214285714285714,0.0,0
store_0004,sku_00020,Pet,baseline_rolling_mean,0.6623424657534247,0.0,0.6623424657534247,1.0,2.0704225352112675,8.875,10.142857142857142,0.0,0
store_0004,sku_00020,Pet,baseline_seasonal_naive,0.7556301369863012,0.0,0.7556301369863012,1.0,1.8148148148148149,10.125,11.571428571428571,0.0,0
store_0004,sku_00020,Pet,ML_95,0.7556301369863013,0.0,0.7556301369863013,1.0,1.8148148148148149,10.125,11.571428571428571,0.0,0
store_0004,sku_00020,Pet,ML_99,0.7556301369863013,0.0,0.7556301369863013,1.0,1.8148148148148149,10.125,11.571428571428571,0.0,0
store_0004,sku_00021,Grocery,baseline_rolling_mean,2.674876712328768,414.66599999999994,417.34087671232874,0.6181818181818182,4.325842696629214,5.741935483870967,12.714285714285714,21.0,4
store_0004,sku_00021,Grocery,baseline_seasonal_naive,4.027342465753425,0.0,4.027342465753425,1.0,2.873134328358209,8.64516129032258,19.142857142857142,0.0,0
store_0004,sku_00021,Grocery,ML_95,7.3183424657534255,177.714,185.03234246575343,0.8363636363636364,1.5811088295687885,15.709677419354838,34.785714285714285,9.0,1
store_0004,sku_00021,Grocery,ML_99,7.3183424657534255,177.714,185.03234246575343,0.8363636363636364,1.5811088295687885,15.709677419354838,34.785714285714285,9.0,1
store_0004,sku_00022,Baby,baseline_rolling_mean,0.20568493150684924,0.0,0.20568493150684924,1.0,0.7272727272727273,11.0,5.5,0.0,0
store_0004,sku_00022,Baby,baseline_seasonal_naive,0.3071917808219177,0.0,0.3071917808219177,1.0,0.48695652173913045,16.428571428571427,8.214285714285714,0.0,0
store_0004,sku_00022,Baby,ML_95,0.20568493150684924,0.0,0.20568493150684924,1.0,0.7272727272727273,11.0,5.5,0.0,0
store_0004,sku_00022,Baby,ML_99,0.20568493150684924,0.0,0.20568493150684924,1.0,0.7272727272727273,11.0,5.5,0.0,0
store_0004,sku_00023,Meat,baseline_rolling_mean,3.3058287671232875,0.0,3.3058287671232875,1.0,0.7749077490774907,11.061224489795919,19.357142857142858,0.0,0
store_0004,sku_00023,Meat,baseline_seasonal_naive,4.171931506849315,0.0,4.171931506849315,1.0,0.6140350877192983,13.959183673469386,24.428571428571427,0.0,0
store_0004,sku_00023,Meat,ML_95,2.598308219178082,0.0,2.598308219178082,1.0,0.9859154929577465,8.693877551020408,15.214285714285714,0.0,0
store_0004,sku_00023,Meat,ML_99,2.598308219178082,0.0,2.598308219178082,1.0,0.9859154929577465,8.693877551020408,15.214285714285714,0.0,0
store_0004,sku_00024,Seasonal,baseline_rolling_mean,3.789869863013699,0.0,3.789869863013699,1.0,2.0155642023346303,7.787878787878788,18.357142857142858,0.0,0
store_0004,sku_00024,Seasonal,baseline_seasonal_naive,4.055308219178083,0.0,4.055308219178083,1.0,1.8836363636363638,8.333333333333332,19.642857142857142,0.0,0
store_0004,sku_00024,Seasonal,ML_95,4.320746575342467,38.754000000000005,43.07474657534247,0.9459459459459459,1.7679180887372015,8.878787878787877,20.928571428571427,2.0,1
store_0004,sku_00024,Seasonal,ML_99,4.320746575342467,38.754000000000005,43.07474657534247,0.9459459459459459,1.7679180887372015,8.878787878787877,20.928571428571427,2.0,1
store_0004,sku_00025,Home,baseline_rolling_mean,3.734212328767123,0.0,3.734212328767123,1.0,1.0594594594594595,9.736842105263158,13.214285714285714,0.0,0
store_0004,sku_00025,Home,baseline_seasonal_naive,6.156404109589041,0.0,6.156404109589041,1.0,0.6426229508196721,16.052631578947366,21.785714285714285,0.0,0
store_0004,sku_00025,Home,ML_95,3.734212328767123,0.0,3.734212328767123,1.0,1.0594594594594595,9.736842105263158,13.214285714285714,0.0,0
store_0004,sku_00025,Home,ML_99,3.734212328767123,0.0,3.734212328767123,1.0,1.0594594594594595,9.736842105263158,13.214285714285714,0.0,0
store_0004,sku_00026,Garden,baseline_rolling_mean,5.647260273972603,0.0,5.647260273972603,1.0,1.4411764705882353,8.192771084337348,24.285714285714285,0.0,0
store_0004,sku_00026,Garden,baseline_seasonal_naive,9.766438356164386,0.0,9.766438356164386,1.0,0.8333333333333334,14.16867469879518,42.0,0.0,0
store_0004,sku_00026,Garden,ML_95,5.58082191780822,0.0,5.58082191780822,1.0,1.4583333333333333,8.096385542168674,24.0,0.0,0
store_0004,sku_00026,Garden,ML_99,5.58082191780822,0.0,5.58082191780822,1.0,1.4583333333333333,8.096385542168674,24.0,0.0,0
store_0004,sku_00027,Seasonal,baseline_rolling_mean,5.1982191780821925,0.0,5.1982191780821925,1.0,0.9846153846153847,10.705882352941178,32.5,0.0,0
store_0004,sku_00027,Seasonal,baseline_seasonal_naive,8.865534246575344,0.0,8.865534246575344,1.0,0.5773195876288659,18.258823529411767,55.42857142857143,0.0,0
store_0004,sku_00027,Seasonal,ML_95,3.713013698630137,0.0,3.713013698630137,1.0,1.3784615384615384,7.647058823529412,23.214285714285715,0.0,0
store_0004,sku_00027,Seasonal,ML_99,3.713013698630137,0.0,3.713013698630137,1.0,1.3784615384615384,7.647058823529412,23.214285714285715,0.0,0
store_0004,sku_00028,Beauty,baseline_rolling_mean,0.37984931506849307,0.0,0.37984931506849307,1.0,1.037037037037037,12.0,3.857142857142857,0.0,0
store_0004,sku_00028,Beauty,baseline_seasonal_naive,0.6119794520547944,0.0,0.6119794520547944,1.0,0.6436781609195402,19.333333333333332,6.214285714285714,0.0,0
store_0004,sku_00028,Beauty,ML_95,0.21102739726027392,0.0,0.21102739726027392,1.0,1.8666666666666667,6.666666666666666,2.142857142857143,0.0,0
store_0004,sku_00028,Beauty,ML_99,0.21102739726027392,0.0,0.21102739726027392,1.0,1.8666666666666667,6.666666666666666,2.142857142857143,0.0,0
store_0004,sku_00029,Bakery,baseline_rolling_mean,0.24646575342465754,62.28,62.52646575342466,0.5454545454545454,5.9230769230769225,7.428571428571429,1.8571428571428572,5.0,3
store_0004,sku_00029,Bakery,baseline_seasonal_naive,0.3412602739726027,62.28,62.6212602739726,0.5454545454545454,4.277777777777778,10.285714285714286,2.5714285714285716,5.0,3
store_0004,sku_00029,Bakery,ML_95,0.3507397260273972,0.0,0.3507397260273972,1.0,4.162162162162162,10.571428571428571,2.642857142857143,0.0,0
store_0004,sku_00029,Bakery,ML_99,0.3507397260273972,0.0,0.3507397260273972,1.0,4.162162162162162,10.571428571428571,2.642857142857143,0.0,0
store_0004,sku_00030,Household,baseline_rolling_mean,0.5758835616438356,0.0,0.5758835616438356,1.0,0.8433734939759036,9.222222222222221,5.928571428571429,0.0,0
store_0004,sku_00030,Household,baseline_seasonal_naive,0.8187260273972603,0.0,0.8187260273972603,1.0,0.5932203389830508,13.11111111111111,8.428571428571429,0.0,0
store_0004,sku_00030,Household,ML_95,0.5342534246575343,0.0,0.5342534246575343,1.0,0.9090909090909091,8.555555555555555,5.5,0.0,0
store_0004,sku_00030,Household,ML_99,0.5342534246575343,0.0,0.5342534246575343,1.0,0.9090909090909091,8.555555555555555,5.5,0.0,0
store_0004,sku_00031,Health,baseline_rolling_mean,0.4164383561643834,0.0,0.4164383561643834,1.0,1.3125,8.0,11.428571428571429,0.0,0
store_0004,sku_00031,Health,baseline_seasonal_naive,0.7990410958904111,0.0,0.7990410958904111,1.0,0.6840390879478828,15.349999999999998,21.928571428571427,0.0,0
store_0004,sku_00031,Health,ML_95,0.3982191780821916,0.0,0.3982191780821916,1.0,1.3725490196078431,7.65,10.928571428571429,0.0,0
store_0004,sku_00031,Health,ML_99,0.3982191780821916,0.0,0.3982191780821916,1.0,1.3725490196078431,7.65,10.928571428571429,0.0,0
store_0004,sku_00032,Garden,baseline_rolling_mean,2.3375890410958906,0.0,2.3375890410958906,1.0,1.135135135135135,8.705882352941178,10.571428571428571,0.0,0
store_0004,sku_00032,Garden,baseline_seasonal_naive,3.49058904109589,0.0,3.49058904109589,1.0,0.7601809954751131,13.000000000000002,15.785714285714286,0.0,0
store_0004,sku_00032,Garden,ML_95,2.306,0.0,2.306,1.0,1.1506849315068493,8.588235294117649,10.428571428571429,0.0,0
store_0004,sku_00032,Garden,ML_99,2.306,0.0,2.306,1.0,1.1506849315068493,8.588235294117649,10.428571428571429,0.0,0
store_0004,sku_00033,Beauty,baseline_rolling_mean,0.6726780821917809,0.0,0.6726780821917809,1.0,0.9824561403508772,16.285714285714285,4.071428571428571,0.0,0
store_0004,sku_00033,Beauty,baseline_seasonal_naive,1.097527397260274,0.0,1.097527397260274,1.0,0.6021505376344086,26.571428571428573,6.642857142857143,0.0,0
store_0004,sku_00033,Beauty,ML_95,0.507458904109589,0.0,0.507458904109589,1.0,1.3023255813953487,12.285714285714286,3.0714285714285716,0.0,0
store_0004,sku_00033,Beauty,ML_99,0.6018698630136986,0.0,0.6018698630136986,1.0,1.0980392156862746,14.571428571428571,3.642857142857143,0.0,0
store_0004,sku_00034,Dairy,baseline_rolling_mean,1.4803287671232876,44.208,45.68832876712329,0.9,3.181818181818182,5.866666666666667,6.285714285714286,2.0,1
store_0004,sku_00034,Dairy,baseline_seasonal_naive,1.2616438356164383,66.312,67.57364383561644,0.85,3.7333333333333334,5.0,5.357142857142857,3.0,2
store_0004,sku_00034,Dairy,ML_95,2.792438356164384,44.208,47.00043835616438,0.9,1.686746987951807,11.066666666666668,11.857142857142858,2.0,1
store_0004,sku_00034,Dairy,ML_99,2.792438356164384,44.208,47.00043835616438,0.9,1.686746987951807,11.066666666666668,11.857142857142858,2.0,1
store_0004,sku_00035,Pet,baseline_rolling_mean,3.7078630136986295,0.0,3.7078630136986295,1.0,1.0692124105011933,10.096385542168674,59.857142857142854,0.0,0
store_0004,sku_00035,Pet,baseline_seasonal_naive,6.442301369863013,0.0,6.442301369863013,1.0,0.6153846153846154,17.542168674698793,104.0,0.0,0
store_0004,sku_00035,Pet,ML_95,2.9423972602739723,0.0,2.9423972602739723,1.0,1.3473684210526315,8.012048192771084,47.5,0.0,0
store_0004,sku_00035,Pet,ML_99,2.9423972602739723,0.0,2.9423972602739723,1.0,1.3473684210526315,8.012048192771084,47.5,0.0,0
store_0004,sku_00036,Office,baseline_rolling_mean,1.6035890410958904,0.0,1.6035890410958904,1.0,1.4224598930481283,8.311111111111112,13.357142857142858,0.0,0
store_0004,sku_00036,Office,baseline_seasonal_naive,1.637890410958904,0.0,1.637890410958904,1.0,1.3926701570680629,8.488888888888889,13.642857142857142,0.0,0
store_0004,sku_00036,Office,ML_95,1.243424657534247,0.0,1.243424657534247,1.0,1.8344827586206895,6.444444444444445,10.357142857142858,0.0,0
store_0004,sku_00036,Office,ML_99,1.243424657534247,0.0,1.243424657534247,1.0,1.8344827586206895,6.444444444444445,10.357142857142858,0.0,0
store_0004,sku_00037,Meat,baseline_rolling_mean,1.8564383561643834,0.0,1.8564383561643834,1.0,0.9,10.769230769230768,10.0,0.0,0
store_0004,sku_00037,Meat,baseline_seasonal_naive,2.187945205479452,0.0,2.187945205479452,1.0,0.7636363636363636,12.692307692307693,11.785714285714286,0.0,0
store_0004,sku_00037,Meat,ML_95,1.2729863013698632,0.0,1.2729863013698632,1.0,1.3125,7.384615384615384,6.857142857142857,0.0,0
store_0004,sku_00037,Meat,ML_99,1.2729863013698632,0.0,1.2729863013698632,1.0,1.3125,7.384615384615384,6.857142857142857,0.0,0
store_0004,sku_00038,Pet,baseline_rolling_mean,0.5426849315068494,0.0,0.5426849315068494,1.0,1.640625,8.533333333333333,9.142857142857142,0.0,0
store_0004,sku_00038,Pet,baseline_seasonal_naive,0.9496986301369865,0.0,0.9496986301369865,1.0,0.9375,14.933333333333334,16.0,0.0,0
store_0004,sku_00038,Pet,ML_95,0.44093150684931515,0.0,0.44093150684931515,1.0,2.019230769230769,6.933333333333334,7.428571428571429,0.0,0
store_0004,sku_00038,Pet,ML_99,0.44093150684931515,0.0,0.44093150684931515,1.0,2.019230769230769,6.933333333333334,7.428571428571429,0.0,0
store_0004,sku_00039,Produce,baseline_rolling_mean,2.423486301369863,0.0,2.423486301369863,1.0,0.8433734939759037,9.76470588235294,17.785714285714285,0.0,0
store_0004,sku_00039,Produce,baseline_seasonal_naive,3.610897260273973,0.0,3.610897260273973,1.0,0.5660377358490566,14.549019607843137,26.5,0.0,0
store_0004,sku_00039,Produce,ML_95,2.423486301369863,0.0,2.423486301369863,1.0,0.8433734939759037,9.76470588235294,17.785714285714285,0.0,0
store_0004,sku_00039,Produce,ML_99,2.423486301369863,0.0,2.423486301369863,1.0,0.8433734939759037,9.76470588235294,17.785714285714285,0.0,0
store_0004,sku_00040,Home,baseline_rolling_mean,4.042171232876713,0.0,4.042171232876713,1.0,2.7729468599033815,6.9,14.785714285714286,0.0,0
store_0004,sku_00040,Home,baseline_seasonal_naive,5.252869863013699,0.0,5.252869863013699,1.0,2.133828996282528,8.966666666666667,19.214285714285715,0.0,0
store_0004,sku_00040,Home,ML_95,5.174760273972604,25.659000000000002,30.833760273972608,0.975609756097561,2.1660377358490566,8.833333333333332,18.928571428571427,1.0,1
store_0004,sku_00040,Home,ML_99,5.174760273972604,25.659000000000002,30.833760273972608,0.975609756097561,2.1660377358490566,8.833333333333332,18.928571428571427,1.0,1
store_0004,sku_00041,Pet,baseline_rolling_mean,0.4164520547945206,0.0,0.4164520547945206,1.0,1.9405940594059405,8.416666666666668,7.214285714285714,0.0,0
store_0004,sku_00041,Pet,baseline_seasonal_naive,1.0761780821917808,0.0,1.0761780821917808,1.0,0.7509578544061303,21.75,18.642857142857142,0.0,0
store_0004,sku_00041,Pet,ML_95,0.4824246575342467,0.0,0.4824246575342467,1.0,1.675213675213675,9.750000000000002,8.357142857142858,0.0,0
store_0004,sku_00041,Pet,ML_99,0.49479452054794515,0.0,0.49479452054794515,1.0,1.6333333333333333,10.0,8.571428571428571,0.0,0
store_0004,sku_00042,Health,baseline_rolling_mean,0.34630136986301363,0.0,0.34630136986301363,1.0,3.3670886075949364,6.32,5.642857142857143,0.0,0
store_0004,sku_00042,Health,baseline_seasonal_naive,0.5479452054794521,0.0,0.5479452054794521,1.0,2.128,10.0,8.928571428571429,0.0,0
store_0004,sku_00042,Health,ML_95,0.6136986301369864,5.76,6.373698630136986,0.9473684210526316,1.9,11.2,10.0,1.0,1
store_0004,sku_00042,Health,ML_99,0.6136986301369864,5.76,6.373698630136986,0.9473684210526316,1.9,11.2,10.0,1.0,1
store_0004,sku_00043,Frozen,baseline_rolling_mean,1.446,45.549,46.995,0.8793103448275862,2.582191780821918,10.482051282051282,22.46153846153846,7.0,4
store_0004,sku_00043,Frozen,baseline_seasonal_naive,1.4113356164383564,97.60499999999999,99.01633561643834,0.7413793103448276,2.645614035087719,10.230769230769232,21.923076923076923,15.0,6
store_0004,sku_00043,Frozen,ML_95,2.2828972602739728,45.549,47.83189726027397,0.8793103448275862,1.6355748373101953,16.548717948717947,35.46153846153846,7.0,4
store_0004,sku_00043,Frozen,ML_99,2.3126095890410965,45.549,47.861609589041095,0.8793103448275862,1.6145610278372593,16.76410256410256,35.92307692307692,7.0,4
store_0004,sku_00044,Electronics,baseline_rolling_mean,5.939630136986301,0.0,5.939630136986301,1.0,0.880503144654088,18.17142857142857,22.714285714285715,0.0,0
store_0004,sku_00044,Electronics,baseline_seasonal_naive,6.350547945205479,0.0,6.350547945205479,1.0,0.823529411764706,19.428571428571427,24.285714285714285,0.0,0
store_0004,sku_00044,Electronics,ML_95,2.185335616438356,0.0,2.185335616438356,1.0,2.393162393162393,6.685714285714286,8.357142857142858,0.0,0
store_0004,sku_00044,Electronics,ML_99,2.185335616438356,0.0,2.185335616438356,1.0,2.393162393162393,6.685714285714286,8.357142857142858,0.0,0
store_0004,sku_00045,Home,baseline_rolling_mean,3.174931506849315,0.0,3.174931506849315,1.0,1.5272727272727273,8.799999999999999,15.714285714285714,0.0,0
store_0004,sku_00045,Home,baseline_seasonal_naive,2.741986301369863,0.0,2.741986301369863,1.0,1.768421052631579,7.6,13.571428571428571,0.0,0
store_0004,sku_00045,Home,ML_95,1.8905273972602739,0.0,1.8905273972602739,1.0,2.564885496183206,5.24,9.357142857142858,0.0,0
store_0004,sku_00045,Home,ML_99,1.8905273972602739,0.0,1.8905273972602739,1.0,2.564885496183206,5.24,9.357142857142858,0.0,0
store_0004,sku_00046,Garden,baseline_rolling_mean,0.24324657534246574,17.756999999999998,18.000246575342462,0.75,3.1111111111111107,7.2,1.2857142857142858,1.0,1
store_0004,sku_00046,Garden,baseline_seasonal_naive,0.5405479452054794,17.756999999999998,18.297547945205476,0.75,1.4,16.0,2.857142857142857,1.0,1
store_0004,sku_00046,Garden,ML_95,0.8648767123287671,0.0,0.8648767123287671,1.0,0.875,25.599999999999998,4.571428571428571,0.0,0
store_0004,sku_00046,Garden,ML_99,0.8648767123287671,0.0,0.8648767123287671,1.0,0.875,25.599999999999998,4.571428571428571,0.0,0
store_0004,sku_00047,Household,baseline_rolling_mean,1.8985342465753419,0.0,1.8985342465753419,1.0,0.5384615384615384,11.03030303030303,13.0,0.0,0
store_0004,sku_00047,Household,baseline_seasonal_naive,3.724047945205479,0.0,3.724047945205479,1.0,0.27450980392156865,21.636363636363637,25.5,0.0,0
store_0004,sku_00047,Household,ML_95,1.8985342465753419,0.0,1.8985342465753419,1.0,0.5384615384615384,11.03030303030303,13.0,0.0,0
store_0004,sku_00047,Household,ML_99,1.8985342465753419,0.0,1.8985342465753419,1.0,0.5384615384615384,11.03030303030303,13.0,0.0,0
store_0004,sku_00048,Meat,baseline_rolling_mean,0.43591095890410964,18.477,18.91291095890411,0.8888888888888888,4.064516129032258,6.2,2.2142857142857144,1.0,1
store_0004,sku_00048,Meat,baseline_seasonal_naive,1.0827465753424659,0.0,1.0827465753424659,1.0,1.6363636363636365,15.4,5.5,0.0,0
store_0004,sku_00048,Meat,ML_95,0.7733904109589042,0.0,0.7733904109589042,1.0,2.290909090909091,11.0,3.9285714285714284,0.0,0
store_0004,sku_00048,Meat,ML_99,0.7733904109589042,0.0,0.7733904109589042,1.0,2.290909090909091,11.0,3.9285714285714284,0.0,0
store_0004,sku_00049,Toys,baseline_rolling_mean,0.4405479452054796,0.0,0.4405479452054796,1.0,0.875,10.666666666666666,2.2857142857142856,0.0,0
store_0004,sku_00049,Toys,baseline_seasonal_naive,0.1927397260273973,0.0,0.1927397260273973,1.0,2.0,4.666666666666667,1.0,0.0,0
store_0004,sku_00049,Toys,ML_95,0.1927397260273973,0.0,0.1927397260273973,1.0,2.0,4.666666666666667,1.0,0.0,0
store_0004,sku_00049,Toys,ML_99,0.1927397260273973,0.0,0.1927397260273973,1.0,2.0,4.666666666666667,1.0,0.0,0
store_0004,sku_00050,Apparel,baseline_rolling_mean,0.49479452054794515,0.0,0.49479452054794515,1.0,0.813953488372093,10.11764705882353,12.285714285714286,0.0,0
store_0004,sku_00050,Apparel,baseline_seasonal_naive,0.7278082191780822,0.0,0.7278082191780822,1.0,0.5533596837944663,14.882352941176473,18.071428571428573,0.0,0
store_0004,sku_00050,Apparel,ML_95,0.49479452054794515,0.0,0.49479452054794515,1.0,0.813953488372093,10.11764705882353,12.285714285714286,0.0,0
store_0004,sku_00050,Apparel,ML_99,0.49479452054794515,0.0,0.49479452054794515,1.0,0.813953488372093,10.11764705882353,12.285714285714286,0.0,0
store_0004,sku_00051,Seasonal,baseline_rolling_mean,3.1368493150684937,0.0,3.1368493150684937,1.0,1.303921568627451,8.16,14.571428571428571,0.0,0
store_0004,sku_00051,Seasonal,baseline_seasonal_naive,5.120445205479451,0.0,5.120445205479451,1.0,0.7987987987987988,13.319999999999999,23.785714285714285,0.0,0
store_0004,sku_00051,Seasonal,ML_95,2.9215753424657533,0.0,2.9215753424657533,1.0,1.4000000000000001,7.6,13.571428571428571,0.0,0
store_0004,sku_00051,Seasonal,ML_99,2.9215753424657533,0.0,2.9215753424657533,1.0,1.4000000000000001,7.6,13.571428571428571,0.0,0
store_0004,sku_00052,Dairy,baseline_rolling_mean,2.633445205479452,0.0,2.633445205479452,1.0,1.2240437158469946,12.2,13.071428571428571,0.0,0
store_0004,sku_00052,Dairy,baseline_seasonal_naive,3.5688219178082194,0.0,3.5688219178082194,1.0,0.9032258064516129,16.533333333333335,17.714285714285715,0.0,0
store_0004,sku_00052,Dairy,ML_95,1.8995342465753424,0.0,1.8995342465753424,1.0,1.696969696969697,8.8,9.428571428571429,0.0,0
store_0004,sku_00052,Dairy,ML_99,1.8995342465753424,0.0,1.8995342465753424,1.0,1.696969696969697,8.8,9.428571428571429,0.0,0
store_0004,sku_00053,Health,baseline_rolling_mean,0.8670205479452054,0.0,0.8670205479452054,1.0,0.6639175257731958,11.411764705882355,34.642857142857146,0.0,0
store_0004,sku_00053,Health,baseline_seasonal_naive,0.8670205479452054,0.0,0.8670205479452054,1.0,0.6639175257731958,11.411764705882355,34.642857142857146,0.0,0
store_0004,sku_00053,Health,ML_95,0.8670205479452054,0.0,0.8670205479452054,1.0,0.6639175257731958,11.411764705882355,34.642857142857146,0.0,0
store_0004,sku_00053,Health,ML_99,0.8670205479452054,0.0,0.8670205479452054,1.0,0.6639175257731958,11.411764705882355,34.642857142857146,0.0,0
store_0004,sku_00054,Office,baseline_rolling_mean,1.171013698630137,0.0,1.171013698630137,1.0,1.1395348837209303,11.86206896551724,12.285714285714286,0.0,0
store_0004,sku_00054,Office,baseline_seasonal_naive,1.8722602739726026,0.0,1.8722602739726026,1.0,0.7127272727272728,18.96551724137931,19.642857142857142,0.0,0
store_0004,sku_00054,Office,ML_95,0.6263561643835616,0.0,0.6263561643835616,1.0,2.130434782608696,6.344827586206896,6.571428571428571,0.0,0
store_0004,sku_00054,Office,ML_99,0.6263561643835616,0.0,0.6263561643835616,1.0,2.130434782608696,6.344827586206896,6.571428571428571,0.0,0
store_0004,sku_00055,Toys,baseline_rolling_mean,3.341630136986301,0.0,3.341630136986301,1.0,0.48837209302325585,11.727272727272727,18.428571428571427,0.0,0
store_0004,sku_00055,Toys,baseline_seasonal_naive,3.7819999999999996,0.0,3.7819999999999996,1.0,0.4315068493150685,13.272727272727273,20.857142857142858,0.0,0
store_0004,sku_00055,Toys,ML_95,3.341630136986301,0.0,3.341630136986301,1.0,0.48837209302325585,11.727272727272727,18.428571428571427,0.0,0
store_0004,sku_00055,Toys,ML_99,3.341630136986301,0.0,3.341630136986301,1.0,0.48837209302325585,11.727272727272727,18.428571428571427,0.0,0
store_0004,sku_00056,Household,baseline_rolling_mean,1.0615068493150686,0.0,1.0615068493150686,1.0,0.9,10.37037037037037,10.0,0.0,0
store_0004,sku_00056,Household,baseline_seasonal_naive,1.5316027397260275,0.0,1.5316027397260275,1.0,0.6237623762376238,14.962962962962964,14.428571428571429,0.0,0
store_0004,sku_00056,Household,ML_95,1.0615068493150686,0.0,1.0615068493150686,1.0,0.9,10.37037037037037,10.0,0.0,0
store_0004,sku_00056,Household,ML_99,1.0615068493150686,0.0,1.0615068493150686,1.0,0.9,10.37037037037037,10.0,0.0,0
store_0004,sku_00057,Toys,baseline_rolling_mean,2.3730547945205482,0.0,2.3730547945205482,1.0,1.8317757009345794,7.9259259259259265,15.285714285714286,0.0,0
store_0004,sku_00057,Toys,baseline_seasonal_naive,5.367095890410959,0.0,5.367095890410959,1.0,0.8099173553719009,17.925925925925924,34.57142857142857,0.0,0
store_0004,sku_00057,Toys,ML_95,2.3730547945205482,0.0,2.3730547945205482,1.0,1.8317757009345794,7.9259259259259265,15.285714285714286,0.0,0
store_0004,sku_00057,Toys,ML_99,2.3730547945205482,0.0,2.3730547945205482,1.0,1.8317757009345794,7.9259259259259265,15.285714285714286,0.0,0
store_0004,sku_00058,Toys,baseline_rolling_mean,1.8589931506849315,0.0,1.8589931506849315,1.0,0.5723270440251572,15.566433566433565,12.23076923076923,0.0,0
store_0004,sku_00058,Toys,baseline_seasonal_naive,1.9876027397260276,0.0,1.9876027397260276,1.0,0.5352941176470588,16.643356643356643,13.076923076923077,0.0,0
store_0004,sku_00058,Toys,ML_95,1.0522602739726028,0.0,1.0522602739726028,1.0,1.011111111111111,8.811188811188812,6.923076923076923,0.0,0
store_0004,sku_00058,Toys,ML_99,1.0522602739726028,0.0,1.0522602739726028,1.0,1.011111111111111,8.811188811188812,6.923076923076923,0.0,0
store_0004,sku_00059,Beauty,baseline_rolling_mean,0.4143904109589042,0.0,0.4143904109589042,1.0,1.3023255813953487,8.6,3.0714285714285716,0.0,0
store_0004,sku_00059,Beauty,baseline_seasonal_naive,0.7516849315068495,0.0,0.7516849315068495,1.0,0.717948717948718,15.6,5.571428571428571,0.0,0
store_0004,sku_00059,Beauty,ML_95,0.4047534246575344,0.0,0.4047534246575344,1.0,1.3333333333333333,8.4,3.0,0.0,0
store_0004,sku_00059,Beauty,ML_99,0.4047534246575344,0.0,0.4047534246575344,1.0,1.3333333333333333,8.4,3.0,0.0,0
store_0004,sku_00060,Automotive,baseline_rolling_mean,0.3308219178082192,0.0,0.3308219178082192,1.0,1.4000000000000001,9.09090909090909,10.714285714285714,0.0,0
store_0004,sku_00060,Automotive,baseline_seasonal_naive,0.37493150684931514,0.0,0.37493150684931514,1.0,1.2352941176470589,10.303030303030303,12.142857142857142,0.0,0
store_0004,sku_00060,Automotive,ML_95,0.30435616438356167,0.0,0.30435616438356167,1.0,1.5217391304347825,8.363636363636363,9.857142857142858,0.0,0
store_0004,sku_00060,Automotive,ML_99,0.30435616438356167,0.0,0.30435616438356167,1.0,1.5217391304347825,8.363636363636363,9.857142857142858,0.0,0
store_0004,sku_00061,Beverages,baseline_rolling_mean,0.4335342465753425,0.0,0.4335342465753425,1.0,1.75,9.142857142857142,2.2857142857142856,0.0,0
store_0004,sku_00061,Beverages,baseline_seasonal_naive,1.3818904109589043,0.0,1.3818904109589043,1.0,0.5490196078431373,29.142857142857142,7.285714285714286,0.0,0
store_0004,sku_00061,Beverages,ML_95,0.4335342465753425,0.0,0.4335342465753425,1.0,1.75,9.142857142857142,2.2857142857142856,0.0,0
store_0004,sku_00061,Beverages,ML_99,0.4335342465753425,0.0,0.4335342465753425,1.0,1.75,9.142857142857142,2.2857142857142856,0.0,0
store_0004,sku_00062,Frozen,baseline_rolling_mean,0.2580958904109589,0.0,0.2580958904109589,1.0,2.4457831325301203,9.485714285714286,11.857142857142858,0.0,0
store_0004,sku_00062,Frozen,baseline_seasonal_naive,0.5581712328767123,0.0,0.5581712328767123,1.0,1.1309192200557103,20.514285714285712,25.642857142857142,0.0,0
store_0004,sku_00062,Frozen,ML_95,0.35138356164383566,4.085999999999999,4.437383561643835,0.9310344827586207,1.7964601769911506,12.914285714285715,16.142857142857142,2.0,1
store_0004,sku_00062,Frozen,ML_99,0.35138356164383566,4.085999999999999,4.437383561643835,0.9310344827586207,1.7964601769911506,12.914285714285715,16.142857142857142,2.0,1
store_0004,sku_00063,Home,baseline_rolling_mean,3.2950273972602737,0.0,3.2950273972602737,1.0,1.4213197969543148,8.954545454545455,14.071428571428571,0.0,0
store_0004,sku_00063,Home,baseline_seasonal_naive,4.733465753424657,0.0,4.733465753424657,1.0,0.989399293286219,12.863636363636365,20.214285714285715,0.0,0
store_0004,sku_00063,Home,ML_95,2.3918219178082185,0.0,2.3918219178082185,1.0,1.9580419580419581,6.5,10.214285714285714,0.0,0
store_0004,sku_00063,Home,ML_99,2.3918219178082185,0.0,2.3918219178082185,1.0,1.9580419580419581,6.5,10.214285714285714,0.0,0
store_0004,sku_00064,Apparel,baseline_rolling_mean,0.37479452054794526,0.0,0.37479452054794526,1.0,1.657894736842105,8.941176470588237,5.428571428571429,0.0,0
store_0004,sku_00064,Apparel,baseline_seasonal_naive,0.9961643835616438,0.0,0.9961643835616438,1.0,0.6237623762376238,23.764705882352942,14.428571428571429,0.0,0
store_0004,sku_00064,Apparel,ML_95,0.3402739726027397,0.0,0.3402739726027397,1.0,1.826086956521739,8.11764705882353,4.928571428571429,0.0,0
store_0004,sku_00064,Apparel,ML_99,0.3402739726027397,0.0,0.3402739726027397,1.0,1.826086956521739,8.11764705882353,4.928571428571429,0.0,0
store_0004,sku_00065,Produce,baseline_rolling_mean,2.187739726027397,0.0,2.187739726027397,1.0,0.9940828402366864,9.657142857142857,12.071428571428571,0.0,0
store_0004,sku_00065,Produce,baseline_seasonal_naive,4.3625342465753425,0.0,4.3625342465753425,1.0,0.4985163204747774,19.25714285714286,24.071428571428573,0.0,0
store_0004,sku_00065,Produce,ML_95,2.187739726027397,0.0,2.187739726027397,1.0,0.9940828402366864,9.657142857142857,12.071428571428571,0.0,0
store_0004,sku_00065,Produce,ML_99,2.187739726027397,0.0,2.187739726027397,1.0,0.9940828402366864,9.657142857142857,12.071428571428571,0.0,0
store_0004,sku_00066,Toys,baseline_rolling_mean,8.066794520547944,0.0,8.066794520547944,1.0,1.7123655913978493,8.359550561797754,53.142857142857146,0.0,0
store_0004,sku_00066,Toys,baseline_seasonal_naive,9.508842465753425,0.0,9.508842465753425,1.0,1.452679589509692,9.853932584269664,62.642857142857146,0.0,0
store_0004,sku_00066,Toys,ML_95,6.809068493150685,28.494,35.30306849315068,0.978021978021978,2.0286624203821657,7.056179775280899,44.857142857142854,2.0,1
store_0004,sku_00066,Toys,ML_99,6.809068493150685,28.494,35.30306849315068,0.978021978021978,2.0286624203821657,7.056179775280899,44.857142857142854,2.0,1
store_0004,sku_00067,Meat,baseline_rolling_mean,0.5350821917808218,0.0,0.5350821917808218,1.0,2.0895522388059704,7.882352941176471,4.785714285714286,0.0,0
store_0004,sku_00067,Meat,baseline_seasonal_naive,0.7107808219178082,0.0,0.7107808219178082,1.0,1.5730337078651686,10.470588235294118,6.357142857142857,0.0,0
store_0004,sku_00067,Meat,ML_95,0.5270958904109588,10.494,11.021095890410958,0.9,2.121212121212121,7.764705882352942,4.714285714285714,1.0,1
store_0004,sku_00067,Meat,ML_99,0.7427260273972601,0.0,0.7427260273972601,1.0,1.5053763440860215,10.941176470588237,6.642857142857143,0.0,0
store_0004,sku_00068,Toys,baseline_rolling_mean,1.8600410958904112,0.0,1.8600410958904112,1.0,2.382978723404255,7.421052631578947,10.071428571428571,0.0,0
store_0004,sku_00068,Toys,baseline_seasonal_naive,3.627739726027398,0.0,3.627739726027398,1.0,1.221818181818182,14.473684210526315,19.642857142857142,0.0,0
store_0004,sku_00068,Toys,ML_95,2.150260273972603,17.334000000000003,19.484260273972605,0.9583333333333334,2.061349693251534,8.578947368421051,11.642857142857142,1.0,1
store_0004,sku_00068,Toys,ML_99,2.150260273972603,17.334000000000003,19.484260273972605,0.9583333333333334,2.061349693251534,8.578947368421051,11.642857142857142,1.0,1
store_0004,sku_00069,Grocery,baseline_rolling_mean,0.720986301369863,0.0,0.720986301369863,1.0,0.875,16.0,3.4285714285714284,0.0,0
store_0004,sku_00069,Grocery,baseline_seasonal_naive,0.8411506849315068,0.0,0.8411506849315068,1.0,0.75,18.666666666666668,4.0,0.0,0
store_0004,sku_00069,Grocery,ML_95,0.7360068493150684,0.0,0.7360068493150684,1.0,0.8571428571428571,16.333333333333336,3.5,0.0,0
store_0004,sku_00069,Grocery,ML_99,0.7360068493150684,0.0,0.7360068493150684,1.0,0.8571428571428571,16.333333333333336,3.5,0.0,0
store_0004,sku_00070,Office,baseline_rolling_mean,0.6166849315068492,0.0,0.6166849315068492,1.0,2.180327868852459,6.971428571428571,8.714285714285714,0.0,0
store_0004,sku_00070,Office,baseline_seasonal_naive,0.556027397260274,0.0,0.556027397260274,1.0,2.4181818181818184,6.285714285714286,7.857142857142857,0.0,0
store_0004,sku_00070,Office,ML_95,0.7936027397260274,6.6419999999999995,7.4356027397260265,0.9473684210526316,1.694267515923567,8.971428571428572,11.214285714285714,1.0,1
store_0004,sku_00070,Office,ML_99,0.7936027397260274,6.6419999999999995,7.4356027397260265,0.9473684210526316,1.694267515923567,8.971428571428572,11.214285714285714,1.0,1
store_0004,sku_00071,Office,baseline_rolling_mean,0.9105479452054794,0.0,0.9105479452054794,1.0,2.739130434782609,6.571428571428571,6.571428571428571,0.0,0
store_0004,sku_00071,Office,baseline_seasonal_naive,1.4746917808219175,0.0,1.4746917808219175,1.0,1.691275167785235,10.642857142857142,10.642857142857142,0.0,0
store_0004,sku_00071,Office,ML_95,1.247054794520548,13.004999999999999,14.252054794520546,0.9444444444444444,2.0,9.0,9.0,1.0,1
store_0004,sku_00071,Office,ML_99,1.247054794520548,13.004999999999999,14.252054794520546,0.9444444444444444,2.0,9.0,9.0,1.0,1
store_0004,sku_00072,Office,baseline_rolling_mean,0.638013698630137,27.945,28.583013698630136,0.8636363636363636,3.422222222222222,6.206896551724138,6.428571428571429,3.0,2
store_0004,sku_00072,Office,baseline_seasonal_naive,0.4749657534246576,27.945,28.41996575342466,0.8636363636363636,4.597014925373134,4.620689655172413,4.785714285714286,3.0,2
store_0004,sku_00072,Office,ML_95,1.6942808219178085,18.63,20.324280821917807,0.9090909090909091,1.2887029288702927,16.482758620689655,17.071428571428573,2.0,1
store_0004,sku_00072,Office,ML_99,1.6942808219178085,18.63,20.324280821917807,0.9090909090909091,1.2887029288702927,16.482758620689655,17.071428571428573,2.0,1
store_0004,sku_00073,Home,baseline_rolling_mean,2.793390410958904,0.0,2.793390410958904,1.0,2.5534591194968552,6.625000000000001,11.357142857142858,0.0,0
store_0004,sku_00073,Home,baseline_seasonal_naive,3.9704794520547946,0.0,3.9704794520547946,1.0,1.7964601769911506,9.416666666666666,16.142857142857142,0.0,0
store_0004,sku_00073,Home,ML_95,3.7245205479452053,23.084999999999997,26.8095205479452,0.9655172413793104,1.9150943396226416,8.833333333333334,15.142857142857142,1.0,1
store_0004,sku_00073,Home,ML_99,3.7245205479452053,23.084999999999997,26.8095205479452,0.9655172413793104,1.9150943396226416,8.833333333333334,15.142857142857142,1.0,1
store_0004,sku_00074,Pet,baseline_rolling_mean,0.3852191780821918,0.0,0.3852191780821918,1.0,1.377049180327869,9.037037037037036,8.714285714285714,0.0,0
store_0004,sku_00074,Pet,baseline_seasonal_naive,0.37890410958904114,0.0,0.37890410958904114,1.0,1.4000000000000001,8.88888888888889,8.571428571428571,0.0,0
store_0004,sku_00074,Pet,ML_95,0.32838356164383564,0.0,0.32838356164383564,1.0,1.6153846153846154,7.703703703703704,7.428571428571429,0.0,0
store_0004,sku_00074,Pet,ML_99,0.32838356164383564,0.0,0.32838356164383564,1.0,1.6153846153846154,7.703703703703704,7.428571428571429,0.0,0
store_0004,sku_00075,Seasonal,baseline_rolling_mean,1.220554794520548,0.0,1.220554794520548,1.0,3.2212389380530975,8.071428571428571,8.071428571428571,0.0,0
store_0004,sku_00075,Seasonal,baseline_seasonal_naive,2.505917808219178,0.0,2.505917808219178,1.0,1.5689655172413792,16.571428571428573,16.571428571428573,0.0,0
store_0004,sku_00075,Seasonal,ML_95,1.069335616438356,56.772,57.84133561643836,0.8461538461538461,3.676767676767677,7.071428571428571,7.071428571428571,4.0,1
store_0004,sku_00075,Seasonal,ML_99,1.069335616438356,56.772,57.84133561643836,0.8461538461538461,3.676767676767677,7.071428571428571,7.071428571428571,4.0,1
store_0004,sku_00076,Beverages,baseline_rolling_mean,0.6200547945205479,0.0,0.6200547945205479,1.0,2.041666666666667,6.857142857142857,3.4285714285714284,0.0,0
store_0004,sku_00076,Beverages,baseline_seasonal_naive,0.8267397260273973,0.0,0.8267397260273973,1.0,1.53125,9.142857142857142,4.571428571428571,0.0,0
store_0004,sku_00076,Beverages,ML_95,0.9042465753424656,0.0,0.9042465753424656,1.0,1.4,10.0,5.0,0.0,0
store_0004,sku_00076,Beverages,ML_99,0.9042465753424656,0.0,0.9042465753424656,1.0,1.4,10.0,5.0,0.0,0
store_0004,sku_00077,Office,baseline_rolling_mean,1.253643835616438,0.0,1.253643835616438,1.0,2.759124087591241,6.682926829268293,9.785714285714286,0.0,0
store_0004,sku_00077,Office,baseline_seasonal_naive,1.7569315068493145,12.024000000000001,13.780931506849315,0.962962962962963,1.96875,9.365853658536585,13.714285714285714,1.0,1
store_0004,sku_00077,Office,ML_95,1.866739726027397,12.024000000000001,13.890739726027398,0.962962962962963,1.8529411764705883,9.951219512195122,14.571428571428571,1.0,1
store_0004,sku_00077,Office,ML_99,1.866739726027397,12.024000000000001,13.890739726027398,0.962962962962963,1.8529411764705883,9.951219512195122,14.571428571428571,1.0,1
store_0004,sku_00078,Electronics,baseline_rolling_mean,3.7036712328767116,0.0,3.7036712328767116,1.0,1.0294117647058825,10.46153846153846,9.714285714285714,0.0,0
store_0004,sku_00078,Electronics,baseline_seasonal_naive,2.85945205479452,0.0,2.85945205479452,1.0,1.3333333333333333,8.076923076923077,7.5,0.0,0
store_0004,sku_00078,Electronics,ML_95,2.2058630136986297,0.0,2.2058630136986297,1.0,1.7283950617283952,6.230769230769231,5.785714285714286,0.0,0
store_0004,sku_00078,Electronics,ML_99,2.2058630136986297,0.0,2.2058630136986297,1.0,1.7283950617283952,6.230769230769231,5.785714285714286,0.0,0
store_0004,sku_00079,Pet,baseline_rolling_mean,0.43589041095890424,0.0,0.43589041095890424,1.0,2.4594594594594597,7.789473684210526,5.285714285714286,0.0,0
store_0004,sku_00079,Pet,baseline_seasonal_naive,0.5890410958904109,0.0,0.5890410958904109,1.0,1.8199999999999998,10.526315789473685,7.142857142857143,0.0,0
store_0004,sku_00079,Pet,ML_95,0.4947945205479452,0.0,0.4947945205479452,1.0,2.1666666666666665,8.842105263157894,6.0,0.0,0
store_0004,sku_00079,Pet,ML_99,0.4947945205479452,0.0,0.4947945205479452,1.0,2.1666666666666665,8.842105263157894,6.0,0.0,0
store_0004,sku_00080,Baby,baseline_rolling_mean,0.22682876712328762,0.0,0.22682876712328762,1.0,1.2280701754385965,10.363636363636363,4.071428571428571,0.0,0
store_0004,sku_00080,Baby,baseline_seasonal_naive,0.42580136986301365,0.0,0.42580136986301365,1.0,0.6542056074766355,19.454545454545457,7.642857142857143,0.0,0
store_0004,sku_00080,Baby,ML_95,0.22682876712328762,0.0,0.22682876712328762,1.0,1.2280701754385965,10.363636363636363,4.071428571428571,0.0,0
store_0004,sku_00080,Baby,ML_99,0.22682876712328762,0.0,0.22682876712328762,1.0,1.2280701754385965,10.363636363636363,4.071428571428571,0.0,0
store_0004,sku_00081,Electronics,baseline_rolling_mean,0.21857534246575344,35.901,36.11957534246576,0.5,3.25,8.615384615384617,0.6153846153846154,1.0,1
store_0004,sku_00081,Electronics,baseline_seasonal_naive,0.21857534246575344,35.901,36.11957534246576,0.5,3.25,8.615384615384617,0.6153846153846154,1.0,1
store_0004,sku_00081,Electronics,ML_95,0.8743013698630135,35.901,36.775301369863016,0.5,0.8125,34.46153846153847,2.4615384615384617,1.0,1
store_0004,sku_00081,Electronics,ML_99,0.8743013698630135,35.901,36.775301369863016,0.5,0.8125,34.46153846153847,2.4615384615384617,1.0,1
store_0004,sku_00082,Grocery,baseline_rolling_mean,7.665945205479451,0.0,7.665945205479451,1.0,1.0710382513661203,11.09090909090909,52.285714285714285,0.0,0
store_0004,sku_00082,Grocery,baseline_seasonal_naive,8.786513698630136,0.0,8.786513698630136,1.0,0.934445768772348,12.712121212121213,59.92857142857143,0.0,0
store_0004,sku_00082,Grocery,ML_95,5.7913493150684925,0.0,5.7913493150684925,1.0,1.4177215189873418,8.378787878787879,39.5,0.0,0
store_0004,sku_00082,Grocery,ML_99,5.7913493150684925,0.0,5.7913493150684925,1.0,1.4177215189873418,8.378787878787879,39.5,0.0,0
store_0004,sku_00083,Produce,baseline_rolling_mean,4.1306506849315054,0.0,4.1306506849315054,1.0,1.4763636363636363,8.46153846153846,19.642857142857142,0.0,0
store_0004,sku_00083,Produce,baseline_seasonal_naive,6.038260273972602,0.0,6.038260273972602,1.0,1.0099502487562189,12.369230769230768,28.714285714285715,0.0,0
store_0004,sku_00083,Produce,ML_95,3.5448493150684923,0.0,3.5448493150684923,1.0,1.7203389830508473,7.2615384615384615,16.857142857142858,0.0,0
store_0004,sku_00083,Produce,ML_99,3.5448493150684923,0.0,3.5448493150684923,1.0,1.7203389830508473,7.2615384615384615,16.857142857142858,0.0,0
store_0004,sku_00084,Frozen,baseline_rolling_mean,0.5218082191780823,0.0,0.5218082191780823,1.0,1.8876404494382024,8.476190476190476,12.714285714285714,0.0,0
store_0004,sku_00084,Frozen,baseline_seasonal_naive,0.85013698630137,0.0,0.85013698630137,1.0,1.1586206896551723,13.80952380952381,20.714285714285715,0.0,0
store_0004,sku_00084,Frozen,ML_95,0.4866301369863014,3.8520000000000003,4.338630136986302,0.9583333333333334,2.0240963855421685,7.904761904761905,11.857142857142858,1.0,1
store_0004,sku_00084,Frozen,ML_99,0.4866301369863014,3.8520000000000003,4.338630136986302,0.9583333333333334,2.0240963855421685,7.904761904761905,11.857142857142858,1.0,1
store_0004,sku_00085,Produce,baseline_rolling_mean,6.117041095890412,0.0,6.117041095890412,1.0,1.9444444444444444,7.2,36.0,0.0,0
store_0004,sku_00085,Produce,baseline_seasonal_naive,6.869534246575343,0.0,6.869534246575343,1.0,1.7314487632508833,8.085714285714285,40.42857142857143,0.0,0
store_0004,sku_00085,Produce,ML_95,5.510191780821918,0.0,5.510191780821918,1.0,2.158590308370044,6.485714285714286,32.42857142857143,0.0,0
store_0004,sku_00085,Produce,ML_99,5.510191780821918,0.0,5.510191780821918,1.0,2.158590308370044,6.485714285714286,32.42857142857143,0.0,0
store_0004,sku_00086,Household,baseline_rolling_mean,0.6396712328767125,0.0,0.6396712328767125,1.0,1.75,8.666666666666668,7.428571428571429,0.0,0
store_0004,sku_00086,Household,baseline_seasonal_naive,0.7749863013698631,0.0,0.7749863013698631,1.0,1.4444444444444444,10.5,9.0,0.0,0
store_0004,sku_00086,Household,ML_95,0.6335205479452054,0.0,0.6335205479452054,1.0,1.766990291262136,8.583333333333334,7.357142857142857,0.0,0
store_0004,sku_00086,Household,ML_99,0.6335205479452054,0.0,0.6335205479452054,1.0,1.766990291262136,8.583333333333334,7.357142857142857,0.0,0
store_0004,sku_00087,Home,baseline_rolling_mean,2.946917808219178,0.0,2.946917808219178,1.0,1.456,9.615384615384615,8.928571428571429,0.0,0
store_0004,sku_00087,Home,baseline_seasonal_naive,3.300547945205479,0.0,3.300547945205479,1.0,1.3,10.769230769230768,10.0,0.0,0
store_0004,sku_00087,Home,ML_95,2.0510547945205477,0.0,2.0510547945205477,1.0,2.0919540229885056,6.6923076923076925,6.214285714285714,0.0,0
store_0004,sku_00087,Home,ML_99,2.0510547945205477,0.0,2.0510547945205477,1.0,2.0919540229885056,6.6923076923076925,6.214285714285714,0.0,0
store_0004,sku_00088,Home,baseline_rolling_mean,2.0558904109589045,0.0,2.0558904109589045,1.0,1.4875,9.142857142857142,11.428571428571429,0.0,0
store_0004,sku_00088,Home,baseline_seasonal_naive,2.9167945205479455,0.0,2.9167945205479455,1.0,1.0484581497797356,12.971428571428572,16.214285714285715,0.0,0
store_0004,sku_00088,Home,ML_95,1.6961095890410962,0.0,1.6961095890410962,1.0,1.803030303030303,7.542857142857143,9.428571428571429,0.0,0
store_0004,sku_00088,Home,ML_99,1.6961095890410962,0.0,1.6961095890410962,1.0,1.803030303030303,7.542857142857143,9.428571428571429,0.0,0
store_0004,sku_00089,Pet,baseline_rolling_mean,5.110479452054794,0.0,5.110479452054794,1.0,2.0371517027863777,7.021739130434781,69.21428571428571,0.0,0
store_0004,sku_00089,Pet,baseline_seasonal_naive,5.6747945205479455,0.0,5.6747945205479455,1.0,1.8345724907063197,7.797101449275362,76.85714285714286,0.0,0
store_0004,sku_00089,Pet,ML_95,4.588356164383561,20.79,25.37835616438356,0.9787234042553191,2.268965517241379,6.304347826086956,62.142857142857146,3.0,1
store_0004,sku_00089,Pet,ML_99,4.588356164383561,20.79,25.37835616438356,0.9787234042553191,2.268965517241379,6.304347826086956,62.142857142857146,3.0,1
store_0004,sku_00090,Automotive,baseline_rolling_mean,0.10200000000000004,0.0,0.10200000000000004,1.0,1.0980392156862746,9.272727272727273,3.642857142857143,0.0,0
store_0004,sku_00090,Automotive,baseline_seasonal_naive,0.21399999999999997,0.0,0.21399999999999997,1.0,0.5233644859813084,19.454545454545457,7.642857142857143,0.0,0
store_0004,sku_00090,Automotive,ML_95,0.10200000000000004,0.0,0.10200000000000004,1.0,1.0980392156862746,9.272727272727273,3.642857142857143,0.0,0
store_0004,sku_00090,Automotive,ML_99,0.10200000000000004,0.0,0.10200000000000004,1.0,1.0980392156862746,9.272727272727273,3.642857142857143,0.0,0
store_0004,sku_00091,Electronics,baseline_rolling_mean,7.7036849315068485,0.0,7.7036849315068485,1.0,0.7613293051359517,11.033333333333333,23.642857142857142,0.0,0
store_0004,sku_00091,Electronics,baseline_seasonal_naive,10.217273972602737,0.0,10.217273972602737,1.0,0.5740318906605922,14.633333333333335,31.357142857142858,0.0,0
store_0004,sku_00091,Electronics,ML_95,7.7036849315068485,0.0,7.7036849315068485,1.0,0.7613293051359517,11.033333333333333,23.642857142857142,0.0,0
store_0004,sku_00091,Electronics,ML_99,7.7036849315068485,0.0,7.7036849315068485,1.0,0.7613293051359517,11.033333333333333,23.642857142857142,0.0,0
store_0004,sku_00092,Dairy,baseline_rolling_mean,1.8443561643835615,41.076,42.92035616438356,0.92,2.9661016949152543,7.151515151515151,8.428571428571429,2.0,2
store_0004,sku_00092,Dairy,baseline_seasonal_naive,2.0631780821917807,61.614000000000004,63.67717808219179,0.88,2.6515151515151514,8.0,9.428571428571429,3.0,2
store_0004,sku_00092,Dairy,ML_95,3.5949315068493153,20.538,24.132931506849317,0.96,1.5217391304347827,13.939393939393938,16.428571428571427,1.0,1
store_0004,sku_00092,Dairy,ML_99,3.5949315068493153,20.538,24.132931506849317,0.96,1.5217391304347827,13.939393939393938,16.428571428571427,1.0,1
store_0004,sku_00093,Office,baseline_rolling_mean,2.742931506849315,0.0,2.742931506849315,1.0,0.9905660377358491,11.777777777777777,15.142857142857142,0.0,0
store_0004,sku_00093,Office,baseline_seasonal_naive,5.071835616438356,0.0,5.071835616438356,1.0,0.5357142857142857,21.777777777777775,28.0,0.0,0
store_0004,sku_00093,Office,ML_95,2.0183835616438355,0.0,2.0183835616438355,1.0,1.3461538461538463,8.666666666666666,11.142857142857142,0.0,0
store_0004,sku_00093,Office,ML_99,2.0183835616438355,0.0,2.0183835616438355,1.0,1.3461538461538463,8.666666666666666,11.142857142857142,0.0,0
store_0004,sku_00094,Electronics,baseline_rolling_mean,3.4566575342465753,81.10799999999998,84.56465753424655,0.9464285714285714,4.666666666666667,5.169230769230769,12.0,3.0,1
store_0004,sku_00094,Electronics,baseline_seasonal_naive,5.6170684931506845,81.10799999999998,86.72506849315066,0.9464285714285714,2.871794871794872,8.399999999999999,19.5,3.0,1
store_0004,sku_00094,Electronics,ML_95,8.929698630136986,81.10799999999998,90.03769863013696,0.9464285714285714,1.8064516129032258,13.353846153846153,31.0,3.0,1
store_0004,sku_00094,Electronics,ML_99,8.929698630136986,81.10799999999998,90.03769863013696,0.9464285714285714,1.8064516129032258,13.353846153846153,31.0,3.0,1
store_0004,sku_00095,Apparel,baseline_rolling_mean,0.5557808219178082,0.0,0.5557808219178082,1.0,1.4456521739130435,9.435897435897436,13.142857142857142,0.0,0
store_0004,sku_00095,Apparel,baseline_seasonal_naive,0.78836301369863,0.0,0.78836301369863,1.0,1.0191570881226053,13.384615384615385,18.642857142857142,0.0,0
store_0004,sku_00095,Apparel,ML_95,0.42287671232876706,0.0,0.42287671232876706,1.0,1.9,7.17948717948718,10.0,0.0,0
store_0004,sku_00095,Apparel,ML_99,0.42287671232876706,0.0,0.42287671232876706,1.0,1.9,7.17948717948718,10.0,0.0,0
store_0004,sku_00096,Electronics,baseline_rolling_mean,4.2775342465753425,0.0,4.2775342465753425,1.0,1.6153846153846152,8.524590163934427,18.571428571428573,0.0,0
store_0004,sku_00096,Electronics,baseline_seasonal_naive,4.590123287671232,0.0,4.590123287671232,1.0,1.5053763440860217,9.147540983606557,19.928571428571427,0.0,0
store_0004,sku_00096,Electronics,ML_95,3.89913698630137,0.0,3.89913698630137,1.0,1.7721518987341773,7.770491803278689,16.928571428571427,0.0,0
store_0004,sku_00096,Electronics,ML_99,3.89913698630137,0.0,3.89913698630137,1.0,1.7721518987341773,7.770491803278689,16.928571428571427,0.0,0
store_0004,sku_00097,Electronics,baseline_rolling_mean,3.1878904109589037,0.0,3.1878904109589037,1.0,1.2196969696969697,11.23404255319149,18.857142857142858,0.0,0
store_0004,sku_00097,Electronics,baseline_seasonal_naive,5.21654794520548,0.0,5.21654794520548,1.0,0.7453703703703703,18.382978723404257,30.857142857142858,0.0,0
store_0004,sku_00097,Electronics,ML_95,2.5116712328767123,0.0,2.5116712328767123,1.0,1.5480769230769231,8.851063829787234,14.857142857142858,0.0,0
store_0004,sku_00097,Electronics,ML_99,2.5116712328767123,0.0,2.5116712328767123,1.0,1.5480769230769231,8.851063829787234,14.857142857142858,0.0,0
store_0004,sku_00098,Dairy,baseline_rolling_mean,4.931506849315069,0.0,4.931506849315069,1.0,0.9644444444444443,10.344827586206897,32.142857142857146,0.0,0
store_0004,sku_00098,Dairy,baseline_seasonal_naive,5.501369863013698,0.0,5.501369863013698,1.0,0.8645418326693228,11.54022988505747,35.857142857142854,0.0,0
store_0004,sku_00098,Dairy,ML_95,3.857534246575342,0.0,3.857534246575342,1.0,1.2329545454545454,8.091954022988505,25.142857142857142,0.0,0
store_0004,sku_00098,Dairy,ML_99,3.857534246575342,0.0,3.857534246575342,1.0,1.2329545454545454,8.091954022988505,25.142857142857142,0.0,0
store_0004,sku_00099,Electronics,baseline_rolling_mean,8.779390410958905,0.0,8.779390410958905,1.0,0.7755102040816326,11.82758620689655,24.5,0.0,0
store_0004,sku_00099,Electronics,baseline_seasonal_naive,10.929445205479452,0.0,10.929445205479452,1.0,0.6229508196721312,14.724137931034482,30.5,0.0,0
store_0004,sku_00099,Electronics,ML_95,7.346020547945206,0.0,7.346020547945206,1.0,0.926829268292683,9.89655172413793,20.5,0.0,0
store_0004,sku_00099,Electronics,ML_99,7.346020547945206,0.0,7.346020547945206,1.0,0.926829268292683,9.89655172413793,20.5,0.0,0
store_0004,sku_00100,Office,baseline_rolling_mean,1.681068493150685,0.0,1.681068493150685,1.0,1.2375690607734806,9.05,12.928571428571429,0.0,0
store_0004,sku_00100,Office,baseline_seasonal_naive,2.0247123287671234,0.0,2.0247123287671234,1.0,1.0275229357798166,10.9,15.571428571428571,0.0,0
store_0004,sku_00100,Office,ML_95,1.3931506849315067,0.0,1.3931506849315067,1.0,1.4933333333333334,7.499999999999999,10.714285714285714,0.0,0
store_0004,sku_00100,Office,ML_99,1.3931506849315067,0.0,1.3931506849315067,1.0,1.4933333333333334,7.499999999999999,10.714285714285714,0.0,0
store_0004,sku_00101,Health,baseline_rolling_mean,0.26490410958904104,0.0,0.26490410958904104,1.0,1.1666666666666667,10.153846153846153,9.428571428571429,0.0,0
store_0004,sku_00101,Health,baseline_seasonal_naive,0.5157602739726027,0.0,0.5157602739726027,1.0,0.5992217898832685,19.76923076923077,18.357142857142858,0.0,0
store_0004,sku_00101,Health,ML_95,0.15051369863013694,0.0,0.15051369863013694,1.0,2.0533333333333337,5.769230769230768,5.357142857142857,0.0,0
store_0004,sku_00101,Health,ML_99,0.15051369863013694,0.0,0.15051369863013694,1.0,2.0533333333333337,5.769230769230768,5.357142857142857,0.0,0
store_0004,sku_00102,Apparel,baseline_rolling_mean,0.6255616438356165,0.0,0.6255616438356165,1.0,1.1864406779661016,9.833333333333332,12.642857142857142,0.0,0
store_0004,sku_00102,Apparel,baseline_seasonal_naive,0.6255616438356165,0.0,0.6255616438356165,1.0,1.1864406779661016,9.833333333333332,12.642857142857142,0.0,0
store_0004,sku_00102,Apparel,ML_95,0.6255616438356165,0.0,0.6255616438356165,1.0,1.1864406779661016,9.833333333333332,12.642857142857142,0.0,0
store_0004,sku_00102,Apparel,ML_99,0.6255616438356165,0.0,0.6255616438356165,1.0,1.1864406779661016,9.833333333333332,12.642857142857142,0.0,0
store_0004,sku_00103,Grocery,baseline_rolling_mean,0.12145205479452051,0.0,0.12145205479452051,1.0,1.0769230769230769,13.000000000000002,0.9285714285714286,0.0,0
store_0004,sku_00103,Grocery,baseline_seasonal_naive,0.12145205479452051,0.0,0.12145205479452051,1.0,1.0769230769230769,13.000000000000002,0.9285714285714286,0.0,0
store_0004,sku_00103,Grocery,ML_95,0.12145205479452051,0.0,0.12145205479452051,1.0,1.0769230769230769,13.000000000000002,0.9285714285714286,0.0,0
store_0004,sku_00103,Grocery,ML_99,0.12145205479452051,0.0,0.12145205479452051,1.0,1.0769230769230769,13.000000000000002,0.9285714285714286,0.0,0
store_0004,sku_00104,Health,baseline_rolling_mean,0.23567123287671232,0.0,0.23567123287671232,1.0,1.647058823529412,9.379310344827585,9.714285714285714,0.0,0
store_0004,sku_00104,Health,baseline_seasonal_naive,0.47827397260273974,0.0,0.47827397260273974,1.0,0.8115942028985507,19.03448275862069,19.714285714285715,0.0,0
store_0004,sku_00104,Health,ML_95,0.1854178082191781,2.2769999999999997,2.4624178082191777,0.9375,2.0934579439252334,7.379310344827586,7.642857142857143,1.0,1
store_0004,sku_00104,Health,ML_99,0.1854178082191781,2.2769999999999997,2.4624178082191777,0.9375,2.0934579439252334,7.379310344827586,7.642857142857143,1.0,1
store_0004,sku_00105,Household,baseline_rolling_mean,1.535561643835616,0.0,1.535561643835616,1.0,0.9032258064516129,9.725490196078432,17.714285714285715,0.0,0
store_0004,sku_00105,Household,baseline_seasonal_naive,1.7151232876712328,0.0,1.7151232876712328,1.0,0.8086642599277979,10.862745098039216,19.785714285714285,0.0,0
store_0004,sku_00105,Household,ML_95,1.535561643835616,0.0,1.535561643835616,1.0,0.9032258064516129,9.725490196078432,17.714285714285715,0.0,0
store_0004,sku_00105,Household,ML_99,1.535561643835616,0.0,1.535561643835616,1.0,0.9032258064516129,9.725490196078432,17.714285714285715,0.0,0
store_0004,sku_00106,Bakery,baseline_rolling_mean,2.334006849315069,0.0,2.334006849315069,1.0,1.3933649289099526,9.377777777777776,15.071428571428571,0.0,0
store_0004,sku_00106,Bakery,baseline_seasonal_naive,4.125993150684931,0.0,4.125993150684931,1.0,0.7882037533512064,16.577777777777776,26.642857142857142,0.0,0
store_0004,sku_00106,Bakery,ML_95,2.0574657534246574,0.0,2.0574657534246574,1.0,1.5806451612903225,8.266666666666667,13.285714285714286,0.0,0
store_0004,sku_00106,Bakery,ML_99,2.0574657534246574,0.0,2.0574657534246574,1.0,1.5806451612903225,8.266666666666667,13.285714285714286,0.0,0
store_0004,sku_00107,Frozen,baseline_rolling_mean,3.571732876712329,0.0,3.571732876712329,1.0,0.5696670776818742,14.745454545454546,57.92857142857143,0.0,0
store_0004,sku_00107,Frozen,baseline_seasonal_naive,6.531294520547946,0.0,6.531294520547946,1.0,0.3115306810519218,26.963636363636365,105.92857142857143,0.0,0
store_0004,sku_00107,Frozen,ML_95,2.1844383561643834,0.0,2.1844383561643834,1.0,0.9314516129032258,9.01818181818182,35.42857142857143,0.0,0
store_0004,sku_00107,Frozen,ML_99,2.1844383561643834,0.0,2.1844383561643834,1.0,0.9314516129032258,9.01818181818182,35.42857142857143,0.0,0
store_0004,sku_00108,Beverages,baseline_rolling_mean,1.3836986301369862,0.0,1.3836986301369862,1.0,0.32307692307692304,13.68421052631579,9.285714285714286,0.0,0
store_0004,sku_00108,Beverages,baseline_seasonal_naive,1.7881643835616439,0.0,1.7881643835616439,1.0,0.25,17.684210526315788,12.0,0.0,0
store_0004,sku_00108,Beverages,ML_95,1.3836986301369862,0.0,1.3836986301369862,1.0,0.32307692307692304,13.68421052631579,9.285714285714286,0.0,0
store_0004,sku_00108,Beverages,ML_99,1.3836986301369862,0.0,1.3836986301369862,1.0,0.32307692307692304,13.68421052631579,9.285714285714286,0.0,0
store_0004,sku_00109,Household,baseline_rolling_mean,0.6526301369863015,0.0,0.6526301369863015,1.0,1.5180722891566265,9.764705882352942,11.857142857142858,0.0,0
store_0004,sku_00109,Household,baseline_seasonal_naive,1.1362054794520549,0.0,1.1362054794520549,1.0,0.8719723183391004,17.0,20.642857142857142,0.0,0
store_0004,sku_00109,Household,ML_95,0.5504109589041096,0.0,0.5504109589041096,1.0,1.8,8.23529411764706,10.0,0.0,0
store_0004,sku_00109,Household,ML_99,0.5504109589041096,0.0,0.5504109589041096,1.0,1.8,8.23529411764706,10.0,0.0,0
store_0004,sku_00110,Bakery,baseline_rolling_mean,2.053643835616438,0.0,2.053643835616438,1.0,1.5806451612903225,8.857142857142858,13.285714285714286,0.0,0
store_0004,sku_00110,Bakery,baseline_seasonal_naive,2.3848767123287673,0.0,2.3848767123287673,1.0,1.3611111111111112,10.285714285714286,15.428571428571429,0.0,0
store_0004,sku_00110,Bakery,ML_95,2.053643835616438,0.0,2.053643835616438,1.0,1.5806451612903225,8.857142857142858,13.285714285714286,0.0,0
store_0004,sku_00110,Bakery,ML_99,2.053643835616438,0.0,2.053643835616438,1.0,1.5806451612903225,8.857142857142858,13.285714285714286,0.0,0
store_0004,sku_00111,Automotive,baseline_rolling_mean,0.6323013698630137,0.0,0.6323013698630137,1.0,0.8095238095238095,9.639344262295083,21.0,0.0,0
store_0004,sku_00111,Automotive,baseline_seasonal_naive,0.9807123287671233,0.0,0.9807123287671233,1.0,0.5219298245614036,14.950819672131148,32.57142857142857,0.0,0
store_0004,sku_00111,Automotive,ML_95,0.6323013698630137,0.0,0.6323013698630137,1.0,0.8095238095238095,9.639344262295083,21.0,0.0,0
store_0004,sku_00111,Automotive,ML_99,0.6323013698630137,0.0,0.6323013698630137,1.0,0.8095238095238095,9.639344262295083,21.0,0.0,0
store_0004,sku_00112,Grocery,baseline_rolling_mean,1.6531643835616436,40.986,42.63916438356164,0.9117647058823529,2.993710691823899,8.368421052631579,11.357142857142858,3.0,2
store_0004,sku_00112,Grocery,baseline_seasonal_naive,2.2873972602739725,68.31,70.59739726027398,0.8529411764705882,2.1636363636363636,11.578947368421051,15.714285714285714,5.0,3
store_0004,sku_00112,Grocery,ML_95,3.4414931506849307,40.986,44.427493150684924,0.9117647058823529,1.4380664652567976,17.421052631578945,23.642857142857142,3.0,2
store_0004,sku_00112,Grocery,ML_99,3.4414931506849307,40.986,44.427493150684924,0.9117647058823529,1.4380664652567976,17.421052631578945,23.642857142857142,3.0,2
store_0004,sku_00113,Frozen,baseline_rolling_mean,2.386520547945206,0.0,2.386520547945206,1.0,0.6176470588235294,10.818181818181818,34.0,0.0,0
store_0004,sku_00113,Frozen,baseline_seasonal_naive,2.7073972602739733,0.0,2.7073972602739733,1.0,0.5444444444444445,12.272727272727272,38.57142857142857,0.0,0
store_0004,sku_00113,Frozen,ML_95,2.386520547945206,0.0,2.386520547945206,1.0,0.6176470588235294,10.818181818181818,34.0,0.0,0
store_0004,sku_00113,Frozen,ML_99,2.386520547945206,0.0,2.386520547945206,1.0,0.6176470588235294,10.818181818181818,34.0,0.0,0
store_0004,sku_00114,Toys,baseline_rolling_mean,1.890958904109589,0.0,1.890958904109589,1.0,1.15,10.181818181818182,20.0,0.0,0
store_0004,sku_00114,Toys,baseline_seasonal_naive,2.316424657534246,0.0,2.316424657534246,1.0,0.9387755102040817,12.472727272727273,24.5,0.0,0
store_0004,sku_00114,Toys,ML_95,1.4182191780821918,0.0,1.4182191780821918,1.0,1.5333333333333334,7.636363636363637,15.0,0.0,0
store_0004,sku_00114,Toys,ML_99,1.4182191780821918,0.0,1.4182191780821918,1.0,1.5333333333333334,7.636363636363637,15.0,0.0,0
store_0004,sku_00115,Dairy,baseline_rolling_mean,2.2861027397260276,0.0,2.2861027397260276,1.0,1.2488262910798122,9.681818181818182,15.214285714285714,0.0,0
store_0004,sku_00115,Dairy,baseline_seasonal_naive,2.822746575342466,0.0,2.822746575342466,1.0,1.0114068441064639,11.954545454545453,18.785714285714285,0.0,0
store_0004,sku_00115,Dairy,ML_95,2.2861027397260276,0.0,2.2861027397260276,1.0,1.2488262910798122,9.681818181818182,15.214285714285714,0.0,0
store_0004,sku_00115,Dairy,ML_99,2.2861027397260276,0.0,2.2861027397260276,1.0,1.2488262910798122,9.681818181818182,15.214285714285714,0.0,0
store_0004,sku_00116,Automotive,baseline_rolling_mean,0.28172602739726027,0.0,0.28172602739726027,1.0,2.9734513274336285,7.793103448275861,8.071428571428571,0.0,0
store_0004,sku_00116,Automotive,baseline_seasonal_naive,0.4462739726027398,0.0,0.4462739726027398,1.0,1.877094972067039,12.344827586206897,12.785714285714286,0.0,0
store_0004,sku_00116,Automotive,ML_95,0.28172602739726027,6.5520000000000005,6.833726027397261,0.9166666666666666,2.9734513274336285,7.793103448275861,8.071428571428571,2.0,1
store_0004,sku_00116,Automotive,ML_99,0.28172602739726027,6.5520000000000005,6.833726027397261,0.9166666666666666,2.9734513274336285,7.793103448275861,8.071428571428571,2.0,1
store_0004,sku_00117,Beverages,baseline_rolling_mean,0.3283356164383562,30.276000000000003,30.60433561643836,0.6,2.456140350877193,16.285714285714285,4.071428571428571,4.0,3
store_0004,sku_00117,Beverages,baseline_seasonal_naive,0.0057602739726027394,45.41400000000001,45.419760273972614,0.4,140.0,0.2857142857142857,0.07142857142857142,6.0,5
store_0004,sku_00117,Beverages,ML_95,0.6393904109589041,22.707,23.346390410958904,0.7,1.2612612612612613,31.714285714285715,7.928571428571429,3.0,2
store_0004,sku_00117,Beverages,ML_99,0.6393904109589041,22.707,23.346390410958904,0.7,1.2612612612612613,31.714285714285715,7.928571428571429,3.0,2
store_0004,sku_00118,Garden,baseline_rolling_mean,17.296301369863013,0.0,17.296301369863013,1.0,1.4258064516129032,9.33835395373857,47.69230769230769,0.0,0
store_0004,sku_00118,Garden,baseline_seasonal_naive,21.98304109589041,0.0,21.98304109589041,1.0,1.1218274111675128,11.868746637977408,60.61538461538461,0.0,0
store_0004,sku_00118,Garden,ML_95,10.573061643835617,0.0,10.573061643835617,1.0,2.33245382585752,5.708445400753093,29.153846153846153,0.0,0
store_0004,sku_00118,Garden,ML_99,10.573061643835617,0.0,10.573061643835617,1.0,2.33245382585752,5.708445400753093,29.153846153846153,0.0,0
store_0004,sku_00119,Beverages,baseline_rolling_mean,0.45779452054794517,0.0,0.45779452054794517,1.0,0.30434782608695654,13.142857142857142,3.2857142857142856,0.0,0
store_0004,sku_00119,Beverages,baseline_seasonal_naive,0.45779452054794517,0.0,0.45779452054794517,1.0,0.30434782608695654,13.142857142857142,3.2857142857142856,0.0,0
store_0004,sku_00119,Beverages,ML_95,0.45779452054794517,0.0,0.45779452054794517,1.0,0.30434782608695654,13.142857142857142,3.2857142857142856,0.0,0
store_0004,sku_00119,Beverages,ML_99,0.45779452054794517,0.0,0.45779452054794517,1.0,0.30434782608695654,13.142857142857142,3.2857142857142856,0.0,0
store_0004,sku_00120,Household,baseline_rolling_mean,1.060931506849315,0.0,1.060931506849315,1.0,1.625,11.2,8.0,0.0,0
store_0004,sku_00120,Household,baseline_seasonal_naive,1.3829999999999998,0.0,1.3829999999999998,1.0,1.2465753424657533,14.6,10.428571428571429,0.0,0
store_0004,sku_00120,Household,ML_95,0.7956986301369864,0.0,0.7956986301369864,1.0,2.1666666666666665,8.4,6.0,0.0,0
store_0004,sku_00120,Household,ML_99,0.7956986301369864,0.0,0.7956986301369864,1.0,2.1666666666666665,8.4,6.0,0.0,0
store_0004,sku_00121,Home,baseline_rolling_mean,5.194410958904109,0.0,5.194410958904109,1.0,0.9853372434017595,12.4,24.357142857142858,0.0,0
store_0004,sku_00121,Home,baseline_seasonal_naive,5.5600000000000005,0.0,5.5600000000000005,1.0,0.9205479452054794,13.272727272727273,26.071428571428573,0.0,0
store_0004,sku_00121,Home,ML_95,3.1532054794520548,0.0,3.1532054794520548,1.0,1.6231884057971013,7.527272727272728,14.785714285714286,0.0,0
store_0004,sku_00121,Home,ML_99,3.1532054794520548,0.0,3.1532054794520548,1.0,1.6231884057971013,7.527272727272728,14.785714285714286,0.0,0
store_0004,sku_00122,Produce,baseline_rolling_mean,2.8883904109589045,0.0,2.8883904109589045,1.0,1.8860103626943003,7.568627450980393,13.785714285714286,0.0,0
store_0004,sku_00122,Produce,baseline_seasonal_naive,3.097910958904109,0.0,3.097910958904109,1.0,1.758454106280193,8.11764705882353,14.785714285714286,0.0,0
store_0004,sku_00122,Produce,ML_95,2.6190068493150687,0.0,2.6190068493150687,1.0,2.08,6.862745098039216,12.5,0.0,0
store_0004,sku_00122,Produce,ML_99,2.6190068493150687,0.0,2.6190068493150687,1.0,2.08,6.862745098039216,12.5,0.0,0
store_0004,sku_00123,Electronics,baseline_rolling_mean,2.306876712328767,0.0,2.306876712328767,1.0,2.8823529411764706,8.869565217391305,7.285714285714286,0.0,0
store_0004,sku_00123,Electronics,baseline_seasonal_naive,2.6461232876712333,0.0,2.6461232876712333,1.0,2.5128205128205128,10.173913043478262,8.357142857142858,0.0,0
store_0004,sku_00123,Electronics,ML_95,2.713972602739726,89.15400000000001,91.86797260273974,0.8571428571428572,2.45,10.434782608695652,8.571428571428571,3.0,1
store_0004,sku_00123,Electronics,ML_99,2.713972602739726,89.15400000000001,91.86797260273974,0.8571428571428572,2.45,10.434782608695652,8.571428571428571,3.0,1
store_0004,sku_00124,Baby,baseline_rolling_mean,0.14638356164383562,4.932,5.078383561643836,0.8333333333333334,2.1538461538461537,7.8,2.7857142857142856,1.0,1
store_0004,sku_00124,Baby,baseline_seasonal_naive,0.274,0.0,0.274,1.0,1.1506849315068493,14.6,5.214285714285714,0.0,0
store_0004,sku_00124,Baby,ML_95,0.2402191780821918,0.0,0.2402191780821918,1.0,1.3125,12.799999999999999,4.571428571428571,0.0,0
store_0004,sku_00124,Baby,ML_99,0.2402191780821918,0.0,0.2402191780821918,1.0,1.3125,12.799999999999999,4.571428571428571,0.0,0
store_0004,sku_00125,Office,baseline_rolling_mean,0.35666438356164387,10.899,11.255664383561642,0.9,3.255813953488372,6.615384615384616,3.0714285714285716,1.0,1
store_0004,sku_00125,Office,baseline_seasonal_naive,1.4681301369863011,0.0,1.4681301369863011,1.0,0.7909604519774012,27.23076923076923,12.642857142857142,0.0,0
store_0004,sku_00125,Office,ML_95,0.6303835616438356,10.899,11.529383561643835,0.9,1.8421052631578947,11.692307692307692,5.428571428571429,1.0,1
store_0004,sku_00125,Office,ML_99,0.6303835616438356,10.899,11.529383561643835,0.9,1.8421052631578947,11.692307692307692,5.428571428571429,1.0,1
store_0004,sku_00126,Bakery,baseline_rolling_mean,1.4320273972602737,0.0,1.4320273972602737,1.0,0.9618320610687022,9.357142857142858,9.357142857142858,0.0,0
store_0004,sku_00126,Bakery,baseline_seasonal_naive,1.442958904109589,0.0,1.442958904109589,1.0,0.9545454545454545,9.428571428571429,9.428571428571429,0.0,0
store_0004,sku_00126,Bakery,ML_95,1.2352602739726026,0.0,1.2352602739726026,1.0,1.1150442477876106,8.071428571428571,8.071428571428571,0.0,0
store_0004,sku_00126,Bakery,ML_99,1.2352602739726026,0.0,1.2352602739726026,1.0,1.1150442477876106,8.071428571428571,8.071428571428571,0.0,0
store_0004,sku_00127,Home,baseline_rolling_mean,4.533061643835616,0.0,4.533061643835616,1.0,0.4334365325077399,13.458333333333336,23.071428571428573,0.0,0
store_0004,sku_00127,Home,baseline_seasonal_naive,8.336342465753424,0.0,8.336342465753424,1.0,0.23569023569023567,24.750000000000004,42.42857142857143,0.0,0
store_0004,sku_00127,Home,ML_95,3.550664383561644,0.0,3.550664383561644,1.0,0.5533596837944663,10.541666666666668,18.071428571428573,0.0,0
store_0004,sku_00127,Home,ML_99,3.550664383561644,0.0,3.550664383561644,1.0,0.5533596837944663,10.541666666666668,18.071428571428573,0.0,0
store_0004,sku_00128,Household,baseline_rolling_mean,1.4772739726027395,0.0,1.4772739726027395,1.0,0.6116504854368933,14.206896551724135,14.714285714285714,0.0,0
store_0004,sku_00128,Household,baseline_seasonal_naive,1.9290616438356167,0.0,1.9290616438356167,1.0,0.46840148698884754,18.551724137931032,19.214285714285715,0.0,0
store_0004,sku_00128,Household,ML_95,0.982458904109589,0.0,0.982458904109589,1.0,0.9197080291970802,9.448275862068966,9.785714285714286,0.0,0
store_0004,sku_00128,Household,ML_99,0.982458904109589,0.0,0.982458904109589,1.0,0.9197080291970802,9.448275862068966,9.785714285714286,0.0,0
store_0004,sku_00129,Household,baseline_rolling_mean,0.6949452054794522,0.0,0.6949452054794522,1.0,1.2989690721649485,9.238095238095239,6.928571428571429,0.0,0
store_0004,sku_00129,Household,baseline_seasonal_naive,1.1463013698630138,0.0,1.1463013698630138,1.0,0.7875,15.238095238095239,11.428571428571429,0.0,0
store_0004,sku_00129,Household,ML_95,0.5588219178082192,0.0,0.5588219178082192,1.0,1.6153846153846154,7.428571428571428,5.571428571428571,0.0,0
store_0004,sku_00129,Household,ML_99,0.5588219178082192,0.0,0.5588219178082192,1.0,1.6153846153846154,7.428571428571428,5.571428571428571,0.0,0
store_0004,sku_00130,Household,baseline_rolling_mean,0.6324657534246576,0.0,0.6324657534246576,1.0,1.4736842105263157,8.941176470588237,5.428571428571429,0.0,0
store_0004,sku_00130,Household,baseline_seasonal_naive,1.5478767123287673,0.0,1.5478767123287673,1.0,0.6021505376344086,21.882352941176475,13.285714285714286,0.0,0
store_0004,sku_00130,Household,ML_95,0.6324657534246576,0.0,0.6324657534246576,1.0,1.4736842105263157,8.941176470588237,5.428571428571429,0.0,0
store_0004,sku_00130,Household,ML_99,0.6324657534246576,0.0,0.6324657534246576,1.0,1.4736842105263157,8.941176470588237,5.428571428571429,0.0,0
store_0004,sku_00131,Toys,baseline_rolling_mean,10.04413698630137,0.0,10.04413698630137,1.0,1.93026941362916,8.194805194805195,45.07142857142857,0.0,0
store_0004,sku_00131,Toys,baseline_seasonal_naive,7.067506849315068,0.0,7.067506849315068,1.0,2.743243243243243,5.766233766233767,31.714285714285715,0.0,0
store_0004,sku_00131,Toys,ML_95,6.287534246575342,0.0,6.287534246575342,1.0,3.0835443037974684,5.12987012987013,28.214285714285715,0.0,0
store_0004,sku_00131,Toys,ML_99,7.131178082191781,0.0,7.131178082191781,1.0,2.71875,5.818181818181818,32.0,0.0,0
store_0004,sku_00132,Health,baseline_rolling_mean,0.622568493150685,0.0,0.622568493150685,1.0,1.6734693877551021,10.71875,24.5,0.0,0
store_0004,sku_00132,Health,baseline_seasonal_naive,0.6243835616438357,0.0,0.6243835616438357,1.0,1.6686046511627906,10.750000000000002,24.571428571428573,0.0,0
store_0004,sku_00132,Health,ML_95,0.38842465753424665,2.385,2.7734246575342465,0.975609756097561,2.6822429906542054,6.687500000000001,15.285714285714286,1.0,1
store_0004,sku_00132,Health,ML_99,0.38842465753424665,2.385,2.7734246575342465,0.975609756097561,2.6822429906542054,6.687500000000001,15.285714285714286,1.0,1
store_0004,sku_00133,Meat,baseline_rolling_mean,0.8957671232876716,0.0,0.8957671232876716,1.0,2.1690140845070425,7.473684210526315,5.071428571428571,0.0,0
store_0004,sku_00133,Meat,baseline_seasonal_naive,2.195260273972603,0.0,2.195260273972603,1.0,0.8850574712643678,18.31578947368421,12.428571428571429,0.0,0
store_0004,sku_00133,Meat,ML_95,1.0850136986301373,0.0,1.0850136986301373,1.0,1.7906976744186045,9.052631578947368,6.142857142857143,0.0,0
store_0004,sku_00133,Meat,ML_99,1.0850136986301373,0.0,1.0850136986301373,1.0,1.7906976744186045,9.052631578947368,6.142857142857143,0.0,0
store_0004,sku_00134,Health,baseline_rolling_mean,1.6982191780821918,0.0,1.6982191780821918,1.0,1.4304347826086958,12.266666666666666,32.857142857142854,0.0,0
store_0004,sku_00134,Health,baseline_seasonal_naive,1.9861780821917807,0.0,1.9861780821917807,1.0,1.2230483271375463,14.346666666666668,38.42857142857143,0.0,0
store_0004,sku_00134,Health,ML_95,1.2145958904109588,0.0,1.2145958904109588,1.0,2.0,8.773333333333333,23.5,0.0,0
store_0004,sku_00134,Health,ML_99,1.2145958904109588,0.0,1.2145958904109588,1.0,2.0,8.773333333333333,23.5,0.0,0
store_0004,sku_00135,Grocery,baseline_rolling_mean,1.6394794520547944,0.0,1.6394794520547944,1.0,1.5412844036697249,8.384615384615385,15.571428571428571,0.0,0
store_0004,sku_00135,Grocery,baseline_seasonal_naive,2.293767123287671,0.0,2.293767123287671,1.0,1.1016393442622952,11.73076923076923,21.785714285714285,0.0,0
store_0004,sku_00135,Grocery,ML_95,1.1732054794520548,0.0,1.1732054794520548,1.0,2.1538461538461537,5.999999999999999,11.142857142857142,0.0,0
store_0004,sku_00135,Grocery,ML_99,1.1732054794520548,0.0,1.1732054794520548,1.0,2.1538461538461537,5.999999999999999,11.142857142857142,0.0,0
store_0004,sku_00136,Produce,baseline_rolling_mean,1.9026164383561643,0.0,1.9026164383561643,1.0,1.7412935323383083,10.578947368421053,14.357142857142858,0.0,0
store_0004,sku_00136,Produce,baseline_seasonal_naive,1.6943698630136987,0.0,1.6943698630136987,1.0,1.9553072625698322,9.421052631578947,12.785714285714286,0.0,0
store_0004,sku_00136,Produce,ML_95,2.584150684931507,0.0,2.584150684931507,1.0,1.2820512820512822,14.368421052631579,19.5,0.0,0
store_0004,sku_00136,Produce,ML_99,2.584150684931507,0.0,2.584150684931507,1.0,1.2820512820512822,14.368421052631579,19.5,0.0,0
store_0004,sku_00137,Dairy,baseline_rolling_mean,2.9623082191780816,0.0,2.9623082191780816,1.0,0.9502262443438914,10.78048780487805,15.785714285714286,0.0,0
store_0004,sku_00137,Dairy,baseline_seasonal_naive,6.48758904109589,0.0,6.48758904109589,1.0,0.43388429752066116,23.609756097560975,34.57142857142857,0.0,0
store_0004,sku_00137,Dairy,ML_95,2.3055068493150683,0.0,2.3055068493150683,1.0,1.2209302325581395,8.390243902439025,12.285714285714286,0.0,0
store_0004,sku_00137,Dairy,ML_99,2.3055068493150683,0.0,2.3055068493150683,1.0,1.2209302325581395,8.390243902439025,12.285714285714286,0.0,0
store_0004,sku_00138,Office,baseline_rolling_mean,1.1515684931506849,0.0,1.1515684931506849,1.0,3.2307692307692304,8.068965517241379,8.357142857142858,0.0,0
store_0004,sku_00138,Office,baseline_seasonal_naive,3.6121849315068495,0.0,3.6121849315068495,1.0,1.0299727520435966,25.310344827586206,26.214285714285715,0.0,0
store_0004,sku_00138,Office,ML_95,1.7322739726027399,25.866,27.59827397260274,0.9259259259259259,2.147727272727273,12.137931034482758,12.571428571428571,2.0,1
store_0004,sku_00138,Office,ML_99,1.7322739726027399,25.866,27.59827397260274,0.9259259259259259,2.147727272727273,12.137931034482758,12.571428571428571,2.0,1
store_0004,sku_00139,Seasonal,baseline_rolling_mean,3.045698630136986,0.0,3.045698630136986,1.0,3.0625,6.16867469879518,18.285714285714285,0.0,0
store_0004,sku_00139,Seasonal,baseline_seasonal_naive,4.520958904109588,0.0,4.520958904109588,1.0,2.0631578947368423,9.156626506024097,27.142857142857142,0.0,0
store_0004,sku_00139,Seasonal,ML_95,4.937363013698629,31.266000000000002,36.203363013698635,0.9642857142857143,1.8891566265060242,10.0,29.642857142857142,2.0,1
store_0004,sku_00139,Seasonal,ML_99,4.9730547945205466,31.266000000000002,36.23905479452055,0.9642857142857143,1.875598086124402,10.072289156626505,29.857142857142858,2.0,1
store_0004,sku_00140,Home,baseline_rolling_mean,12.158664383561646,0.0,12.158664383561646,1.0,0.7164179104477612,9.770833333333334,33.5,0.0,0
store_0004,sku_00140,Home,baseline_seasonal_naive,18.173184931506853,0.0,18.173184931506853,1.0,0.4793152639087019,14.604166666666666,50.07142857142857,0.0,0
store_0004,sku_00140,Home,ML_95,12.158664383561646,0.0,12.158664383561646,1.0,0.7164179104477612,9.770833333333334,33.5,0.0,0
store_0004,sku_00140,Home,ML_99,12.158664383561646,0.0,12.158664383561646,1.0,0.7164179104477612,9.770833333333334,33.5,0.0,0
store_0004,sku_00141,Pet,baseline_rolling_mean,5.415863013698631,0.0,5.415863013698631,1.0,1.544731610337972,8.145748987854251,71.85714285714286,0.0,0
store_0004,sku_00141,Pet,baseline_seasonal_naive,8.048424657534248,0.0,8.048424657534248,1.0,1.0394648829431437,12.105263157894738,106.78571428571429,0.0,0
store_0004,sku_00141,Pet,ML_95,5.340493150684933,0.0,5.340493150684933,1.0,1.566532258064516,8.032388663967613,70.85714285714286,0.0,0
store_0004,sku_00141,Pet,ML_99,5.340493150684933,0.0,5.340493150684933,1.0,1.566532258064516,8.032388663967613,70.85714285714286,0.0,0
store_0004,sku_00142,Seasonal,baseline_rolling_mean,4.8193972602739725,0.0,4.8193972602739725,1.0,1.5700934579439254,8.23076923076923,22.928571428571427,0.0,0
store_0004,sku_00142,Seasonal,baseline_seasonal_naive,5.93041095890411,0.0,5.93041095890411,1.0,1.2759493670886075,10.12820512820513,28.214285714285715,0.0,0
store_0004,sku_00142,Seasonal,ML_95,3.873534246575342,0.0,3.873534246575342,1.0,1.9534883720930234,6.615384615384615,18.428571428571427,0.0,0
store_0004,sku_00142,Seasonal,ML_99,3.873534246575342,0.0,3.873534246575342,1.0,1.9534883720930234,6.615384615384615,18.428571428571427,0.0,0
store_0004,sku_00143,Meat,baseline_rolling_mean,1.1592602739726028,0.0,1.1592602739726028,1.0,2.2105263157894735,10.857142857142858,5.428571428571429,0.0,0
store_0004,sku_00143,Meat,baseline_seasonal_naive,3.4320205479452053,0.0,3.4320205479452053,1.0,0.7466666666666666,32.142857142857146,16.071428571428573,0.0,0
store_0004,sku_00143,Meat,ML_95,0.9152054794520547,60.129,61.04420547945205,0.75,2.8000000000000003,8.571428571428571,4.285714285714286,3.0,1
store_0004,sku_00143,Meat,ML_99,0.9152054794520547,60.129,61.04420547945205,0.75,2.8000000000000003,8.571428571428571,4.285714285714286,3.0,1
store_0004,sku_00144,Garden,baseline_rolling_mean,9.915068493150686,0.0,9.915068493150686,1.0,2.0,7.368421052631579,20.0,0.0,0
store_0004,sku_00144,Garden,baseline_seasonal_naive,12.252191780821919,0.0,12.252191780821919,1.0,1.6184971098265895,9.105263157894736,24.714285714285715,0.0,0
store_0004,sku_00144,Garden,ML_95,9.136027397260275,46.53,55.66602739726028,0.975,2.170542635658915,6.789473684210526,18.428571428571427,1.0,1
store_0004,sku_00144,Garden,ML_99,9.171438356164384,46.53,55.70143835616439,0.975,2.1621621621621623,6.815789473684211,18.5,1.0,1
store_0004,sku_00145,Baby,baseline_rolling_mean,0.16277397260273974,0.0,0.16277397260273974,1.0,1.5918367346938775,9.594405594405595,3.769230769230769,0.0,0
store_0004,sku_00145,Baby,baseline_seasonal_naive,0.20928082191780822,0.0,0.20928082191780822,1.0,1.2380952380952381,12.335664335664335,4.846153846153846,0.0,0
store_0004,sku_00145,Baby,ML_95,0.15945205479452054,0.0,0.15945205479452054,1.0,1.625,9.3986013986014,3.6923076923076925,0.0,0
store_0004,sku_00145,Baby,ML_99,0.15945205479452054,0.0,0.15945205479452054,1.0,1.625,9.3986013986014,3.6923076923076925,0.0,0
store_0004,sku_00146,Garden,baseline_rolling_mean,3.992479452054795,0.0,3.992479452054795,1.0,1.7730870712401055,7.431372549019608,27.071428571428573,0.0,0
store_0004,sku_00146,Garden,baseline_seasonal_naive,5.119643835616438,0.0,5.119643835616438,1.0,1.382716049382716,9.529411764705882,34.714285714285715,0.0,0
store_0004,sku_00146,Garden,ML_95,3.592178082191781,0.0,3.592178082191781,1.0,1.970674486803519,6.686274509803922,24.357142857142858,0.0,0
store_0004,sku_00146,Garden,ML_99,3.592178082191781,0.0,3.592178082191781,1.0,1.970674486803519,6.686274509803922,24.357142857142858,0.0,0
store_0004,sku_00147,Meat,baseline_rolling_mean,1.7196986301369863,0.0,1.7196986301369863,1.0,1.5,8.4,6.0,0.0,0
store_0004,sku_00147,Meat,baseline_seasonal_naive,2.2519863013698633,0.0,2.2519863013698633,1.0,1.1454545454545455,11.0,7.857142857142857,0.0,0
store_0004,sku_00147,Meat,ML_95,1.576390410958904,0.0,1.576390410958904,1.0,1.6363636363636365,7.7,5.5,0.0,0
store_0004,sku_00147,Meat,ML_99,1.576390410958904,0.0,1.576390410958904,1.0,1.6363636363636365,7.7,5.5,0.0,0
store_0004,sku_00148,Pet,baseline_rolling_mean,0.7824657534246576,0.0,0.7824657534246576,1.0,1.3333333333333333,9.767441860465116,15.0,0.0,0
store_0004,sku_00148,Pet,baseline_seasonal_naive,1.3376438356164384,0.0,1.3376438356164384,1.0,0.7799442896935933,16.69767441860465,25.642857142857142,0.0,0
store_0004,sku_00148,Pet,ML_95,0.6259726027397262,0.0,0.6259726027397262,1.0,1.6666666666666667,7.813953488372093,12.0,0.0,0
store_0004,sku_00148,Pet,ML_99,0.6259726027397262,0.0,0.6259726027397262,1.0,1.6666666666666667,7.813953488372093,12.0,0.0,0
store_0004,sku_00149,Home,baseline_rolling_mean,3.7388150684931505,0.0,3.7388150684931505,1.0,0.8275862068965517,10.972972972972974,14.5,0.0,0
store_0004,sku_00149,Home,baseline_seasonal_naive,9.264157534246577,0.0,9.264157534246577,1.0,0.33399602385685884,27.189189189189193,35.92857142857143,0.0,0
store_0004,sku_00149,Home,ML_95,3.3520410958904114,0.0,3.3520410958904114,1.0,0.9230769230769231,9.837837837837839,13.0,0.0,0
store_0004,sku_00149,Home,ML_99,3.3520410958904114,0.0,3.3520410958904114,1.0,0.9230769230769231,9.837837837837839,13.0,0.0,0
store_0004,sku_00150,Pet,baseline_rolling_mean,1.0153287671232876,0.0,1.0153287671232876,1.0,1.180722891566265,14.434782608695654,11.857142857142858,0.0,0
store_0004,sku_00150,Pet,baseline_seasonal_naive,1.914445205479452,0.0,1.914445205479452,1.0,0.6261980830670927,27.217391304347828,22.357142857142858,0.0,0
store_0004,sku_00150,Pet,ML_95,0.4098013698630137,16.073999999999998,16.483801369863013,0.8571428571428572,2.925373134328358,5.826086956521739,4.785714285714286,2.0,1
store_0004,sku_00150,Pet,ML_99,0.4098013698630137,16.073999999999998,16.483801369863013,0.8571428571428572,2.925373134328358,5.826086956521739,4.785714285714286,2.0,1
store_0004,sku_00151,Household,baseline_rolling_mean,0.6922260273972602,0.0,0.6922260273972602,1.0,1.4482758620689655,10.357142857142858,10.357142857142858,0.0,0
store_0004,sku_00151,Household,baseline_seasonal_naive,1.0741438356164381,0.0,1.0741438356164381,1.0,0.9333333333333332,16.071428571428573,16.071428571428573,0.0,0
store_0004,sku_00151,Household,ML_95,0.5633287671232876,0.0,0.5633287671232876,1.0,1.7796610169491525,8.428571428571429,8.428571428571429,0.0,0
store_0004,sku_00151,Household,ML_99,0.5633287671232876,0.0,0.5633287671232876,1.0,1.7796610169491525,8.428571428571429,8.428571428571429,0.0,0
store_0004,sku_00152,Meat,baseline_rolling_mean,0.9934520547945204,0.0,0.9934520547945204,1.0,0.9074074074074074,10.285714285714286,7.714285714285714,0.0,0
store_0004,sku_00152,Meat,baseline_seasonal_naive,1.646554794520548,0.0,1.646554794520548,1.0,0.547486033519553,17.047619047619047,12.785714285714286,0.0,0
store_0004,sku_00152,Meat,ML_95,0.9934520547945204,0.0,0.9934520547945204,1.0,0.9074074074074074,10.285714285714286,7.714285714285714,0.0,0
store_0004,sku_00152,Meat,ML_99,0.9934520547945204,0.0,0.9934520547945204,1.0,0.9074074074074074,10.285714285714286,7.714285714285714,0.0,0
store_0004,sku_00153,Beauty,baseline_rolling_mean,0.5018082191780823,0.0,0.5018082191780823,1.0,0.5526315789473684,13.818181818181818,5.428571428571429,0.0,0
store_0004,sku_00153,Beauty,baseline_seasonal_naive,0.9243835616438358,0.0,0.9243835616438358,1.0,0.3,25.454545454545457,10.0,0.0,0
store_0004,sku_00153,Beauty,ML_95,0.4093698630136987,0.0,0.4093698630136987,1.0,0.6774193548387096,11.272727272727273,4.428571428571429,0.0,0
store_0004,sku_00153,Beauty,ML_99,0.4093698630136987,0.0,0.4093698630136987,1.0,0.6774193548387096,11.272727272727273,4.428571428571429,0.0,0
store_0004,sku_00154,Frozen,baseline_rolling_mean,0.9350547945205478,0.0,0.9350547945205478,1.0,0.9180327868852459,10.925373134328359,26.142857142857142,0.0,0
store_0004,sku_00154,Frozen,baseline_seasonal_naive,1.2671780821917806,0.0,1.2671780821917806,1.0,0.6774193548387096,14.805970149253733,35.42857142857143,0.0,0
store_0004,sku_00154,Frozen,ML_95,0.7766575342465754,0.0,0.7766575342465754,1.0,1.1052631578947367,9.074626865671643,21.714285714285715,0.0,0
store_0004,sku_00154,Frozen,ML_99,0.7766575342465754,0.0,0.7766575342465754,1.0,1.1052631578947367,9.074626865671643,21.714285714285715,0.0,0
store_0004,sku_00155,Health,baseline_rolling_mean,0.03864383561643836,0.0,0.03864383561643836,1.0,0.0,14.0,1.0,0.0,0
store_0004,sku_00155,Health,baseline_seasonal_naive,0.03864383561643836,0.0,0.03864383561643836,1.0,0.0,14.0,1.0,0.0,0
store_0004,sku_00155,Health,ML_95,0.03864383561643836,0.0,0.03864383561643836,1.0,0.0,14.0,1.0,0.0,0
store_0004,sku_00155,Health,ML_99,0.03864383561643836,0.0,0.03864383561643836,1.0,0.0,14.0,1.0,0.0,0
store_0004,sku_00156,Home,baseline_rolling_mean,3.0633972602739723,0.0,3.0633972602739723,1.0,1.2297297297297298,8.705882352941178,10.571428571428571,0.0,0
store_0004,sku_00156,Home,baseline_seasonal_naive,4.160424657534246,0.0,4.160424657534246,1.0,0.9054726368159204,11.823529411764707,14.357142857142858,0.0,0
store_0004,sku_00156,Home,ML_95,2.8978082191780814,0.0,2.8978082191780814,1.0,1.3,8.23529411764706,10.0,0.0,0
store_0004,sku_00156,Home,ML_99,2.8978082191780814,0.0,2.8978082191780814,1.0,1.3,8.23529411764706,10.0,0.0,0
store_0004,sku_00157,Apparel,baseline_rolling_mean,1.0187671232876712,6.66,7.678767123287671,0.9696969696969697,2.298507462686567,7.444444444444445,14.357142857142858,1.0,1
store_0004,sku_00157,Apparel,baseline_seasonal_naive,1.3330136986301369,0.0,1.3330136986301369,1.0,1.7566539923954374,9.74074074074074,18.785714285714285,0.0,0
store_0004,sku_00157,Apparel,ML_95,1.5560273972602738,13.32,14.876027397260273,0.9393939393939394,1.504885993485342,11.37037037037037,21.928571428571427,2.0,1
store_0004,sku_00157,Apparel,ML_99,1.5560273972602738,13.32,14.876027397260273,0.9393939393939394,1.504885993485342,11.37037037037037,21.928571428571427,2.0,1
store_0004,sku_00158,Apparel,baseline_rolling_mean,0.4483698630136987,0.0,0.4483698630136987,1.0,0.6901408450704226,10.518518518518517,10.142857142857142,0.0,0
store_0004,sku_00158,Apparel,baseline_seasonal_naive,0.8904246575342466,0.0,0.8904246575342466,1.0,0.3475177304964539,20.88888888888889,20.142857142857142,0.0,0
store_0004,sku_00158,Apparel,ML_95,0.4325821917808218,0.0,0.4325821917808218,1.0,0.7153284671532846,10.148148148148149,9.785714285714286,0.0,0
store_0004,sku_00158,Apparel,ML_99,0.4325821917808218,0.0,0.4325821917808218,1.0,0.7153284671532846,10.148148148148149,9.785714285714286,0.0,0
store_0004,sku_00159,Beauty,baseline_rolling_mean,0.3359041095890411,0.0,0.3359041095890411,1.0,0.22580645161290322,17.714285714285715,4.428571428571429,0.0,0
store_0004,sku_00159,Beauty,baseline_seasonal_naive,0.7314041095890411,0.0,0.7314041095890411,1.0,0.10370370370370371,38.57142857142857,9.642857142857142,0.0,0
store_0004,sku_00159,Beauty,ML_95,0.24380136986301365,0.0,0.24380136986301365,1.0,0.3111111111111111,12.857142857142858,3.2142857142857144,0.0,0
store_0004,sku_00159,Beauty,ML_99,0.24380136986301365,0.0,0.24380136986301365,1.0,0.3111111111111111,12.857142857142858,3.2142857142857144,0.0,0
store_0004,sku_00160,Bakery,baseline_rolling_mean,0.700027397260274,0.0,0.700027397260274,1.0,3.441176470588235,6.6573426573426575,5.230769230769231,0.0,0
store_0004,sku_00160,Bakery,baseline_seasonal_naive,0.9985684931506847,0.0,0.9985684931506847,1.0,2.4123711340206184,9.496503496503497,7.461538461538462,0.0,0
store_0004,sku_00160,Bakery,ML_95,1.3691712328767123,0.0,1.3691712328767123,1.0,1.7593984962406017,13.02097902097902,10.23076923076923,0.0,0
store_0004,sku_00160,Bakery,ML_99,1.3691712328767123,0.0,1.3691712328767123,1.0,1.7593984962406017,13.02097902097902,10.23076923076923,0.0,0
store_0004,sku_00161,Dairy,baseline_rolling_mean,9.404020547945207,0.0,9.404020547945207,1.0,1.0743801652892562,9.01063829787234,60.5,0.0,0
store_0004,sku_00161,Dairy,baseline_seasonal_naive,10.23672602739726,0.0,10.23672602739726,1.0,0.9869848156182212,9.808510638297873,65.85714285714286,0.0,0
store_0004,sku_00161,Dairy,ML_95,9.404020547945207,0.0,9.404020547945207,1.0,1.0743801652892562,9.01063829787234,60.5,0.0,0
store_0004,sku_00161,Dairy,ML_99,9.404020547945207,0.0,9.404020547945207,1.0,1.0743801652892562,9.01063829787234,60.5,0.0,0
store_0004,sku_00162,Health,baseline_rolling_mean,0.7018150684931506,0.0,0.7018150684931506,1.0,0.9407114624505928,10.326530612244898,18.071428571428573,0.0,0
store_0004,sku_00162,Health,baseline_seasonal_naive,0.9847602739726025,0.0,0.9847602739726025,1.0,0.6704225352112676,14.489795918367347,25.357142857142858,0.0,0
store_0004,sku_00162,Health,ML_95,0.7018150684931506,0.0,0.7018150684931506,1.0,0.9407114624505928,10.326530612244898,18.071428571428573,0.0,0
store_0004,sku_00162,Health,ML_99,0.7018150684931506,0.0,0.7018150684931506,1.0,0.9407114624505928,10.326530612244898,18.071428571428573,0.0,0
store_0004,sku_00163,Produce,baseline_rolling_mean,2.9869999999999997,0.0,2.9869999999999997,1.0,1.6310679611650487,8.76595744680851,14.714285714285714,0.0,0
store_0004,sku_00163,Produce,baseline_seasonal_naive,5.0895,0.0,5.0895,1.0,0.9572649572649572,14.936170212765958,25.071428571428573,0.0,0
store_0004,sku_00163,Produce,ML_95,2.1895,0.0,2.1895,1.0,2.225165562913907,6.425531914893617,10.785714285714286,0.0,0
store_0004,sku_00163,Produce,ML_99,2.1895,0.0,2.1895,1.0,2.225165562913907,6.425531914893617,10.785714285714286,0.0,0
store_0004,sku_00164,Health,baseline_rolling_mean,2.6609589041095894,0.0,2.6609589041095894,1.0,1.5333333333333334,9.170305676855895,75.0,0.0,0
store_0004,sku_00164,Health,baseline_seasonal_naive,3.3933561643835612,0.0,3.3933561643835612,1.0,1.2023898431665423,11.694323144104803,95.64285714285714,0.0,0
store_0004,sku_00164,Health,ML_95,1.83986301369863,0.0,1.83986301369863,1.0,2.2176308539944904,6.34061135371179,51.857142857142854,0.0,0
store_0004,sku_00164,Health,ML_99,1.83986301369863,0.0,1.83986301369863,1.0,2.2176308539944904,6.34061135371179,51.857142857142854,0.0,0
store_0004,sku_00165,Bakery,baseline_rolling_mean,0.7524657534246575,0.0,0.7524657534246575,1.0,2.566666666666667,6.666666666666666,4.285714285714286,0.0,0
store_0004,sku_00165,Bakery,baseline_seasonal_naive,0.7524657534246577,0.0,0.7524657534246577,1.0,2.566666666666667,6.666666666666666,4.285714285714286,0.0,0
store_0004,sku_00165,Bakery,ML_95,1.9564109589041094,0.0,1.9564109589041094,1.0,0.9871794871794872,17.333333333333332,11.142857142857142,0.0,0
store_0004,sku_00165,Bakery,ML_99,1.9564109589041094,0.0,1.9564109589041094,1.0,0.9871794871794872,17.333333333333332,11.142857142857142,0.0,0
store_0004,sku_00166,Beauty,baseline_rolling_mean,0.12130136986301371,28.98,29.101301369863013,0.6,6.363636363636364,5.5,0.7857142857142857,2.0,2
store_0004,sku_00166,Beauty,baseline_seasonal_naive,0.9483561643835617,0.0,0.9483561643835617,1.0,0.813953488372093,43.00000000000001,6.142857142857143,0.0,0
store_0004,sku_00166,Beauty,ML_95,0.1543835616438356,0.0,0.1543835616438356,1.0,5.0,7.0,1.0,0.0,0
store_0004,sku_00166,Beauty,ML_99,0.1543835616438356,0.0,0.1543835616438356,1.0,5.0,7.0,1.0,0.0,0
store_0004,sku_00167,Garden,baseline_rolling_mean,0.8561643835616437,0.0,0.8561643835616437,1.0,2.4499999999999997,8.0,2.857142857142857,0.0,0
store_0004,sku_00167,Garden,baseline_seasonal_naive,2.1832191780821915,0.0,2.1832191780821915,1.0,0.9607843137254902,20.4,7.285714285714286,0.0,0
store_0004,sku_00167,Garden,ML_95,1.2200342465753422,0.0,1.2200342465753422,1.0,1.719298245614035,11.399999999999999,4.071428571428571,0.0,0
store_0004,sku_00167,Garden,ML_99,1.2200342465753422,0.0,1.2200342465753422,1.0,1.719298245614035,11.399999999999999,4.071428571428571,0.0,0
store_0004,sku_00168,Pet,baseline_rolling_mean,0.6506575342465752,0.0,0.6506575342465752,1.0,1.4224598930481283,9.842105263157894,13.357142857142858,0.0,0
store_0004,sku_00168,Pet,baseline_seasonal_naive,0.8315890410958904,0.0,0.8315890410958904,1.0,1.112970711297071,12.578947368421053,17.071428571428573,0.0,0
store_0004,sku_00168,Pet,ML_95,0.4349315068493151,0.0,0.4349315068493151,1.0,2.128,6.578947368421052,8.928571428571429,0.0,0
store_0004,sku_00168,Pet,ML_99,0.4349315068493151,0.0,0.4349315068493151,1.0,2.128,6.578947368421052,8.928571428571429,0.0,0
store_0004,sku_00169,Home,baseline_rolling_mean,2.5829589041095886,0.0,2.5829589041095886,1.0,2.394736842105263,8.0,10.857142857142858,0.0,0
store_0004,sku_00169,Home,baseline_seasonal_naive,2.93981506849315,22.329,25.26881506849315,0.9615384615384616,2.1040462427745665,9.105263157894736,12.357142857142858,1.0,1
store_0004,sku_00169,Home,ML_95,5.18291095890411,0.0,5.18291095890411,1.0,1.1934426229508197,16.052631578947366,21.785714285714285,0.0,0
store_0004,sku_00169,Home,ML_99,5.18291095890411,0.0,5.18291095890411,1.0,1.1934426229508197,16.052631578947366,21.785714285714285,0.0,0
store_0004,sku_00170,Pet,baseline_rolling_mean,0.0627123287671233,5.886,5.948712328767123,0.6666666666666667,3.0,7.0,1.0,1.0,1
store_0004,sku_00170,Pet,baseline_seasonal_naive,0.0627123287671233,5.886,5.948712328767123,0.6666666666666667,3.0,7.0,1.0,1.0,1
store_0004,sku_00170,Pet,ML_95,0.18813698630136982,0.0,0.18813698630136982,1.0,1.0,21.0,3.0,0.0,0
store_0004,sku_00170,Pet,ML_99,0.18813698630136982,0.0,0.18813698630136982,1.0,1.0,21.0,3.0,0.0,0
store_0004,sku_00171,Beverages,baseline_rolling_mean,0.6663767123287669,0.0,0.6663767123287669,1.0,1.1864406779661016,9.833333333333334,4.214285714285714,0.0,0
store_0004,sku_00171,Beverages,baseline_seasonal_naive,1.1407465753424657,0.0,1.1407465753424657,1.0,0.693069306930693,16.833333333333336,7.214285714285714,0.0,0
store_0004,sku_00171,Beverages,ML_95,0.5647260273972602,0.0,0.5647260273972602,1.0,1.4,8.333333333333334,3.5714285714285716,0.0,0
store_0004,sku_00171,Beverages,ML_99,0.5647260273972602,0.0,0.5647260273972602,1.0,1.4,8.333333333333334,3.5714285714285716,0.0,0
store_0004,sku_00172,Office,baseline_rolling_mean,0.7933150684931506,0.0,0.7933150684931506,1.0,1.5964912280701755,9.5,8.142857142857142,0.0,0
store_0004,sku_00172,Office,baseline_seasonal_naive,0.65413698630137,0.0,0.65413698630137,1.0,1.9361702127659575,7.833333333333334,6.714285714285714,0.0,0
store_0004,sku_00172,Office,ML_95,0.6541369863013698,0.0,0.6541369863013698,1.0,1.9361702127659575,7.833333333333334,6.714285714285714,0.0,0
store_0004,sku_00172,Office,ML_99,0.6541369863013698,0.0,0.6541369863013698,1.0,1.9361702127659575,7.833333333333334,6.714285714285714,0.0,0
store_0004,sku_00173,Bakery,baseline_rolling_mean,2.57972602739726,0.0,2.57972602739726,1.0,1.4000000000000001,8.799999999999999,15.714285714285714,0.0,0
store_0004,sku_00173,Bakery,baseline_seasonal_naive,2.8259726027397263,0.0,2.8259726027397263,1.0,1.2780082987551866,9.64,17.214285714285715,0.0,0
store_0004,sku_00173,Bakery,ML_95,2.216219178082192,0.0,2.216219178082192,1.0,1.6296296296296295,7.56,13.5,0.0,0
store_0004,sku_00173,Bakery,ML_99,2.216219178082192,0.0,2.216219178082192,1.0,1.6296296296296295,7.56,13.5,0.0,0
store_0004,sku_00174,Beverages,baseline_rolling_mean,1.315945205479452,0.0,1.315945205479452,1.0,1.0632911392405062,11.703703703703704,11.285714285714286,0.0,0
store_0004,sku_00174,Beverages,baseline_seasonal_naive,1.390904109589041,0.0,1.390904109589041,1.0,1.0059880239520957,12.37037037037037,11.928571428571429,0.0,0
store_0004,sku_00174,Beverages,ML_95,0.7079452054794519,0.0,0.7079452054794519,1.0,1.9764705882352942,6.296296296296296,6.071428571428571,0.0,0
store_0004,sku_00174,Beverages,ML_99,0.7079452054794519,0.0,0.7079452054794519,1.0,1.9764705882352942,6.296296296296296,6.071428571428571,0.0,0
store_0004,sku_00175,Office,baseline_rolling_mean,1.5191506849315068,0.0,1.5191506849315068,1.0,1.1089108910891088,14.428571428571429,14.428571428571429,0.0,0
store_0004,sku_00175,Office,baseline_seasonal_naive,2.451698630136986,0.0,2.451698630136986,1.0,0.6871165644171779,23.285714285714285,23.285714285714285,0.0,0
store_0004,sku_00175,Office,ML_95,0.7971780821917808,0.0,0.7971780821917808,1.0,2.1132075471698113,7.571428571428571,7.571428571428571,0.0,0
store_0004,sku_00175,Office,ML_99,0.7971780821917808,0.0,0.7971780821917808,1.0,2.1132075471698113,7.571428571428571,7.571428571428571,0.0,0
store_0004,sku_00176,Beverages,baseline_rolling_mean,0.8264999999999999,0.0,0.8264999999999999,1.0,1.1506849315068493,10.428571428571429,5.214285714285714,0.0,0
store_0004,sku_00176,Beverages,baseline_seasonal_naive,1.6756438356164383,0.0,1.6756438356164383,1.0,0.5675675675675675,21.142857142857142,10.571428571428571,0.0,0
store_0004,sku_00176,Beverages,ML_95,0.55477397260274,0.0,0.55477397260274,1.0,1.7142857142857142,7.0,3.5,0.0,0
store_0004,sku_00176,Beverages,ML_99,0.55477397260274,0.0,0.55477397260274,1.0,1.7142857142857142,7.0,3.5,0.0,0
store_0004,sku_00177,Seasonal,baseline_rolling_mean,3.0883904109589038,0.0,3.0883904109589038,1.0,1.1076923076923078,8.83495145631068,32.5,0.0,0
store_0004,sku_00177,Seasonal,baseline_seasonal_naive,3.5567397260273967,0.0,3.5567397260273967,1.0,0.9618320610687022,10.174757281553399,37.42857142857143,0.0,0
store_0004,sku_00177,Seasonal,ML_95,3.0883904109589038,0.0,3.0883904109589038,1.0,1.1076923076923078,8.83495145631068,32.5,0.0,0
store_0004,sku_00177,Seasonal,ML_99,3.0883904109589038,0.0,3.0883904109589038,1.0,1.1076923076923078,8.83495145631068,32.5,0.0,0
store_0004,sku_00178,Office,baseline_rolling_mean,1.242945205479452,0.0,1.242945205479452,1.0,1.582608695652174,8.070175438596491,16.428571428571427,0.0,0
store_0004,sku_00178,Office,baseline_seasonal_naive,2.015732876712329,0.0,2.015732876712329,1.0,0.9758713136729222,13.087719298245615,26.642857142857142,0.0,0
store_0004,sku_00178,Office,ML_95,1.1835,0.0,1.1835,1.0,1.6621004566210047,7.684210526315789,15.642857142857142,0.0,0
store_0004,sku_00178,Office,ML_99,1.1835,0.0,1.1835,1.0,1.6621004566210047,7.684210526315789,15.642857142857142,0.0,0
store_0004,sku_00179,Household,baseline_rolling_mean,0.6271712328767124,0.0,0.6271712328767124,1.0,1.5433070866141734,10.159999999999998,9.071428571428571,0.0,0
store_0004,sku_00179,Household,baseline_seasonal_naive,0.7703835616438357,0.0,0.7703835616438357,1.0,1.2564102564102564,12.479999999999999,11.142857142857142,0.0,0
store_0004,sku_00179,Household,ML_95,0.6617397260273974,0.0,0.6617397260273974,1.0,1.462686567164179,10.719999999999999,9.571428571428571,0.0,0
store_0004,sku_00179,Household,ML_99,0.6617397260273974,0.0,0.6617397260273974,1.0,1.462686567164179,10.719999999999999,9.571428571428571,0.0,0
store_0004,sku_00180,Seasonal,baseline_rolling_mean,2.820253424657534,0.0,2.820253424657534,1.0,0.8577680525164113,10.505747126436782,32.642857142857146,0.0,0
store_0004,sku_00180,Seasonal,baseline_seasonal_naive,3.857020547945205,0.0,3.857020547945205,1.0,0.6272,14.367816091954024,44.642857142857146,0.0,0
store_0004,sku_00180,Seasonal,ML_95,2.3018698630136987,0.0,2.3018698630136987,1.0,1.0509383378016086,8.574712643678161,26.642857142857142,0.0,0
store_0004,sku_00180,Seasonal,ML_99,2.3018698630136987,0.0,2.3018698630136987,1.0,1.0509383378016086,8.574712643678161,26.642857142857142,0.0,0
store_0004,sku_00181,Beverages,baseline_rolling_mean,0.10394520547945207,0.0,0.10394520547945207,1.0,0.0,28.0,1.0,0.0,0
store_0004,sku_00181,Beverages,baseline_seasonal_naive,0.10394520547945207,0.0,0.10394520547945207,1.0,0.0,28.0,1.0,0.0,0
store_0004,sku_00181,Beverages,ML_95,0.10394520547945207,0.0,0.10394520547945207,1.0,0.0,28.0,1.0,0.0,0
store_0004,sku_00181,Beverages,ML_99,0.10394520547945207,0.0,0.10394520547945207,1.0,0.0,28.0,1.0,0.0,0
store_0004,sku_00182,Dairy,baseline_rolling_mean,8.077239726027397,0.0,8.077239726027397,1.0,1.5705996131528046,8.141732283464568,36.92857142857143,0.0,0
store_0004,sku_00182,Dairy,baseline_seasonal_naive,9.952034246575343,0.0,9.952034246575343,1.0,1.2747252747252746,10.031496062992126,45.5,0.0,0
store_0004,sku_00182,Dairy,ML_95,7.889760273972603,0.0,7.889760273972603,1.0,1.607920792079208,7.952755905511811,36.07142857142857,0.0,0
store_0004,sku_00182,Dairy,ML_99,7.889760273972603,0.0,7.889760273972603,1.0,1.607920792079208,7.952755905511811,36.07142857142857,0.0,0
store_0004,sku_00183,Dairy,baseline_rolling_mean,2.889561643835616,0.0,2.889561643835616,1.0,2.1538461538461537,8.372881355932202,17.642857142857142,0.0,0
store_0004,sku_00183,Dairy,baseline_seasonal_naive,4.117917808219178,0.0,4.117917808219178,1.0,1.5113636363636365,11.932203389830509,25.142857142857142,0.0,0
store_0004,sku_00183,Dairy,ML_95,2.9012602739726026,46.116,49.0172602739726,0.9210526315789473,2.1451612903225805,8.40677966101695,17.714285714285715,3.0,1
store_0004,sku_00183,Dairy,ML_99,2.9012602739726026,46.116,49.0172602739726,0.9210526315789473,2.1451612903225805,8.40677966101695,17.714285714285715,3.0,1
store_0004,sku_00184,Household,baseline_rolling_mean,0.6554726027397261,0.0,0.6554726027397261,1.0,1.3493975903614457,8.3,5.928571428571429,0.0,0
store_0004,sku_00184,Household,baseline_seasonal_naive,1.5241712328767123,0.0,1.5241712328767123,1.0,0.5803108808290155,19.3,13.785714285714286,0.0,0
store_0004,sku_00184,Household,ML_95,0.6396780821917808,0.0,0.6396780821917808,1.0,1.382716049382716,8.1,5.785714285714286,0.0,0
store_0004,sku_00184,Household,ML_99,0.6396780821917808,0.0,0.6396780821917808,1.0,1.382716049382716,8.1,5.785714285714286,0.0,0
store_0004,sku_00185,Garden,baseline_rolling_mean,15.396061643835612,0.0,15.396061643835612,1.0,1.2292682926829268,8.601398601398602,43.92857142857143,0.0,0
store_0004,sku_00185,Garden,baseline_seasonal_naive,16.29729452054794,0.0,16.29729452054794,1.0,1.1612903225806452,9.104895104895105,46.5,0.0,0
store_0004,sku_00185,Garden,ML_95,14.14434931506849,0.0,14.14434931506849,1.0,1.3380530973451328,7.9020979020979025,40.357142857142854,0.0,0
store_0004,sku_00185,Garden,ML_99,14.14434931506849,0.0,14.14434931506849,1.0,1.3380530973451328,7.9020979020979025,40.357142857142854,0.0,0
store_0004,sku_00186,Produce,baseline_rolling_mean,3.88818493150685,0.0,3.88818493150685,1.0,1.2444444444444442,8.823529411764707,16.071428571428573,0.0,0
store_0004,sku_00186,Produce,baseline_seasonal_naive,9.106993150684932,0.0,9.106993150684932,1.0,0.5313092979127134,20.666666666666668,37.642857142857146,0.0,0
store_0004,sku_00186,Produce,ML_95,3.784500000000001,0.0,3.784500000000001,1.0,1.2785388127853883,8.588235294117647,15.642857142857142,0.0,0
store_0004,sku_00186,Produce,ML_99,3.784500000000001,0.0,3.784500000000001,1.0,1.2785388127853883,8.588235294117647,15.642857142857142,0.0,0
store_0004,sku_00187,Pet,baseline_rolling_mean,0.7317260273972602,0.0,0.7317260273972602,1.0,2.147727272727273,8.380952380952381,12.571428571428571,0.0,0
store_0004,sku_00187,Pet,baseline_seasonal_naive,1.600650684931507,0.0,1.600650684931507,1.0,0.9818181818181818,18.333333333333332,27.5,0.0,0
store_0004,sku_00187,Pet,ML_95,0.5778972602739727,5.463,6.040897260273972,0.962962962962963,2.7194244604316546,6.6190476190476195,9.928571428571429,1.0,1
store_0004,sku_00187,Pet,ML_99,0.5778972602739727,5.463,6.040897260273972,0.962962962962963,2.7194244604316546,6.6190476190476195,9.928571428571429,1.0,1
store_0004,sku_00188,Seasonal,baseline_rolling_mean,7.468698630136986,0.0,7.468698630136986,1.0,1.7865429234338748,7.628318584070796,30.785714285714285,0.0,0
store_0004,sku_00188,Seasonal,baseline_seasonal_naive,10.622534246575345,0.0,10.622534246575345,1.0,1.2561174551386622,10.849557522123893,43.785714285714285,0.0,0
store_0004,sku_00188,Seasonal,ML_95,7.13945205479452,0.0,7.13945205479452,1.0,1.8689320388349515,7.292035398230088,29.428571428571427,0.0,0
store_0004,sku_00188,Seasonal,ML_99,7.13945205479452,0.0,7.13945205479452,1.0,1.8689320388349515,7.292035398230088,29.428571428571427,0.0,0
store_0004,sku_00189,Frozen,baseline_rolling_mean,0.463931506849315,0.0,0.463931506849315,1.0,2.3661971830985915,7.282051282051282,10.142857142857142,0.0,0
store_0004,sku_00189,Frozen,baseline_seasonal_naive,0.7743082191780821,0.0,0.7743082191780821,1.0,1.417721518987342,12.153846153846153,16.928571428571427,0.0,0
store_0004,sku_00189,Frozen,ML_95,0.5586780821917808,0.0,0.5586780821917808,1.0,1.9649122807017545,8.769230769230768,12.214285714285714,0.0,0
store_0004,sku_00189,Frozen,ML_99,0.5586780821917808,0.0,0.5586780821917808,1.0,1.9649122807017545,8.769230769230768,12.214285714285714,0.0,0
store_0004,sku_00190,Seasonal,baseline_rolling_mean,3.425,0.0,3.425,1.0,1.6876712328767123,7.68421052631579,26.071428571428573,0.0,0
store_0004,sku_00190,Seasonal,baseline_seasonal_naive,5.648904109589041,0.0,5.648904109589041,1.0,1.0232558139534884,12.673684210526316,43.0,0.0,0
store_0004,sku_00190,Seasonal,ML_95,3.2842465753424657,0.0,3.2842465753424657,1.0,1.76,7.368421052631579,25.0,0.0,0
store_0004,sku_00190,Seasonal,ML_99,3.2842465753424657,0.0,3.2842465753424657,1.0,1.76,7.368421052631579,25.0,0.0,0
store_0004,sku_00191,Health,baseline_rolling_mean,0.35578082191780813,0.0,0.35578082191780813,1.0,2.441860465116279,7.020408163265307,12.285714285714286,0.0,0
store_0004,sku_00191,Health,baseline_seasonal_naive,0.43645205479452054,0.0,0.43645205479452054,1.0,1.9905213270142181,8.612244897959183,15.071428571428571,0.0,0
store_0004,sku_00191,Health,ML_95,0.5067808219178082,2.718,3.224780821917808,0.9666666666666667,1.7142857142857142,10.0,17.5,1.0,1
store_0004,sku_00191,Health,ML_99,0.5067808219178082,2.718,3.224780821917808,0.9666666666666667,1.7142857142857142,10.0,17.5,1.0,1
store_0004,sku_00192,Toys,baseline_rolling_mean,2.131150684931507,0.0,2.131150684931507,1.0,1.2014925373134329,9.084745762711863,19.142857142857142,0.0,0
store_0004,sku_00192,Toys,baseline_seasonal_naive,2.5844178082191784,0.0,2.5844178082191784,1.0,0.9907692307692307,11.016949152542374,23.214285714285715,0.0,0
store_0004,sku_00192,Toys,ML_95,2.011869863013699,0.0,2.011869863013699,1.0,1.2727272727272727,8.576271186440678,18.071428571428573,0.0,0
store_0004,sku_00192,Toys,ML_99,2.011869863013699,0.0,2.011869863013699,1.0,1.2727272727272727,8.576271186440678,18.071428571428573,0.0,0
store_0004,sku_00193,Electronics,baseline_rolling_mean,2.0136027397260268,0.0,2.0136027397260268,1.0,2.1818181818181817,6.844444444444444,11.0,0.0,0
store_0004,sku_00193,Electronics,baseline_seasonal_naive,2.1051301369863005,0.0,2.1051301369863005,1.0,2.0869565217391304,7.155555555555555,11.5,0.0,0
store_0004,sku_00193,Electronics,ML_95,2.5235410958904105,17.180999999999997,19.70454109589041,0.9583333333333334,1.7409326424870466,8.577777777777778,13.785714285714286,1.0,1
store_0004,sku_00193,Electronics,ML_99,2.5235410958904105,17.180999999999997,19.70454109589041,0.9583333333333334,1.7409326424870466,8.577777777777778,13.785714285714286,1.0,1
store_0004,sku_00194,Baby,baseline_rolling_mean,0.057328767123287674,8.370000000000001,8.427328767123289,0.5,3.1111111111111107,9.000000000000002,1.2857142857142858,2.0,1
store_0004,sku_00194,Baby,baseline_seasonal_naive,0.14650684931506852,8.370000000000001,8.51650684931507,0.5,1.2173913043478262,23.0,3.2857142857142856,2.0,1
store_0004,sku_00194,Baby,ML_95,0.07962328767123288,0.0,0.07962328767123288,1.0,2.2399999999999998,12.500000000000002,1.7857142857142858,0.0,0
store_0004,sku_00194,Baby,ML_99,0.07962328767123288,0.0,0.07962328767123288,1.0,2.2399999999999998,12.500000000000002,1.7857142857142858,0.0,0
store_0004,sku_00195,Meat,baseline_rolling_mean,4.743287671232877,0.0,4.743287671232877,1.0,2.3655172413793104,7.341772151898734,20.714285714285715,0.0,0
store_0004,sku_00195,Meat,baseline_seasonal_naive,7.294849315068493,0.0,7.294849315068493,1.0,1.5381165919282511,11.291139240506329,31.857142857142858,0.0,0
store_0004,sku_00195,Meat,ML_95,5.1521917808219175,0.0,5.1521917808219175,1.0,2.1777777777777776,7.974683544303797,22.5,0.0,0
store_0004,sku_00195,Meat,ML_99,5.1521917808219175,0.0,5.1521917808219175,1.0,2.1777777777777776,7.974683544303797,22.5,0.0,0
store_0004,sku_00196,Pet,baseline_rolling_mean,0.5896301369863014,0.0,0.5896301369863014,1.0,2.7209302325581395,7.409230769230768,6.615384615384615,0.0,0
store_0004,sku_00196,Pet,baseline_seasonal_naive,1.3026712328767123,0.0,1.3026712328767123,1.0,1.231578947368421,16.369230769230768,14.615384615384615,0.0,0
store_0004,sku_00196,Pet,ML_95,0.6170547945205479,9.008999999999999,9.626054794520547,0.9444444444444444,2.6,7.753846153846154,6.923076923076923,1.0,1
store_0004,sku_00196,Pet,ML_99,0.6170547945205479,9.008999999999999,9.626054794520547,0.9444444444444444,2.6,7.753846153846154,6.923076923076923,1.0,1
store_0004,sku_00197,Automotive,baseline_rolling_mean,0.18752739726027393,0.0,0.18752739726027393,1.0,1.1755725190839694,9.703703703703704,9.357142857142858,0.0,0
store_0004,sku_00197,Automotive,baseline_seasonal_naive,0.20041095890410954,0.0,0.20041095890410954,1.0,1.1,10.37037037037037,10.0,0.0,0
store_0004,sku_00197,Automotive,ML_95,0.18752739726027393,0.0,0.18752739726027393,1.0,1.1755725190839694,9.703703703703704,9.357142857142858,0.0,0
store_0004,sku_00197,Automotive,ML_99,0.18752739726027393,0.0,0.18752739726027393,1.0,1.1755725190839694,9.703703703703704,9.357142857142858,0.0,0
store_0004,sku_00198,Grocery,baseline_rolling_mean,1.7260479452054796,0.0,1.7260479452054796,1.0,2.431137724550898,8.564102564102564,11.928571428571429,0.0,0
store_0004,sku_00198,Grocery,baseline_seasonal_naive,2.377191780821918,0.0,2.377191780821918,1.0,1.765217391304348,11.794871794871794,16.428571428571427,0.0,0
store_0004,sku_00198,Grocery,ML_95,1.4263150684931507,0.0,1.4263150684931507,1.0,2.942028985507246,7.0769230769230775,9.857142857142858,0.0,0
store_0004,sku_00198,Grocery,ML_99,1.4263150684931507,0.0,1.4263150684931507,1.0,2.942028985507246,7.0769230769230775,9.857142857142858,0.0,0
store_0004,sku_00199,Office,baseline_rolling_mean,1.4055890410958907,0.0,1.4055890410958907,1.0,1.15702479338843,13.828571428571427,17.285714285714285,0.0,0
store_0004,sku_00199,Office,baseline_seasonal_naive,2.021260273972603,0.0,2.021260273972603,1.0,0.8045977011494253,19.885714285714286,24.857142857142858,0.0,0
store_0004,sku_00199,Office,ML_95,0.7027945205479452,7.632,8.334794520547945,0.95,2.31404958677686,6.914285714285714,8.642857142857142,1.0,1
store_0004,sku_00199,Office,ML_99,0.7027945205479452,7.632,8.334794520547945,0.95,2.31404958677686,6.914285714285714,8.642857142857142,1.0,1
store_0004,sku_00200,Pet,baseline_rolling_mean,1.1412054794520547,0.0,1.1412054794520547,1.0,0.9491525423728814,12.756756756756758,16.857142857142858,0.0,0
store_0004,sku_00200,Pet,baseline_seasonal_naive,1.6054246575342463,0.0,1.6054246575342463,1.0,0.6746987951807228,17.945945945945947,23.714285714285715,0.0,0
store_0004,sku_00200,Pet,ML_95,0.5899452054794521,0.0,0.5899452054794521,1.0,1.836065573770492,6.594594594594594,8.714285714285714,0.0,0
store_0004,sku_00200,Pet,ML_99,0.5899452054794521,0.0,0.5899452054794521,1.0,1.836065573770492,6.594594594594594,8.714285714285714,0.0,0
store_0005,sku_00001,Dairy,baseline_rolling_mean,1.0381849315068492,0.0,1.0381849315068492,1.0,2.986666666666667,7.499999999999999,5.357142857142857,0.0,0
store_0005,sku_00001,Dairy,baseline_seasonal_naive,1.7026232876712326,0.0,1.7026232876712326,1.0,1.8211382113821137,12.3,8.785714285714286,0.0,0
store_0005,sku_00001,Dairy,ML_95,1.4257739726027399,36.378,37.80377397260274,0.875,2.174757281553398,10.299999999999999,7.357142857142857,2.0,1
store_0005,sku_00001,Dairy,ML_99,1.4257739726027399,36.378,37.80377397260274,0.875,2.174757281553398,10.299999999999999,7.357142857142857,2.0,1
store_0005,sku_00002,Automotive,baseline_rolling_mean,0.284054794520548,0.0,0.284054794520548,1.0,1.4583333333333335,8.347826086956522,6.857142857142857,0.0,0
store_0005,sku_00002,Automotive,baseline_seasonal_naive,0.36394520547945214,0.0,0.36394520547945214,1.0,1.1382113821138211,10.695652173913045,8.785714285714286,0.0,0
store_0005,sku_00002,Automotive,ML_95,0.284054794520548,0.0,0.284054794520548,1.0,1.4583333333333335,8.347826086956522,6.857142857142857,0.0,0
store_0005,sku_00002,Automotive,ML_99,0.284054794520548,0.0,0.284054794520548,1.0,1.4583333333333335,8.347826086956522,6.857142857142857,0.0,0
store_0005,sku_00003,Toys,baseline_rolling_mean,1.6281643835616437,231.98400000000004,233.6121643835617,0.6326530612244898,4.132530120481928,8.097560975609756,11.857142857142858,18.0,5
store_0005,sku_00003,Toys,baseline_seasonal_naive,1.4614246575342467,231.98400000000004,233.4454246575343,0.6326530612244898,4.604026845637584,7.2682926829268295,10.642857142857142,18.0,5
store_0005,sku_00003,Toys,ML_95,3.0307397260273974,38.664,41.6947397260274,0.9387755102040817,2.220064724919094,15.07317073170732,22.071428571428573,3.0,2
store_0005,sku_00003,Toys,ML_99,3.0307397260273974,38.664,41.6947397260274,0.9387755102040817,2.220064724919094,15.07317073170732,22.071428571428573,3.0,2
store_0005,sku_00004,Beverages,baseline_rolling_mean,0.7098972602739728,0.0,0.7098972602739728,1.0,0.2947368421052632,12.666666666666666,6.785714285714286,0.0,0
store_0005,sku_00004,Beverages,baseline_seasonal_naive,1.7560616438356165,0.0,1.7560616438356165,1.0,0.11914893617021277,31.333333333333332,16.785714285714285,0.0,0
store_0005,sku_00004,Beverages,ML_95,0.7098972602739728,0.0,0.7098972602739728,1.0,0.2947368421052632,12.666666666666666,6.785714285714286,0.0,0
store_0005,sku_00004,Beverages,ML_99,0.7098972602739728,0.0,0.7098972602739728,1.0,0.2947368421052632,12.666666666666666,6.785714285714286,0.0,0
store_0005,sku_00005,Apparel,baseline_rolling_mean,0.2208904109589041,0.0,0.2208904109589041,1.0,1.627906976744186,10.11764705882353,6.142857142857143,0.0,0
store_0005,sku_00005,Apparel,baseline_seasonal_naive,0.27482876712328763,0.0,0.27482876712328763,1.0,1.308411214953271,12.588235294117649,7.642857142857143,0.0,0
store_0005,sku_00005,Apparel,ML_95,0.14640410958904104,0.0,0.14640410958904104,1.0,2.456140350877193,6.705882352941177,4.071428571428571,0.0,0
store_0005,sku_00005,Apparel,ML_99,0.14640410958904104,0.0,0.14640410958904104,1.0,2.456140350877193,6.705882352941177,4.071428571428571,0.0,0
store_0005,sku_00006,Meat,baseline_rolling_mean,2.4709315068493147,0.0,2.4709315068493147,1.0,0.42424242424242425,12.0,14.142857142857142,0.0,0
store_0005,sku_00006,Meat,baseline_seasonal_naive,3.3944109589041096,0.0,3.3944109589041096,1.0,0.3088235294117647,16.484848484848484,19.428571428571427,0.0,0
store_0005,sku_00006,Meat,ML_95,2.383575342465753,0.0,2.383575342465753,1.0,0.4397905759162304,11.575757575757574,13.642857142857142,0.0,0
store_0005,sku_00006,Meat,ML_99,2.383575342465753,0.0,2.383575342465753,1.0,0.4397905759162304,11.575757575757574,13.642857142857142,0.0,0
store_0005,sku_00007,Office,baseline_rolling_mean,0.7448424657534247,0.0,0.7448424657534247,1.0,2.3875968992248064,8.896551724137929,9.214285714285714,0.0,0
store_0005,sku_00007,Office,baseline_seasonal_naive,0.7390684931506849,0.0,0.7390684931506849,1.0,2.40625,8.82758620689655,9.142857142857142,0.0,0
store_0005,sku_00007,Office,ML_95,0.8776438356164384,0.0,0.8776438356164384,1.0,2.026315789473684,10.482758620689655,10.857142857142858,0.0,0
store_0005,sku_00007,Office,ML_99,0.8776438356164384,0.0,0.8776438356164384,1.0,2.026315789473684,10.482758620689655,10.857142857142858,0.0,0
store_0005,sku_00008,Seasonal,baseline_rolling_mean,2.4337945205479454,0.0,2.4337945205479454,1.0,2.4705882352941178,7.000000000000001,17.0,0.0,0
store_0005,sku_00008,Seasonal,baseline_seasonal_naive,4.46877397260274,0.0,4.46877397260274,1.0,1.3455377574370708,12.85294117647059,31.214285714285715,0.0,0
store_0005,sku_00008,Seasonal,ML_95,2.689445205479452,0.0,2.689445205479452,1.0,2.23574144486692,7.735294117647059,18.785714285714285,0.0,0
store_0005,sku_00008,Seasonal,ML_99,2.689445205479452,0.0,2.689445205479452,1.0,2.23574144486692,7.735294117647059,18.785714285714285,0.0,0
store_0005,sku_00009,Beauty,baseline_rolling_mean,0.17795890410958906,0.0,0.17795890410958906,1.0,1.2727272727272727,14.666666666666668,1.5714285714285714,0.0,0
store_0005,sku_00009,Beauty,baseline_seasonal_naive,0.2588493150684932,0.0,0.2588493150684932,1.0,0.875,21.333333333333332,2.2857142857142856,0.0,0
store_0005,sku_00009,Beauty,ML_95,0.27502739726027403,0.0,0.27502739726027403,1.0,0.823529411764706,22.666666666666668,2.4285714285714284,0.0,0
store_0005,sku_00009,Beauty,ML_99,0.27502739726027403,0.0,0.27502739726027403,1.0,0.823529411764706,22.666666666666668,2.4285714285714284,0.0,0
store_0005,sku_00010,Dairy,baseline_rolling_mean,6.0444520547945215,0.0,6.0444520547945215,1.0,1.2,10.31578947368421,35.0,0.0,0
store_0005,sku_00010,Dairy,baseline_seasonal_naive,7.413705479452056,0.0,7.413705479452056,1.0,0.9783693843594009,12.65263157894737,42.92857142857143,0.0,0
store_0005,sku_00010,Dairy,ML_95,3.268938356164384,0.0,3.268938356164384,1.0,2.2188679245283023,5.578947368421052,18.928571428571427,0.0,0
store_0005,sku_00010,Dairy,ML_99,3.268938356164384,0.0,3.268938356164384,1.0,2.2188679245283023,5.578947368421052,18.928571428571427,0.0,0
store_0005,sku_00011,Bakery,baseline_rolling_mean,1.3698972602739727,8.145000000000001,9.514897260273974,0.9655172413793104,1.83710407239819,13.393939393939394,15.785714285714286,1.0,1
store_0005,sku_00011,Bakery,baseline_seasonal_naive,1.1653424657534246,24.435000000000002,25.600342465753428,0.896551724137931,2.1595744680851063,11.393939393939394,13.428571428571429,3.0,3
store_0005,sku_00011,Bakery,ML_95,1.5868493150684932,8.145000000000001,9.731849315068494,0.9655172413793104,1.5859375,15.515151515151514,18.285714285714285,1.0,1
store_0005,sku_00011,Bakery,ML_99,1.5868493150684932,8.145000000000001,9.731849315068494,0.9655172413793104,1.5859375,15.515151515151514,18.285714285714285,1.0,1
store_0005,sku_00012,Household,baseline_rolling_mean,1.448,0.0,1.448,1.0,1.3424657534246576,10.814814814814815,20.857142857142858,0.0,0
store_0005,sku_00012,Household,baseline_seasonal_naive,1.6116438356164384,0.0,1.6116438356164384,1.0,1.2061538461538461,12.037037037037038,23.214285714285715,0.0,0
store_0005,sku_00012,Household,ML_95,0.8926027397260274,6.516,7.408602739726027,0.9642857142857143,2.1777777777777776,6.666666666666667,12.857142857142858,1.0,1
store_0005,sku_00012,Household,ML_99,0.8926027397260274,6.516,7.408602739726027,0.9642857142857143,2.1777777777777776,6.666666666666667,12.857142857142858,1.0,1
store_0005,sku_00013,Automotive,baseline_rolling_mean,0.6547191780821917,0.0,0.6547191780821917,1.0,1.473684210526316,11.4,12.214285714285714,0.0,0
store_0005,sku_00013,Automotive,baseline_seasonal_naive,0.7810684931506848,0.0,0.7810684931506848,1.0,1.2352941176470589,13.6,14.571428571428571,0.0,0
store_0005,sku_00013,Automotive,ML_95,0.47476712328767123,0.0,0.47476712328767123,1.0,2.032258064516129,8.266666666666667,8.857142857142858,0.0,0
store_0005,sku_00013,Automotive,ML_99,0.47476712328767123,0.0,0.47476712328767123,1.0,2.032258064516129,8.266666666666667,8.857142857142858,0.0,0
store_0005,sku_00014,Home,baseline_rolling_mean,2.9527602739726033,32.742,35.6947602739726,0.9523809523809523,2.4810126582278484,6.970588235294118,16.928571428571427,2.0,1
store_0005,sku_00014,Home,baseline_seasonal_naive,3.3265273972602745,130.968,134.29452739726025,0.8095238095238095,2.2022471910112356,7.85294117647059,19.071428571428573,8.0,2
store_0005,sku_00014,Home,ML_95,3.8996369863013705,49.113,53.012636986301374,0.9285714285714286,1.878594249201278,9.205882352941178,22.357142857142858,3.0,1
store_0005,sku_00014,Home,ML_99,4.4852054794520555,0.0,4.4852054794520555,1.0,1.6333333333333333,10.588235294117649,25.714285714285715,0.0,0
store_0005,sku_00015,Office,baseline_rolling_mean,0.732054794520548,0.0,0.732054794520548,1.0,0.984375,9.481481481481481,9.142857142857142,0.0,0
store_0005,sku_00015,Office,baseline_seasonal_naive,1.0752054794520547,0.0,1.0752054794520547,1.0,0.6702127659574468,13.925925925925926,13.428571428571429,0.0,0
store_0005,sku_00015,Office,ML_95,0.732054794520548,0.0,0.732054794520548,1.0,0.984375,9.481481481481481,9.142857142857142,0.0,0
store_0005,sku_00015,Office,ML_99,0.732054794520548,0.0,0.732054794520548,1.0,0.984375,9.481481481481481,9.142857142857142,0.0,0
store_0005,sku_00016,Office,baseline_rolling_mean,8.476,0.0,8.476,1.0,1.245398773006135,8.522875816993464,46.57142857142857,0.0,0
store_0005,sku_00016,Office,baseline_seasonal_naive,10.66,0.0,10.66,1.0,0.9902439024390244,10.718954248366012,58.57142857142857,0.0,0
store_0005,sku_00016,Office,ML_95,7.865,0.0,7.865,1.0,1.3421487603305784,7.908496732026144,43.214285714285715,0.0,0
store_0005,sku_00016,Office,ML_99,7.865,0.0,7.865,1.0,1.3421487603305784,7.908496732026144,43.214285714285715,0.0,0
store_0005,sku_00017,Meat,baseline_rolling_mean,2.239397260273973,154.872,157.11139726027398,0.8,3.6842105263157894,6.608695652173914,5.428571428571429,4.0,2
store_0005,sku_00017,Meat,baseline_seasonal_naive,2.3277945205479456,77.436,79.76379452054795,0.9,3.5443037974683542,6.869565217391305,5.642857142857143,2.0,1
store_0005,sku_00017,Meat,ML_95,2.7697808219178084,0.0,2.7697808219178084,1.0,2.978723404255319,8.173913043478262,6.714285714285714,0.0,0
store_0005,sku_00017,Meat,ML_99,2.7697808219178084,0.0,2.7697808219178084,1.0,2.978723404255319,8.173913043478262,6.714285714285714,0.0,0
store_0005,sku_00018,Beauty,baseline_rolling_mean,0.409486301369863,0.0,0.409486301369863,1.0,1.0181818181818183,12.222222222222221,3.9285714285714284,0.0,0
store_0005,sku_00018,Beauty,baseline_seasonal_naive,0.826417808219178,0.0,0.826417808219178,1.0,0.5045045045045045,24.666666666666664,7.928571428571429,0.0,0
store_0005,sku_00018,Beauty,ML_95,0.3573698630136986,0.0,0.3573698630136986,1.0,1.1666666666666667,10.666666666666666,3.4285714285714284,0.0,0
store_0005,sku_00018,Beauty,ML_99,0.3573698630136986,0.0,0.3573698630136986,1.0,1.1666666666666667,10.666666666666666,3.4285714285714284,0.0,0
store_0005,sku_00019,Pet,baseline_rolling_mean,1.1198219178082192,0.0,1.1198219178082192,1.0,0.5733788395904438,11.056603773584905,20.928571428571427,0.0,0
store_0005,sku_00019,Pet,baseline_seasonal_naive,1.463794520547945,0.0,1.463794520547945,1.0,0.4386422976501305,14.452830188679245,27.357142857142858,0.0,0
store_0005,sku_00019,Pet,ML_95,1.028095890410959,0.0,1.028095890410959,1.0,0.6245353159851301,10.150943396226417,19.214285714285715,0.0,0
store_0005,sku_00019,Pet,ML_99,1.028095890410959,0.0,1.028095890410959,1.0,0.6245353159851301,10.150943396226417,19.214285714285715,0.0,0
store_0005,sku_00020,Pet,baseline_rolling_mean,0.6530136986301369,0.0,0.6530136986301369,1.0,1.9,8.75,10.0,0.0,0
store_0005,sku_00020,Pet,baseline_seasonal_naive,1.0868013698630137,0.0,1.0868013698630137,1.0,1.1416309012875536,14.5625,16.642857142857142,0.0,0
store_0005,sku_00020,Pet,ML_95,0.3918082191780822,0.0,0.3918082191780822,1.0,3.1666666666666665,5.25,6.0,0.0,0
store_0005,sku_00020,Pet,ML_99,0.3918082191780822,0.0,0.3918082191780822,1.0,3.1666666666666665,5.25,6.0,0.0,0
store_0005,sku_00021,Grocery,baseline_rolling_mean,2.3893561643835617,0.0,2.3893561643835617,1.0,1.9371069182389937,7.066666666666666,11.357142857142858,0.0,0
store_0005,sku_00021,Grocery,baseline_seasonal_naive,3.997287671232877,0.0,3.997287671232877,1.0,1.1578947368421053,11.822222222222221,19.0,0.0,0
store_0005,sku_00021,Grocery,ML_95,2.3893561643835617,0.0,2.3893561643835617,1.0,1.9371069182389937,7.066666666666666,11.357142857142858,0.0,0
store_0005,sku_00021,Grocery,ML_99,2.3893561643835617,0.0,2.3893561643835617,1.0,1.9371069182389937,7.066666666666666,11.357142857142858,0.0,0
store_0005,sku_00022,Baby,baseline_rolling_mean,0.21369863013698628,0.0,0.21369863013698628,1.0,2.1,9.411764705882353,5.714285714285714,0.0,0
store_0005,sku_00022,Baby,baseline_seasonal_naive,0.3926712328767123,0.0,0.3926712328767123,1.0,1.1428571428571428,17.294117647058826,10.5,0.0,0
store_0005,sku_00022,Baby,ML_95,0.18965753424657533,0.0,0.18965753424657533,1.0,2.3661971830985915,8.352941176470589,5.071428571428571,0.0,0
store_0005,sku_00022,Baby,ML_99,0.18965753424657533,0.0,0.18965753424657533,1.0,2.3661971830985915,8.352941176470589,5.071428571428571,0.0,0
store_0005,sku_00023,Meat,baseline_rolling_mean,2.378732876712329,0.0,2.378732876712329,1.0,1.005128205128205,10.0,13.928571428571429,0.0,0
store_0005,sku_00023,Meat,baseline_seasonal_naive,4.257321917808219,0.0,4.257321917808219,1.0,0.5616045845272206,17.897435897435898,24.928571428571427,0.0,0
store_0005,sku_00023,Meat,ML_95,2.378732876712329,0.0,2.378732876712329,1.0,1.005128205128205,10.0,13.928571428571429,0.0,0
store_0005,sku_00023,Meat,ML_99,2.378732876712329,0.0,2.378732876712329,1.0,1.005128205128205,10.0,13.928571428571429,0.0,0
store_0005,sku_00024,Seasonal,baseline_rolling_mean,4.571438356164385,0.0,4.571438356164385,1.0,1.2645161290322582,10.333333333333334,22.142857142857142,0.0,0
store_0005,sku_00024,Seasonal,baseline_seasonal_naive,6.060842465753424,0.0,6.060842465753424,1.0,0.9537712895377128,13.700000000000001,29.357142857142858,0.0,0
store_0005,sku_00024,Seasonal,ML_95,3.244246575342466,0.0,3.244246575342466,1.0,1.781818181818182,7.333333333333333,15.714285714285714,0.0,0
store_0005,sku_00024,Seasonal,ML_99,3.244246575342466,0.0,3.244246575342466,1.0,1.781818181818182,7.333333333333333,15.714285714285714,0.0,0
store_0005,sku_00025,Home,baseline_rolling_mean,5.167342465753425,0.0,5.167342465753425,1.0,1.09375,10.893617021276595,18.285714285714285,0.0,0
store_0005,sku_00025,Home,baseline_seasonal_naive,6.358253424657534,0.0,6.358253424657534,1.0,0.8888888888888888,13.404255319148936,22.5,0.0,0
store_0005,sku_00025,Home,ML_95,3.6332876712328765,0.0,3.6332876712328765,1.0,1.5555555555555556,7.659574468085107,12.857142857142858,0.0,0
store_0005,sku_00025,Home,ML_99,3.6332876712328765,0.0,3.6332876712328765,1.0,1.5555555555555556,7.659574468085107,12.857142857142858,0.0,0
store_0005,sku_00026,Garden,baseline_rolling_mean,6.776712328767124,0.0,6.776712328767124,1.0,1.5784313725490196,8.869565217391305,29.142857142857142,0.0,0
store_0005,sku_00026,Garden,baseline_seasonal_naive,9.118664383561644,0.0,9.118664383561644,1.0,1.1730418943533698,11.934782608695652,39.214285714285715,0.0,0
store_0005,sku_00026,Garden,ML_95,5.265239726027397,0.0,5.265239726027397,1.0,2.0315457413249214,6.891304347826087,22.642857142857142,0.0,0
store_0005,sku_00026,Garden,ML_99,5.265239726027397,0.0,5.265239726027397,1.0,2.0315457413249214,6.891304347826087,22.642857142857142,0.0,0
store_0005,sku_00027,Seasonal,baseline_rolling_mean,3.5302191780821914,0.0,3.5302191780821914,1.0,1.4498381877022652,8.82857142857143,22.071428571428573,0.0,0
store_0005,sku_00027,Seasonal,baseline_seasonal_naive,4.524164383561644,0.0,4.524164383561644,1.0,1.1313131313131313,11.314285714285713,28.285714285714285,0.0,0
store_0005,sku_00027,Seasonal,ML_95,2.7533424657534247,0.0,2.7533424657534247,1.0,1.858921161825726,6.885714285714286,17.214285714285715,0.0,0
store_0005,sku_00027,Seasonal,ML_99,2.7533424657534247,0.0,2.7533424657534247,1.0,1.858921161825726,6.885714285714286,17.214285714285715,0.0,0
store_0005,sku_00028,Beauty,baseline_rolling_mean,0.45722602739726015,0.0,0.45722602739726015,1.0,0.43076923076923074,16.250000000000004,4.642857142857143,0.0,0
store_0005,sku_00028,Beauty,baseline_seasonal_naive,0.9074178082191781,0.0,0.9074178082191781,1.0,0.2170542635658915,32.25,9.214285714285714,0.0,0
store_0005,sku_00028,Beauty,ML_95,0.3587465753424657,0.0,0.3587465753424657,1.0,0.5490196078431373,12.75,3.642857142857143,0.0,0
store_0005,sku_00028,Beauty,ML_99,0.3587465753424657,0.0,0.3587465753424657,1.0,0.5490196078431373,12.75,3.642857142857143,0.0,0
store_0005,sku_00029,Bakery,baseline_rolling_mean,1.2797260273972606,0.0,1.2797260273972606,1.0,0.41481481481481486,11.73913043478261,9.642857142857142,0.0,0
store_0005,sku_00029,Bakery,baseline_seasonal_naive,1.4408767123287671,0.0,1.4408767123287671,1.0,0.3684210526315789,13.217391304347828,10.857142857142858,0.0,0
store_0005,sku_00029,Bakery,ML_95,1.2797260273972606,0.0,1.2797260273972606,1.0,0.41481481481481486,11.73913043478261,9.642857142857142,0.0,0
store_0005,sku_00029,Bakery,ML_99,1.2797260273972606,0.0,1.2797260273972606,1.0,0.41481481481481486,11.73913043478261,9.642857142857142,0.0,0
store_0005,sku_00030,Household,baseline_rolling_mean,0.3399794520547945,0.0,0.3399794520547945,1.0,3.142857142857143,8.166666666666668,3.5,0.0,0
store_0005,sku_00030,Household,baseline_seasonal_naive,0.4579315068493151,0.0,0.4579315068493151,1.0,2.3333333333333335,11.000000000000002,4.714285714285714,0.0,0
store_0005,sku_00030,Household,ML_95,0.3816095890410959,18.234,18.615609589041096,0.8181818181818181,2.8000000000000003,9.166666666666666,3.9285714285714284,2.0,1
store_0005,sku_00030,Household,ML_99,0.2428424657534247,0.0,0.2428424657534247,1.0,4.4,5.833333333333334,2.5,0.0,0
store_0005,sku_00031,Health,baseline_rolling_mean,0.46849315068493147,0.0,0.46849315068493147,1.0,1.5555555555555556,15.65217391304348,12.857142857142858,0.0,0
store_0005,sku_00031,Health,baseline_seasonal_naive,0.4398630136986301,3.42,3.85986301369863,0.95,1.6568047337278107,14.695652173913043,12.071428571428571,1.0,1
store_0005,sku_00031,Health,ML_95,0.45547945205479445,0.0,0.45547945205479445,1.0,1.6,15.217391304347826,12.5,0.0,0
store_0005,sku_00031,Health,ML_99,0.45547945205479445,0.0,0.45547945205479445,1.0,1.6,15.217391304347826,12.5,0.0,0
store_0005,sku_00032,Garden,baseline_rolling_mean,1.7058082191780823,0.0,1.7058082191780823,1.0,2.074074074074074,9.0,7.714285714285714,0.0,0
store_0005,sku_00032,Garden,baseline_seasonal_naive,4.533027397260275,0.0,4.533027397260275,1.0,0.7804878048780488,23.916666666666668,20.5,0.0,0
store_0005,sku_00032,Garden,ML_95,1.532068493150685,0.0,1.532068493150685,1.0,2.3092783505154637,8.083333333333334,6.928571428571429,0.0,0
store_0005,sku_00032,Garden,ML_99,1.532068493150685,0.0,1.532068493150685,1.0,2.3092783505154637,8.083333333333334,6.928571428571429,0.0,0
store_0005,sku_00033,Beauty,baseline_rolling_mean,0.2950342465753425,15.506999999999998,15.80203424657534,0.8,2.8,10.0,1.7857142857142858,1.0,1
store_0005,sku_00033,Beauty,baseline_seasonal_naive,0.8142945205479452,0.0,0.8142945205479452,1.0,1.0144927536231882,27.6,4.928571428571429,0.0,0
store_0005,sku_00033,Beauty,ML_95,0.5782671232876713,0.0,0.5782671232876713,1.0,1.4285714285714286,19.599999999999998,3.5,0.0,0
store_0005,sku_00033,Beauty,ML_99,0.5782671232876713,0.0,0.5782671232876713,1.0,1.4285714285714286,19.599999999999998,3.5,0.0,0
store_0005,sku_00034,Dairy,baseline_rolling_mean,2.136383561643836,0.0,2.136383561643836,1.0,1.4330708661417324,8.75862068965517,9.071428571428571,0.0,0
store_0005,sku_00034,Dairy,baseline_seasonal_naive,3.229808219178082,0.0,3.229808219178082,1.0,0.9479166666666667,13.241379310344826,13.714285714285714,0.0,0
store_0005,sku_00034,Dairy,ML_95,2.136383561643836,0.0,2.136383561643836,1.0,1.4330708661417324,8.75862068965517,9.071428571428571,0.0,0
store_0005,sku_00034,Dairy,ML_99,2.136383561643836,0.0,2.136383561643836,1.0,1.4330708661417324,8.75862068965517,9.071428571428571,0.0,0
store_0005,sku_00035,Pet,baseline_rolling_mean,1.968972602739726,0.0,1.968972602739726,1.0,2.107865168539326,7.235772357723576,31.785714285714285,0.0,0
store_0005,sku_00035,Pet,baseline_seasonal_naive,3.579547945205479,0.0,3.579547945205479,1.0,1.1594561186650185,13.154471544715445,57.785714285714285,0.0,0
store_0005,sku_00035,Pet,ML_95,2.0574657534246574,17.442,19.49946575342466,0.9552238805970149,2.0172043010752687,7.560975609756097,33.214285714285715,3.0,1
store_0005,sku_00035,Pet,ML_99,2.0574657534246574,17.442,19.49946575342466,0.9552238805970149,2.0172043010752687,7.560975609756097,33.214285714285715,3.0,1
store_0005,sku_00036,Office,baseline_rolling_mean,1.6035890410958904,0.0,1.6035890410958904,1.0,1.2727272727272727,11.687500000000002,13.357142857142858,0.0,0
store_0005,sku_00036,Office,baseline_seasonal_naive,1.9894794520547945,0.0,1.9894794520547945,1.0,1.0258620689655171,14.500000000000002,16.571428571428573,0.0,0
store_0005,sku_00036,Office,ML_95,0.9775890410958903,0.0,0.9775890410958903,1.0,2.0877192982456143,7.125,8.142857142857142,0.0,0
store_0005,sku_00036,Office,ML_99,0.9775890410958903,0.0,0.9775890410958903,1.0,2.0877192982456143,7.125,8.142857142857142,0.0,0
store_0005,sku_00037,Meat,baseline_rolling_mean,1.2199452054794522,0.0,1.2199452054794522,1.0,1.2173913043478262,10.823529411764707,6.571428571428571,0.0,0
store_0005,sku_00037,Meat,baseline_seasonal_naive,1.5514520547945205,0.0,1.5514520547945205,1.0,0.9572649572649572,13.764705882352944,8.357142857142858,0.0,0
store_0005,sku_00037,Meat,ML_95,0.8221369863013699,0.0,0.8221369863013699,1.0,1.8064516129032258,7.294117647058824,4.428571428571429,0.0,0
store_0005,sku_00037,Meat,ML_99,0.8221369863013699,0.0,0.8221369863013699,1.0,1.8064516129032258,7.294117647058824,4.428571428571429,0.0,0
store_0005,sku_00038,Pet,baseline_rolling_mean,0.5384452054794522,0.0,0.5384452054794522,1.0,1.763779527559055,7.9375,9.071428571428571,0.0,0
store_0005,sku_00038,Pet,baseline_seasonal_naive,0.8352260273972605,0.0,0.8352260273972605,1.0,1.1370558375634519,12.3125,14.071428571428571,0.0,0
store_0005,sku_00038,Pet,ML_95,0.5384452054794522,0.0,0.5384452054794522,1.0,1.763779527559055,7.9375,9.071428571428571,0.0,0
store_0005,sku_00038,Pet,ML_99,0.5384452054794522,0.0,0.5384452054794522,1.0,1.763779527559055,7.9375,9.071428571428571,0.0,0
store_0005,sku_00039,Produce,baseline_rolling_mean,2.2677602739726033,0.0,2.2677602739726033,1.0,1.201716738197425,9.510204081632653,16.642857142857142,0.0,0
store_0005,sku_00039,Produce,baseline_seasonal_naive,2.68627397260274,0.0,2.68627397260274,1.0,1.0144927536231882,11.26530612244898,19.714285714285715,0.0,0
store_0005,sku_00039,Produce,ML_95,2.014705479452055,0.0,2.014705479452055,1.0,1.3526570048309179,8.448979591836736,14.785714285714286,0.0,0
store_0005,sku_00039,Produce,ML_99,2.014705479452055,0.0,2.014705479452055,1.0,1.3526570048309179,8.448979591836736,14.785714285714286,0.0,0
store_0005,sku_00040,Home,baseline_rolling_mean,6.658842465753425,0.0,6.658842465753425,1.0,1.1085043988269794,10.029411764705884,24.357142857142858,0.0,0
store_0005,sku_00040,Home,baseline_seasonal_naive,12.712335616438358,0.0,12.712335616438358,1.0,0.5806451612903226,19.147058823529413,46.5,0.0,0
store_0005,sku_00040,Home,ML_95,5.194287671232878,0.0,5.194287671232878,1.0,1.4210526315789473,7.8235294117647065,19.0,0.0,0
store_0005,sku_00040,Home,ML_99,5.194287671232878,0.0,5.194287671232878,1.0,1.4210526315789473,7.8235294117647065,19.0,0.0,0
store_0005,sku_00041,Pet,baseline_rolling_mean,0.6391095890410958,0.0,0.6391095890410958,1.0,1.1741935483870969,11.923076923076922,11.071428571428571,0.0,0
store_0005,sku_00041,Pet,baseline_seasonal_naive,1.331821917808219,0.0,1.331821917808219,1.0,0.5634674922600619,24.846153846153847,23.071428571428573,0.0,0
store_0005,sku_00041,Pet,ML_95,0.46593150684931506,0.0,0.46593150684931506,1.0,1.6106194690265487,8.692307692307692,8.071428571428571,0.0,0
store_0005,sku_00041,Pet,ML_99,0.46593150684931506,0.0,0.46593150684931506,1.0,1.6106194690265487,8.692307692307692,8.071428571428571,0.0,0
store_0005,sku_00042,Health,baseline_rolling_mean,0.71013698630137,0.0,0.71013698630137,1.0,1.037037037037037,14.08695652173913,11.571428571428571,0.0,0
store_0005,sku_00042,Health,baseline_seasonal_naive,0.9775342465753425,0.0,0.9775342465753425,1.0,0.7533632286995515,19.39130434782609,15.928571428571429,0.0,0
store_0005,sku_00042,Health,ML_95,0.3594520547945206,0.0,0.3594520547945206,1.0,2.048780487804878,7.130434782608695,5.857142857142857,0.0,0
store_0005,sku_00042,Health,ML_99,0.3594520547945206,0.0,0.3594520547945206,1.0,2.048780487804878,7.130434782608695,5.857142857142857,0.0,0
store_0005,sku_00043,Frozen,baseline_rolling_mean,0.8715616438356163,0.0,0.8715616438356163,1.0,2.465909090909091,6.518518518518518,12.571428571428571,0.0,0
store_0005,sku_00043,Frozen,baseline_seasonal_naive,0.8170890410958902,0.0,0.8170890410958902,1.0,2.63030303030303,6.111111111111112,11.785714285714286,0.0,0
store_0005,sku_00043,Frozen,ML_95,0.8814657534246575,0.0,0.8814657534246575,1.0,2.438202247191011,6.592592592592592,12.714285714285714,0.0,0
store_0005,sku_00043,Frozen,ML_99,0.8814657534246575,0.0,0.8814657534246575,1.0,2.438202247191011,6.592592592592592,12.714285714285714,0.0,0
store_0005,sku_00044,Electronics,baseline_rolling_mean,4.29595890410959,0.0,4.29595890410959,1.0,1.0347826086956522,13.939393939393938,16.428571428571427,0.0,0
store_0005,sku_00044,Electronics,baseline_seasonal_naive,10.385013698630138,0.0,10.385013698630138,1.0,0.42805755395683454,33.696969696969695,39.714285714285715,0.0,0
store_0005,sku_00044,Electronics,ML_95,2.3347602739726034,0.0,2.3347602739726034,1.0,1.904,7.575757575757576,8.928571428571429,0.0,0
store_0005,sku_00044,Electronics,ML_99,2.3347602739726034,0.0,2.3347602739726034,1.0,1.904,7.575757575757576,8.928571428571429,0.0,0
store_0005,sku_00045,Home,baseline_rolling_mean,3.2182260273972605,0.0,3.2182260273972605,1.0,1.8834080717488788,8.745098039215687,15.928571428571429,0.0,0
store_0005,sku_00045,Home,baseline_seasonal_naive,3.7377602739726026,0.0,3.7377602739726026,1.0,1.6216216216216217,10.156862745098039,18.5,0.0,0
store_0005,sku_00045,Home,ML_95,3.059479452054794,37.926,40.9854794520548,0.9333333333333333,1.9811320754716981,8.313725490196079,15.142857142857142,2.0,1
store_0005,sku_00045,Home,ML_99,3.059479452054794,37.926,40.9854794520548,0.9333333333333333,1.9811320754716981,8.313725490196079,15.142857142857142,2.0,1
store_0005,sku_00046,Garden,baseline_rolling_mean,0.2702739726027397,0.0,0.2702739726027397,1.0,0.7,13.333333333333334,1.4285714285714286,0.0,0
store_0005,sku_00046,Garden,baseline_seasonal_naive,0.2162191780821918,0.0,0.2162191780821918,1.0,0.875,10.666666666666666,1.1428571428571428,0.0,0
store_0005,sku_00046,Garden,ML_95,0.2162191780821918,0.0,0.2162191780821918,1.0,0.875,10.666666666666666,1.1428571428571428,0.0,0
store_0005,sku_00046,Garden,ML_99,0.2162191780821918,0.0,0.2162191780821918,1.0,0.875,10.666666666666666,1.1428571428571428,0.0,0
store_0005,sku_00047,Household,baseline_rolling_mean,1.815082191780822,0.0,1.815082191780822,1.0,0.9655172413793103,13.384615384615385,12.428571428571429,0.0,0
store_0005,sku_00047,Household,baseline_seasonal_naive,3.327650684931507,0.0,3.327650684931507,1.0,0.5266457680250783,24.538461538461537,22.785714285714285,0.0,0
store_0005,sku_00047,Household,ML_95,0.8345205479452054,0.0,0.8345205479452054,1.0,2.1,6.153846153846154,5.714285714285714,0.0,0
store_0005,sku_00047,Household,ML_99,0.8345205479452054,0.0,0.8345205479452054,1.0,2.1,6.153846153846154,5.714285714285714,0.0,0
store_0005,sku_00048,Meat,baseline_rolling_mean,0.3937260273972603,0.0,0.3937260273972603,1.0,4.0,5.6,2.0,0.0,0
store_0005,sku_00048,Meat,baseline_seasonal_naive,0.9140068493150685,0.0,0.9140068493150685,1.0,1.723076923076923,13.0,4.642857142857143,0.0,0
store_0005,sku_00048,Meat,ML_95,0.7733904109589042,18.477,19.250390410958904,0.875,2.0363636363636366,11.0,3.9285714285714284,1.0,1
store_0005,sku_00048,Meat,ML_99,0.7733904109589042,18.477,19.250390410958904,0.875,2.0363636363636366,11.0,3.9285714285714284,1.0,1
store_0005,sku_00049,Toys,baseline_rolling_mean,0.5782191780821919,0.0,0.5782191780821919,1.0,0.0,28.0,3.0,0.0,0
store_0005,sku_00049,Toys,baseline_seasonal_naive,1.3767123287671235,0.0,1.3767123287671235,1.0,0.0,66.66666666666667,7.142857142857143,0.0,0
store_0005,sku_00049,Toys,ML_95,0.3854794520547946,0.0,0.3854794520547946,1.0,0.0,18.666666666666668,2.0,0.0,0
store_0005,sku_00049,Toys,ML_99,0.3854794520547946,0.0,0.3854794520547946,1.0,0.0,18.666666666666668,2.0,0.0,0
store_0005,sku_00050,Apparel,baseline_rolling_mean,0.5120547945205479,0.0,0.5120547945205479,1.0,1.5730337078651686,9.888888888888888,12.714285714285714,0.0,0
store_0005,sku_00050,Apparel,baseline_seasonal_naive,0.47753424657534255,0.0,0.47753424657534255,1.0,1.686746987951807,9.222222222222221,11.857142857142858,0.0,0
store_0005,sku_00050,Apparel,ML_95,0.35958904109589046,0.0,0.35958904109589046,1.0,2.2399999999999998,6.944444444444444,8.928571428571429,0.0,0
store_0005,sku_00050,Apparel,ML_99,0.35958904109589046,0.0,0.35958904109589046,1.0,2.2399999999999998,6.944444444444444,8.928571428571429,0.0,0
store_0005,sku_00051,Seasonal,baseline_rolling_mean,4.920547945205479,0.0,4.920547945205479,1.0,1.4875,8.533333333333335,22.857142857142858,0.0,0
store_0005,sku_00051,Seasonal,baseline_seasonal_naive,9.77958904109589,0.0,9.77958904109589,1.0,0.7484276729559748,16.96,45.42857142857143,0.0,0
store_0005,sku_00051,Seasonal,ML_95,3.8134246575342474,0.0,3.8134246575342474,1.0,1.9193548387096773,6.613333333333334,17.714285714285715,0.0,0
store_0005,sku_00051,Seasonal,ML_99,3.8134246575342474,0.0,3.8134246575342474,1.0,1.9193548387096773,6.613333333333334,17.714285714285715,0.0,0
store_0005,sku_00052,Dairy,baseline_rolling_mean,1.8563630136986302,0.0,1.8563630136986302,1.0,0.7596899224806202,9.923076923076922,9.214285714285714,0.0,0
store_0005,sku_00052,Dairy,baseline_seasonal_naive,2.1010000000000004,0.0,2.1010000000000004,1.0,0.6712328767123288,11.23076923076923,10.428571428571429,0.0,0
store_0005,sku_00052,Dairy,ML_95,1.8563630136986302,0.0,1.8563630136986302,1.0,0.7596899224806202,9.923076923076922,9.214285714285714,0.0,0
store_0005,sku_00052,Dairy,ML_99,1.8563630136986302,0.0,1.8563630136986302,1.0,0.7596899224806202,9.923076923076922,9.214285714285714,0.0,0
store_0005,sku_00053,Health,baseline_rolling_mean,0.32178082191780816,37.583999999999996,37.9057808219178,0.6666666666666667,3.7333333333333334,6.0,12.857142857142858,16.0,3
store_0005,sku_00053,Health,baseline_seasonal_naive,0.3092671232876712,42.282,42.591267123287665,0.625,3.884393063583815,5.7666666666666675,12.357142857142858,18.0,4
store_0005,sku_00053,Health,ML_95,0.6828904109589041,9.395999999999999,10.078890410958904,0.9166666666666666,1.7591623036649215,12.733333333333333,27.285714285714285,4.0,1
store_0005,sku_00053,Health,ML_99,0.6828904109589041,9.395999999999999,10.078890410958904,0.9166666666666666,1.7591623036649215,12.733333333333333,27.285714285714285,4.0,1
store_0005,sku_00054,Office,baseline_rolling_mean,1.0144246575342464,0.0,1.0144246575342464,1.0,0.37583892617449666,12.956521739130435,10.642857142857142,0.0,0
store_0005,sku_00054,Office,baseline_seasonal_naive,1.0416575342465753,0.0,1.0416575342465753,1.0,0.3660130718954248,13.304347826086957,10.928571428571429,0.0,0
store_0005,sku_00054,Office,ML_95,0.8442191780821917,0.0,0.8442191780821917,1.0,0.45161290322580644,10.782608695652176,8.857142857142858,0.0,0
store_0005,sku_00054,Office,ML_99,0.8442191780821917,0.0,0.8442191780821917,1.0,0.45161290322580644,10.782608695652176,8.857142857142858,0.0,0
store_0005,sku_00055,Toys,baseline_rolling_mean,2.305465753424657,0.0,2.305465753424657,1.0,1.101123595505618,9.368421052631579,12.714285714285714,0.0,0
store_0005,sku_00055,Toys,baseline_seasonal_naive,3.0437328767123284,0.0,3.0437328767123284,1.0,0.8340425531914895,12.368421052631577,16.785714285714285,0.0,0
store_0005,sku_00055,Toys,ML_95,1.9428082191780822,0.0,1.9428082191780822,1.0,1.3066666666666669,7.894736842105262,10.714285714285714,0.0,0
store_0005,sku_00055,Toys,ML_99,1.9428082191780822,0.0,1.9428082191780822,1.0,1.3066666666666669,7.894736842105262,10.714285714285714,0.0,0
store_0005,sku_00056,Household,baseline_rolling_mean,0.9098630136986301,0.0,0.9098630136986301,1.0,1.8666666666666667,12.63157894736842,8.571428571428571,0.0,0
store_0005,sku_00056,Household,baseline_seasonal_naive,1.4178698630136988,0.0,1.4178698630136988,1.0,1.1978609625668448,19.684210526315788,13.357142857142858,0.0,0
store_0005,sku_00056,Household,ML_95,0.5383356164383561,0.0,0.5383356164383561,1.0,3.154929577464789,7.473684210526315,5.071428571428571,0.0,0
store_0005,sku_00056,Household,ML_99,0.5383356164383561,0.0,0.5383356164383561,1.0,3.154929577464789,7.473684210526315,5.071428571428571,0.0,0
store_0005,sku_00057,Toys,baseline_rolling_mean,1.8186027397260276,0.0,1.8186027397260276,1.0,2.3902439024390247,7.288888888888888,11.714285714285714,0.0,0
store_0005,sku_00057,Toys,baseline_seasonal_naive,3.947698630136986,0.0,3.947698630136986,1.0,1.101123595505618,15.822222222222221,25.428571428571427,0.0,0
store_0005,sku_00057,Toys,ML_95,2.029294520547945,0.0,2.029294520547945,1.0,2.1420765027322406,8.133333333333333,13.071428571428571,0.0,0
store_0005,sku_00057,Toys,ML_99,2.029294520547945,0.0,2.029294520547945,1.0,2.1420765027322406,8.133333333333333,13.071428571428571,0.0,0
store_0005,sku_00058,Toys,baseline_rolling_mean,1.169178082191781,0.0,1.169178082191781,1.0,1.68,8.333333333333334,7.142857142857143,0.0,0
store_0005,sku_00058,Toys,baseline_seasonal_naive,1.590082191780822,0.0,1.590082191780822,1.0,1.2352941176470589,11.333333333333334,9.714285714285714,0.0,0
store_0005,sku_00058,Toys,ML_95,0.7950410958904108,0.0,0.7950410958904108,1.0,2.4705882352941178,5.666666666666667,4.857142857142857,0.0,0
store_0005,sku_00058,Toys,ML_99,0.9353424657534245,0.0,0.9353424657534245,1.0,2.1,6.666666666666667,5.714285714285714,0.0,0
store_0005,sku_00059,Beauty,baseline_rolling_mean,0.2601986301369863,0.0,0.2601986301369863,1.0,0.5185185185185185,13.500000000000002,1.9285714285714286,0.0,0
store_0005,sku_00059,Beauty,baseline_seasonal_naive,0.2601986301369863,0.0,0.2601986301369863,1.0,0.5185185185185185,13.500000000000002,1.9285714285714286,0.0,0
store_0005,sku_00059,Beauty,ML_95,0.2601986301369863,0.0,0.2601986301369863,1.0,0.5185185185185185,13.500000000000002,1.9285714285714286,0.0,0
store_0005,sku_00059,Beauty,ML_99,0.2601986301369863,0.0,0.2601986301369863,1.0,0.5185185185185185,13.500000000000002,1.9285714285714286,0.0,0
store_0005,sku_00060,Automotive,baseline_rolling_mean,0.24480821917808224,0.0,0.24480821917808224,1.0,1.6396396396396395,9.652173913043478,7.928571428571429,0.0,0
store_0005,sku_00060,Automotive,baseline_seasonal_naive,0.36610958904109603,0.0,0.36610958904109603,1.0,1.0963855421686746,14.434782608695654,11.857142857142858,0.0,0
store_0005,sku_00060,Automotive,ML_95,0.16541095890410962,0.0,0.16541095890410962,1.0,2.4266666666666667,6.521739130434782,5.357142857142857,0.0,0
store_0005,sku_00060,Automotive,ML_99,0.16541095890410962,0.0,0.16541095890410962,1.0,2.4266666666666667,6.521739130434782,5.357142857142857,0.0,0
store_0005,sku_00061,Beverages,baseline_rolling_mean,1.2193150684931509,0.0,1.2193150684931509,1.0,0.4666666666666667,11.250000000000002,6.428571428571429,0.0,0
store_0005,sku_00061,Beverages,baseline_seasonal_naive,2.5741095890410963,0.0,2.5741095890410963,1.0,0.22105263157894736,23.75,13.571428571428571,0.0,0
store_0005,sku_00061,Beverages,ML_95,1.1515753424657538,0.0,1.1515753424657538,1.0,0.49411764705882355,10.625,6.071428571428571,0.0,0
store_0005,sku_00061,Beverages,ML_99,1.1515753424657538,0.0,1.1515753424657538,1.0,0.49411764705882355,10.625,6.071428571428571,0.0,0
store_0005,sku_00062,Frozen,baseline_rolling_mean,0.25032191780821916,0.0,0.25032191780821916,1.0,2.4347826086956523,7.318181818181818,11.5,0.0,0
store_0005,sku_00062,Frozen,baseline_seasonal_naive,0.6281369863013698,0.0,0.6281369863013698,1.0,0.9702970297029703,18.363636363636363,28.857142857142858,0.0,0
store_0005,sku_00062,Frozen,ML_95,0.35449315068493154,4.085999999999999,4.440493150684931,0.9285714285714286,1.719298245614035,10.363636363636363,16.285714285714285,2.0,1
store_0005,sku_00062,Frozen,ML_99,0.35915753424657537,4.085999999999999,4.445157534246575,0.9285714285714286,1.696969696969697,10.5,16.5,2.0,1
store_0005,sku_00063,Home,baseline_rolling_mean,4.030972602739727,0.0,4.030972602739727,1.0,1.2780082987551866,9.09433962264151,17.214285714285715,0.0,0
store_0005,sku_00063,Home,baseline_seasonal_naive,5.50286301369863,0.0,5.50286301369863,1.0,0.9361702127659575,12.415094339622643,23.5,0.0,0
store_0005,sku_00063,Home,ML_95,3.328479452054794,0.0,3.328479452054794,1.0,1.5477386934673367,7.509433962264151,14.214285714285714,0.0,0
store_0005,sku_00063,Home,ML_99,3.328479452054794,0.0,3.328479452054794,1.0,1.5477386934673367,7.509433962264151,14.214285714285714,0.0,0
store_0005,sku_00064,Apparel,baseline_rolling_mean,0.5326027397260275,0.0,0.5326027397260275,1.0,1.4259259259259258,9.818181818181818,7.714285714285714,0.0,0
store_0005,sku_00064,Apparel,baseline_seasonal_naive,0.8630136986301369,0.0,0.8630136986301369,1.0,0.88,15.90909090909091,12.5,0.0,0
store_0005,sku_00064,Apparel,ML_95,0.3649315068493151,0.0,0.3649315068493151,1.0,2.081081081081081,6.7272727272727275,5.285714285714286,0.0,0
store_0005,sku_00064,Apparel,ML_99,0.3649315068493151,0.0,0.3649315068493151,1.0,2.081081081081081,6.7272727272727275,5.285714285714286,0.0,0
store_0005,sku_00065,Produce,baseline_rolling_mean,3.5340410958904105,0.0,3.5340410958904105,1.0,0.8717948717948718,13.65,19.5,0.0,0
store_0005,sku_00065,Produce,baseline_seasonal_naive,4.453150684931506,0.0,4.453150684931506,1.0,0.6918604651162791,17.2,24.571428571428573,0.0,0
store_0005,sku_00065,Produce,ML_95,1.9806164383561642,0.0,1.9806164383561642,1.0,1.5555555555555556,7.65,10.928571428571429,0.0,0
store_0005,sku_00065,Produce,ML_99,1.9806164383561642,0.0,1.9806164383561642,1.0,1.5555555555555556,7.65,10.928571428571429,0.0,0
store_0005,sku_00066,Toys,baseline_rolling_mean,7.676465753424657,0.0,7.676465753424657,1.0,1.6016949152542375,8.0,50.57142857142857,0.0,0
store_0005,sku_00066,Toys,baseline_seasonal_naive,10.853308219178082,0.0,10.853308219178082,1.0,1.132867132867133,11.310734463276837,71.5,0.0,0
store_0005,sku_00066,Toys,ML_95,6.906650684931507,0.0,6.906650684931507,1.0,1.7802197802197801,7.19774011299435,45.5,0.0,0
store_0005,sku_00066,Toys,ML_99,6.906650684931507,0.0,6.906650684931507,1.0,1.7802197802197801,7.19774011299435,45.5,0.0,0
store_0005,sku_00067,Meat,baseline_rolling_mean,0.3513972602739725,52.47,52.82139726027397,0.782608695652174,7.318181818181818,5.176470588235294,3.142857142857143,5.0,3
store_0005,sku_00067,Meat,baseline_seasonal_naive,0.678835616438356,31.482,32.160835616438355,0.8695652173913043,3.7882352941176474,10.0,6.071428571428571,3.0,1
store_0005,sku_00067,Meat,ML_95,0.7826575342465754,0.0,0.7826575342465754,1.0,3.2857142857142856,11.529411764705884,7.0,0.0,0
store_0005,sku_00067,Meat,ML_99,0.7826575342465754,0.0,0.7826575342465754,1.0,3.2857142857142856,11.529411764705884,7.0,0.0,0
store_0005,sku_00068,Toys,baseline_rolling_mean,1.3719452054794523,0.0,1.3719452054794523,1.0,3.230769230769231,6.933333333333334,7.428571428571429,0.0,0
store_0005,sku_00068,Toys,baseline_seasonal_naive,0.699164383561644,104.00400000000002,104.70316438356166,0.75,6.339622641509434,3.533333333333333,3.7857142857142856,6.0,3
store_0005,sku_00068,Toys,ML_95,1.1081095890410961,0.0,1.1081095890410961,1.0,4.0,5.6000000000000005,6.0,0.0,0
store_0005,sku_00068,Toys,ML_99,1.1081095890410961,0.0,1.1081095890410961,1.0,4.0,5.6000000000000005,6.0,0.0,0
store_0005,sku_00069,Grocery,baseline_rolling_mean,0.5557602739726026,0.0,0.5557602739726026,1.0,0.3783783783783784,12.333333333333334,2.642857142857143,0.0,0
store_0005,sku_00069,Grocery,baseline_seasonal_naive,0.8862123287671233,0.0,0.8862123287671233,1.0,0.23728813559322035,19.666666666666668,4.214285714285714,0.0,0
store_0005,sku_00069,Grocery,ML_95,0.5557602739726026,0.0,0.5557602739726026,1.0,0.3783783783783784,12.333333333333334,2.642857142857143,0.0,0
store_0005,sku_00069,Grocery,ML_99,0.5557602739726026,0.0,0.5557602739726026,1.0,0.3783783783783784,12.333333333333334,2.642857142857143,0.0,0
store_0005,sku_00070,Office,baseline_rolling_mean,0.8643698630136986,0.0,0.8643698630136986,1.0,1.2280701754385965,10.363636363636363,12.214285714285714,0.0,0
store_0005,sku_00070,Office,baseline_seasonal_naive,1.0513972602739727,0.0,1.0513972602739727,1.0,1.0096153846153846,12.606060606060606,14.857142857142858,0.0,0
store_0005,sku_00070,Office,ML_95,0.6823972602739726,0.0,0.6823972602739726,1.0,1.5555555555555556,8.181818181818182,9.642857142857142,0.0,0
store_0005,sku_00070,Office,ML_99,0.6823972602739726,0.0,0.6823972602739726,1.0,1.5555555555555556,8.181818181818182,9.642857142857142,0.0,0
store_0005,sku_00071,Office,baseline_rolling_mean,0.8313698630136986,13.004999999999999,13.836369863013697,0.9166666666666666,2.0,7.636363636363637,6.0,1.0,1
store_0005,sku_00071,Office,baseline_seasonal_naive,3.513527397260274,0.0,3.513527397260274,1.0,0.4732394366197183,32.27272727272727,25.357142857142858,0.0,0
store_0005,sku_00071,Office,ML_95,1.2668493150684932,0.0,1.2668493150684932,1.0,1.3125,11.636363636363637,9.142857142857142,0.0,0
store_0005,sku_00071,Office,ML_99,1.2668493150684932,0.0,1.2668493150684932,1.0,1.3125,11.636363636363637,9.142857142857142,0.0,0
store_0005,sku_00072,Office,baseline_rolling_mean,0.744349315068493,0.0,0.744349315068493,1.0,1.7333333333333334,11.052631578947368,7.5,0.0,0
store_0005,sku_00072,Office,baseline_seasonal_naive,1.070445205479452,0.0,1.070445205479452,1.0,1.205298013245033,15.894736842105264,10.785714285714286,0.0,0
store_0005,sku_00072,Office,ML_95,0.7514383561643835,0.0,0.7514383561643835,1.0,1.7169811320754718,11.157894736842104,7.571428571428571,0.0,0
store_0005,sku_00072,Office,ML_99,0.7514383561643835,0.0,0.7514383561643835,1.0,1.7169811320754718,11.157894736842104,7.571428571428571,0.0,0
store_0005,sku_00073,Home,baseline_rolling_mean,4.9718835616438355,0.0,4.9718835616438355,1.0,1.879858657243816,9.129032258064516,20.214285714285715,0.0,0
store_0005,sku_00073,Home,baseline_seasonal_naive,4.550239726027397,0.0,4.550239726027397,1.0,2.054054054054054,8.354838709677418,18.5,0.0,0
store_0005,sku_00073,Home,ML_95,5.2178424657534235,0.0,5.2178424657534235,1.0,1.791245791245791,9.580645161290322,21.214285714285715,0.0,0
store_0005,sku_00073,Home,ML_99,5.2178424657534235,0.0,5.2178424657534235,1.0,1.791245791245791,9.580645161290322,21.214285714285715,0.0,0
store_0005,sku_00074,Pet,baseline_rolling_mean,0.18945205479452054,0.0,0.18945205479452054,1.0,2.8000000000000003,7.058823529411765,4.285714285714286,0.0,0
store_0005,sku_00074,Pet,baseline_seasonal_naive,0.5020479452054795,0.0,0.5020479452054795,1.0,1.0566037735849056,18.705882352941178,11.357142857142858,0.0,0
store_0005,sku_00074,Pet,ML_95,0.3094383561643836,4.149,4.458438356164383,0.9166666666666666,1.7142857142857142,11.529411764705884,7.0,1.0,1
store_0005,sku_00074,Pet,ML_99,0.3094383561643836,4.149,4.458438356164383,0.9166666666666666,1.7142857142857142,11.529411764705884,7.0,1.0,1
store_0005,sku_00075,Seasonal,baseline_rolling_mean,1.6418082191780823,0.0,1.6418082191780823,1.0,2.2105263157894735,9.212121212121213,10.857142857142858,0.0,0
store_0005,sku_00075,Seasonal,baseline_seasonal_naive,2.5599246575342467,0.0,2.5599246575342467,1.0,1.417721518987342,14.363636363636362,16.928571428571427,0.0,0
store_0005,sku_00075,Seasonal,ML_95,1.1881506849315069,14.193,15.381150684931507,0.9583333333333334,3.0545454545454547,6.666666666666666,7.857142857142857,1.0,1
store_0005,sku_00075,Seasonal,ML_99,1.1881506849315069,14.193,15.381150684931507,0.9583333333333334,3.0545454545454547,6.666666666666666,7.857142857142857,1.0,1
store_0005,sku_00076,Beverages,baseline_rolling_mean,1.7697397260273966,0.0,1.7697397260273966,1.0,0.6131386861313868,10.96,9.785714285714286,0.0,0
store_0005,sku_00076,Beverages,baseline_seasonal_naive,3.126109589041095,0.0,3.126109589041095,1.0,0.34710743801652894,19.36,17.285714285714285,0.0,0
store_0005,sku_00076,Beverages,ML_95,1.7697397260273966,0.0,1.7697397260273966,1.0,0.6131386861313868,10.96,9.785714285714286,0.0,0
store_0005,sku_00076,Beverages,ML_99,1.7697397260273966,0.0,1.7697397260273966,1.0,0.6131386861313868,10.96,9.785714285714286,0.0,0
store_0005,sku_00077,Office,baseline_rolling_mean,2.324273972602739,0.0,2.324273972602739,1.0,1.2125984251968505,14.514285714285714,18.142857142857142,0.0,0
store_0005,sku_00077,Office,baseline_seasonal_naive,2.5621917808219177,0.0,2.5621917808219177,1.0,1.1,16.0,20.0,0.0,0
store_0005,sku_00077,Office,ML_95,1.5190136986301364,12.024000000000001,13.543013698630137,0.9545454545454546,1.855421686746988,9.485714285714286,11.857142857142858,1.0,1
store_0005,sku_00077,Office,ML_99,1.5190136986301364,12.024000000000001,13.543013698630137,0.9545454545454546,1.855421686746988,9.485714285714286,11.857142857142858,1.0,1
store_0005,sku_00078,Electronics,baseline_rolling_mean,5.3921095890410955,0.0,5.3921095890410955,1.0,0.494949494949495,17.217391304347824,14.142857142857142,0.0,0
store_0005,sku_00078,Electronics,baseline_seasonal_naive,8.82345205479452,0.0,8.82345205479452,1.0,0.30246913580246915,28.17391304347826,23.142857142857142,0.0,0
store_0005,sku_00078,Electronics,ML_95,3.867068493150684,0.0,3.867068493150684,1.0,0.6901408450704226,12.347826086956522,10.142857142857142,0.0,0
store_0005,sku_00078,Electronics,ML_99,3.867068493150684,0.0,3.867068493150684,1.0,0.6901408450704226,12.347826086956522,10.142857142857142,0.0,0
store_0005,sku_00079,Pet,baseline_rolling_mean,0.6538356164383561,0.0,0.6538356164383561,1.0,1.3873873873873874,10.090909090909092,7.928571428571429,0.0,0
store_0005,sku_00079,Pet,baseline_seasonal_naive,1.077945205479452,0.0,1.077945205479452,1.0,0.8415300546448088,16.636363636363637,13.071428571428571,0.0,0
store_0005,sku_00079,Pet,ML_95,0.6126027397260274,0.0,0.6126027397260274,1.0,1.4807692307692306,9.454545454545455,7.428571428571429,0.0,0
store_0005,sku_00079,Pet,ML_99,0.6126027397260274,0.0,0.6126027397260274,1.0,1.4807692307692306,9.454545454545455,7.428571428571429,0.0,0
store_0005,sku_00080,Baby,baseline_rolling_mean,0.15121917808219176,15.686999999999998,15.83821917808219,0.7692307692307692,4.789473684210526,9.500000000000002,2.7142857142857144,3.0,3
store_0005,sku_00080,Baby,baseline_seasonal_naive,0.1193835616438356,36.602999999999994,36.72238356164383,0.46153846153846156,6.066666666666666,7.5,2.142857142857143,7.0,5
store_0005,sku_00080,Baby,ML_95,0.4576369863013698,15.686999999999998,16.144636986301368,0.7692307692307692,1.582608695652174,28.75,8.214285714285714,3.0,3
store_0005,sku_00080,Baby,ML_99,0.4576369863013698,15.686999999999998,16.144636986301368,0.7692307692307692,1.582608695652174,28.75,8.214285714285714,3.0,3
store_0005,sku_00081,Electronics,baseline_rolling_mean,0.4371506849315069,0.0,0.4371506849315069,1.0,0.875,16.0,1.1428571428571428,0.0,0
store_0005,sku_00081,Electronics,baseline_seasonal_naive,0.9562671232876714,0.0,0.9562671232876714,1.0,0.4,35.0,2.5,0.0,0
store_0005,sku_00081,Electronics,ML_95,0.4644726027397261,0.0,0.4644726027397261,1.0,0.823529411764706,17.0,1.2142857142857142,0.0,0
store_0005,sku_00081,Electronics,ML_99,0.4644726027397261,0.0,0.4644726027397261,1.0,0.823529411764706,17.0,1.2142857142857142,0.0,0
store_0005,sku_00082,Grocery,baseline_rolling_mean,7.194678082191778,0.0,7.194678082191778,1.0,1.1208151382823872,10.734375,49.07142857142857,0.0,0
store_0005,sku_00082,Grocery,baseline_seasonal_naive,7.477438356164384,0.0,7.477438356164384,1.0,1.0784313725490196,11.15625,51.0,0.0,0
store_0005,sku_00082,Grocery,ML_95,4.869760273972602,0.0,4.869760273972602,1.0,1.6559139784946235,7.265625000000001,33.214285714285715,0.0,0
store_0005,sku_00082,Grocery,ML_99,4.869760273972602,0.0,4.869760273972602,1.0,1.6559139784946235,7.265625000000001,33.214285714285715,0.0,0
store_0005,sku_00083,Produce,baseline_rolling_mean,3.4547260273972595,0.0,3.4547260273972595,1.0,1.4000000000000001,8.679245283018867,16.428571428571427,0.0,0
store_0005,sku_00083,Produce,baseline_seasonal_naive,7.07467808219178,0.0,7.07467808219178,1.0,0.6836518046709129,17.77358490566038,33.642857142857146,0.0,0
store_0005,sku_00083,Produce,ML_95,3.15431506849315,0.0,3.15431506849315,1.0,1.5333333333333334,7.9245283018867925,15.0,0.0,0
store_0005,sku_00083,Produce,ML_99,3.15431506849315,0.0,3.15431506849315,1.0,1.5333333333333334,7.9245283018867925,15.0,0.0,0
store_0005,sku_00084,Frozen,baseline_rolling_mean,0.5276712328767124,0.0,0.5276712328767124,1.0,2.333333333333333,7.058823529411765,12.857142857142858,0.0,0
store_0005,sku_00084,Frozen,baseline_seasonal_naive,0.8325479452054795,0.0,0.8325479452054795,1.0,1.4788732394366197,11.137254901960784,20.285714285714285,0.0,0
store_0005,sku_00084,Frozen,ML_95,0.5833698630136986,0.0,0.5833698630136986,1.0,2.1105527638190957,7.803921568627451,14.214285714285714,0.0,0
store_0005,sku_00084,Frozen,ML_99,0.5833698630136986,0.0,0.5833698630136986,1.0,2.1105527638190957,7.803921568627451,14.214285714285714,0.0,0
store_0005,sku_00085,Produce,baseline_rolling_mean,6.905945205479451,0.0,6.905945205479451,1.0,1.5500878734622143,8.753846153846153,40.642857142857146,0.0,0
store_0005,sku_00085,Produce,baseline_seasonal_naive,10.182931506849314,0.0,10.182931506849314,1.0,1.0512514898688916,12.907692307692306,59.92857142857143,0.0,0
store_0005,sku_00085,Produce,ML_95,5.000438356164384,0.0,5.000438356164384,1.0,2.1407766990291264,6.338461538461537,29.428571428571427,0.0,0
store_0005,sku_00085,Produce,ML_99,5.000438356164384,0.0,5.000438356164384,1.0,2.1407766990291264,6.338461538461537,29.428571428571427,0.0,0
store_0005,sku_00086,Household,baseline_rolling_mean,1.0948219178082195,0.0,1.0948219178082195,1.0,1.0224719101123596,9.621621621621621,12.714285714285714,0.0,0
store_0005,sku_00086,Household,baseline_seasonal_naive,1.1563287671232878,0.0,1.1563287671232878,1.0,0.9680851063829787,10.162162162162163,13.428571428571429,0.0,0
store_0005,sku_00086,Household,ML_95,1.0702191780821917,0.0,1.0702191780821917,1.0,1.0459770114942528,9.405405405405405,12.428571428571429,0.0,0
store_0005,sku_00086,Household,ML_99,1.0702191780821917,0.0,1.0702191780821917,1.0,1.0459770114942528,9.405405405405405,12.428571428571429,0.0,0
store_0005,sku_00087,Home,baseline_rolling_mean,3.3005479452054796,0.0,3.3005479452054796,1.0,1.6,7.777777777777777,10.0,0.0,0
store_0005,sku_00087,Home,baseline_seasonal_naive,6.695397260273972,0.0,6.695397260273972,1.0,0.7887323943661972,15.777777777777775,20.285714285714285,0.0,0
store_0005,sku_00087,Home,ML_95,2.734739726027397,0.0,2.734739726027397,1.0,1.9310344827586206,6.444444444444445,8.285714285714286,0.0,0
store_0005,sku_00087,Home,ML_99,2.734739726027397,0.0,2.734739726027397,1.0,1.9310344827586206,6.444444444444445,8.285714285714286,0.0,0
store_0005,sku_00088,Home,baseline_rolling_mean,0.8223561643835617,16.884,17.70635616438356,0.9333333333333333,3.046875,6.892307692307693,4.923076923076923,1.0,1
store_0005,sku_00088,Home,baseline_seasonal_naive,1.4648219178082194,33.768,35.232821917808224,0.8666666666666667,1.7105263157894735,12.276923076923078,8.76923076923077,2.0,1
store_0005,sku_00088,Home,ML_95,1.336328767123288,0.0,1.336328767123288,1.0,1.875,11.2,8.0,0.0,0
store_0005,sku_00088,Home,ML_99,1.336328767123288,0.0,1.336328767123288,1.0,1.875,11.2,8.0,0.0,0
store_0005,sku_00089,Pet,baseline_rolling_mean,5.0946575342465765,0.0,5.0946575342465765,1.0,2.289855072463768,7.346007604562738,69.0,0.0,0
store_0005,sku_00089,Pet,baseline_seasonal_naive,6.476438356164383,0.0,6.476438356164383,1.0,1.8013029315960913,9.338403041825094,87.71428571428571,0.0,0
store_0005,sku_00089,Pet,ML_95,5.6747945205479455,48.51,54.184794520547946,0.9556962025316456,2.0557620817843865,8.182509505703424,76.85714285714286,7.0,1
store_0005,sku_00089,Pet,ML_99,5.6747945205479455,48.51,54.184794520547946,0.9556962025316456,2.0557620817843865,8.182509505703424,76.85714285714286,7.0,1
store_0005,sku_00090,Automotive,baseline_rolling_mean,0.052000000000000005,0.0,0.052000000000000005,1.0,1.0769230769230769,8.666666666666668,1.8571428571428572,0.0,0
store_0005,sku_00090,Automotive,baseline_seasonal_naive,0.04000000000000001,0.0,0.04000000000000001,1.0,1.4,6.666666666666667,1.4285714285714286,0.0,0
store_0005,sku_00090,Automotive,ML_95,0.04000000000000001,0.0,0.04000000000000001,1.0,1.4,6.666666666666667,1.4285714285714286,0.0,0
store_0005,sku_00090,Automotive,ML_99,0.04000000000000001,0.0,0.04000000000000001,1.0,1.4,6.666666666666667,1.4285714285714286,0.0,0
store_0005,sku_00091,Electronics,baseline_rolling_mean,5.166821917808218,0.0,5.166821917808218,1.0,0.8198198198198198,13.058823529411766,15.857142857142858,0.0,0
store_0005,sku_00091,Electronics,baseline_seasonal_naive,7.564041095890411,0.0,7.564041095890411,1.0,0.5599999999999999,19.117647058823533,23.214285714285715,0.0,0
store_0005,sku_00091,Electronics,ML_95,2.8161506849315057,0.0,2.8161506849315057,1.0,1.5041322314049588,7.11764705882353,8.642857142857142,0.0,0
store_0005,sku_00091,Electronics,ML_99,2.8161506849315057,0.0,2.8161506849315057,1.0,1.5041322314049588,7.11764705882353,8.642857142857142,0.0,0
store_0005,sku_00092,Dairy,baseline_rolling_mean,1.3910821917808218,0.0,1.3910821917808218,1.0,3.303370786516854,6.357142857142857,6.357142857142857,0.0,0
store_0005,sku_00092,Dairy,baseline_seasonal_naive,3.2666986301369865,0.0,3.2666986301369865,1.0,1.4066985645933014,14.928571428571429,14.928571428571429,0.0,0
store_0005,sku_00092,Dairy,ML_95,1.5942739726027395,20.538,22.13227397260274,0.9523809523809523,2.8823529411764706,7.285714285714286,7.285714285714286,1.0,1
store_0005,sku_00092,Dairy,ML_99,1.5942739726027395,20.538,22.13227397260274,0.9523809523809523,2.8823529411764706,7.285714285714286,7.285714285714286,1.0,1
store_0005,sku_00093,Office,baseline_rolling_mean,1.8372465753424658,0.0,1.8372465753424658,1.0,1.2816901408450705,8.606060606060606,10.142857142857142,0.0,0
store_0005,sku_00093,Office,baseline_seasonal_naive,2.65236301369863,0.0,2.65236301369863,1.0,0.8878048780487805,12.424242424242424,14.642857142857142,0.0,0
store_0005,sku_00093,Office,ML_95,1.798431506849315,0.0,1.798431506849315,1.0,1.3093525179856116,8.424242424242424,9.928571428571429,0.0,0
store_0005,sku_00093,Office,ML_99,1.798431506849315,0.0,1.798431506849315,1.0,1.3093525179856116,8.424242424242424,9.928571428571429,0.0,0
store_0005,sku_00094,Electronics,baseline_rolling_mean,4.608876712328768,0.0,4.608876712328768,1.0,1.0,10.666666666666666,16.0,0.0,0
store_0005,sku_00094,Electronics,baseline_seasonal_naive,4.485424657534247,0.0,4.485424657534247,1.0,1.0275229357798166,10.380952380952381,15.571428571428571,0.0,0
store_0005,sku_00094,Electronics,ML_95,2.798246575342466,0.0,2.798246575342466,1.0,1.647058823529412,6.476190476190475,9.714285714285714,0.0,0
store_0005,sku_00094,Electronics,ML_99,2.798246575342466,0.0,2.798246575342466,1.0,1.647058823529412,6.476190476190475,9.714285714285714,0.0,0
store_0005,sku_00095,Apparel,baseline_rolling_mean,0.4983904109589042,0.0,0.4983904109589042,1.0,1.5272727272727271,8.25,11.785714285714286,0.0,0
store_0005,sku_00095,Apparel,baseline_seasonal_naive,0.5467191780821918,0.0,0.5467191780821918,1.0,1.3922651933701657,9.05,12.928571428571429,0.0,0
store_0005,sku_00095,Apparel,ML_95,0.45610273972602744,0.0,0.45610273972602744,1.0,1.6688741721854303,7.550000000000001,10.785714285714286,0.0,0
store_0005,sku_00095,Apparel,ML_99,0.45610273972602744,0.0,0.45610273972602744,1.0,1.6688741721854303,7.550000000000001,10.785714285714286,0.0,0
store_0005,sku_00096,Electronics,baseline_rolling_mean,4.787547945205479,0.0,4.787547945205479,1.0,1.3470790378006874,12.382978723404255,20.785714285714285,0.0,0
store_0005,sku_00096,Electronics,baseline_seasonal_naive,8.11086301369863,0.0,8.11086301369863,1.0,0.795131845841785,20.97872340425532,35.214285714285715,0.0,0
store_0005,sku_00096,Electronics,ML_95,4.113013698630136,21.618,25.731013698630136,0.9642857142857143,1.568,10.638297872340425,17.857142857142858,1.0,1
store_0005,sku_00096,Electronics,ML_99,4.113013698630136,21.618,25.731013698630136,0.9642857142857143,1.568,10.638297872340425,17.857142857142858,1.0,1
store_0005,sku_00097,Electronics,baseline_rolling_mean,2.0045068493150686,0.0,2.0045068493150686,1.0,1.6024096385542168,9.485714285714286,11.857142857142858,0.0,0
store_0005,sku_00097,Electronics,baseline_seasonal_naive,2.9705342465753426,0.0,2.9705342465753426,1.0,1.08130081300813,14.057142857142859,17.571428571428573,0.0,0
store_0005,sku_00097,Electronics,ML_95,1.6543219178082191,0.0,1.6543219178082191,1.0,1.9416058394160582,7.828571428571429,9.785714285714286,0.0,0
store_0005,sku_00097,Electronics,ML_99,1.6543219178082191,0.0,1.6543219178082191,1.0,1.9416058394160582,7.828571428571429,9.785714285714286,0.0,0
store_0005,sku_00098,Dairy,baseline_rolling_mean,2.4767123287671233,0.0,2.4767123287671233,1.0,1.4867256637168142,9.04,16.142857142857142,0.0,0
store_0005,sku_00098,Dairy,baseline_seasonal_naive,3.32054794520548,0.0,3.32054794520548,1.0,1.108910891089109,12.12,21.642857142857142,0.0,0
store_0005,sku_00098,Dairy,ML_95,1.9726027397260275,0.0,1.9726027397260275,1.0,1.8666666666666667,7.2,12.857142857142858,0.0,0
store_0005,sku_00098,Dairy,ML_99,1.9726027397260275,0.0,1.9726027397260275,1.0,1.8666666666666667,7.2,12.857142857142858,0.0,0
store_0005,sku_00099,Electronics,baseline_rolling_mean,2.022075342465753,33.632999999999996,35.65507534246575,0.9583333333333334,4.253164556962025,5.448275862068965,5.642857142857143,1.0,1
store_0005,sku_00099,Electronics,baseline_seasonal_naive,3.3018698630136982,0.0,3.3018698630136982,1.0,2.604651162790698,8.896551724137929,9.214285714285714,0.0,0
store_0005,sku_00099,Electronics,ML_95,3.225082191780822,0.0,3.225082191780822,1.0,2.6666666666666665,8.689655172413792,9.0,0.0,0
store_0005,sku_00099,Electronics,ML_99,3.225082191780822,0.0,3.225082191780822,1.0,2.6666666666666665,8.689655172413792,9.0,0.0,0
store_0005,sku_00100,Office,baseline_rolling_mean,1.4210136986301372,0.0,1.4210136986301372,1.0,1.3725490196078431,9.870967741935484,10.928571428571429,0.0,0
store_0005,sku_00100,Office,baseline_seasonal_naive,1.588191780821918,0.0,1.588191780821918,1.0,1.2280701754385965,11.032258064516128,12.214285714285714,0.0,0
store_0005,sku_00100,Office,ML_95,0.7987397260273972,0.0,0.7987397260273972,1.0,2.441860465116279,5.548387096774194,6.142857142857143,0.0,0
store_0005,sku_00100,Office,ML_99,0.7987397260273972,0.0,0.7987397260273972,1.0,2.441860465116279,5.548387096774194,6.142857142857143,0.0,0
store_0005,sku_00101,Health,baseline_rolling_mean,0.15854109589041096,0.0,0.15854109589041096,1.0,2.481012658227848,6.0769230769230775,5.642857142857143,0.0,0
store_0005,sku_00101,Health,baseline_seasonal_naive,0.17860958904109586,0.0,0.17860958904109586,1.0,2.202247191011236,6.846153846153846,6.357142857142857,0.0,0
store_0005,sku_00101,Health,ML_95,0.24684246575342464,0.0,0.24684246575342464,1.0,1.5934959349593494,9.461538461538462,8.785714285714286,0.0,0
store_0005,sku_00101,Health,ML_99,0.2528630136986301,0.0,0.2528630136986301,1.0,1.5555555555555556,9.692307692307692,9.0,0.0,0
store_0005,sku_00102,Apparel,baseline_rolling_mean,0.5584109589041095,0.0,0.5584109589041095,1.0,1.5949367088607593,10.89655172413793,11.285714285714286,0.0,0
store_0005,sku_00102,Apparel,baseline_seasonal_naive,1.1698356164383563,0.0,1.1698356164383563,1.0,0.7613293051359517,22.827586206896548,23.642857142857142,0.0,0
store_0005,sku_00102,Apparel,ML_95,0.6008219178082193,0.0,0.6008219178082193,1.0,1.4823529411764707,11.72413793103448,12.142857142857142,0.0,0
store_0005,sku_00102,Apparel,ML_99,0.6008219178082193,0.0,0.6008219178082193,1.0,1.4823529411764707,11.72413793103448,12.142857142857142,0.0,0
store_0005,sku_00103,Grocery,baseline_rolling_mean,0.270931506849315,12.276,12.546931506849315,0.75,1.9310344827586206,11.600000000000001,2.0714285714285716,1.0,1
store_0005,sku_00103,Grocery,baseline_seasonal_naive,0.270931506849315,12.276,12.546931506849315,0.75,1.9310344827586206,11.600000000000001,2.0714285714285716,1.0,1
store_0005,sku_00103,Grocery,ML_95,0.33632876712328763,12.276,12.612328767123287,0.75,1.5555555555555554,14.4,2.5714285714285716,1.0,1
store_0005,sku_00103,Grocery,ML_99,0.33632876712328763,12.276,12.612328767123287,0.75,1.5555555555555554,14.4,2.5714285714285716,1.0,1
store_0005,sku_00104,Health,baseline_rolling_mean,0.35523972602739723,0.0,0.35523972602739723,1.0,1.3658536585365855,9.761904761904761,14.642857142857142,0.0,0
store_0005,sku_00104,Health,baseline_seasonal_naive,0.6480958904109589,0.0,0.6480958904109589,1.0,0.7486631016042781,17.80952380952381,26.714285714285715,0.0,0
store_0005,sku_00104,Health,ML_95,0.2841917808219178,0.0,0.2841917808219178,1.0,1.707317073170732,7.809523809523809,11.714285714285714,0.0,0
store_0005,sku_00104,Health,ML_99,0.2841917808219178,0.0,0.2841917808219178,1.0,1.707317073170732,7.809523809523809,11.714285714285714,0.0,0
store_0005,sku_00105,Household,baseline_rolling_mean,1.3250410958904109,0.0,1.3250410958904109,1.0,1.7663551401869158,7.5087719298245625,15.285714285714286,0.0,0
store_0005,sku_00105,Household,baseline_seasonal_naive,1.6346301369863012,0.0,1.6346301369863012,1.0,1.4318181818181819,9.263157894736842,18.857142857142858,0.0,0
store_0005,sku_00105,Household,ML_95,1.0587945205479452,0.0,1.0587945205479452,1.0,2.210526315789474,6.0,12.214285714285714,0.0,0
store_0005,sku_00105,Household,ML_99,1.0587945205479452,0.0,1.0587945205479452,1.0,2.210526315789474,6.0,12.214285714285714,0.0,0
store_0005,sku_00106,Bakery,baseline_rolling_mean,2.9092123287671234,0.0,2.9092123287671234,1.0,1.1711026615969582,8.766666666666666,18.785714285714285,0.0,0
store_0005,sku_00106,Bakery,baseline_seasonal_naive,4.833938356164382,0.0,4.833938356164382,1.0,0.7048054919908466,14.566666666666668,31.214285714285715,0.0,0
store_0005,sku_00106,Bakery,ML_95,2.853904109589041,0.0,2.853904109589041,1.0,1.1937984496124032,8.6,18.428571428571427,0.0,0
store_0005,sku_00106,Bakery,ML_99,2.853904109589041,0.0,2.853904109589041,1.0,1.1937984496124032,8.6,18.428571428571427,0.0,0
store_0005,sku_00107,Frozen,baseline_rolling_mean,1.1803013698630138,0.0,1.1803013698630138,1.0,1.4104477611940298,10.719999999999999,19.142857142857142,0.0,0
store_0005,sku_00107,Frozen,baseline_seasonal_naive,1.374082191780822,0.0,1.374082191780822,1.0,1.2115384615384617,12.479999999999999,22.285714285714285,0.0,0
store_0005,sku_00107,Frozen,ML_95,0.7619109589041095,0.0,0.7619109589041095,1.0,2.184971098265896,6.92,12.357142857142858,0.0,0
store_0005,sku_00107,Frozen,ML_99,0.7619109589041095,0.0,0.7619109589041095,1.0,2.184971098265896,6.92,12.357142857142858,0.0,0
store_0005,sku_00108,Beverages,baseline_rolling_mean,1.2666164383561647,0.0,1.2666164383561647,1.0,0.7058823529411765,17.0,8.5,0.0,0
store_0005,sku_00108,Beverages,baseline_seasonal_naive,2.7354657534246574,0.0,2.7354657534246574,1.0,0.32684824902723736,36.714285714285715,18.357142857142858,0.0,0
store_0005,sku_00108,Beverages,ML_95,0.40446575342465746,0.0,0.40446575342465746,1.0,2.2105263157894735,5.428571428571429,2.7142857142857144,0.0,0
store_0005,sku_00108,Beverages,ML_99,0.40446575342465746,0.0,0.40446575342465746,1.0,2.2105263157894735,5.428571428571429,2.7142857142857144,0.0,0
store_0005,sku_00109,Household,baseline_rolling_mean,0.6604931506849315,0.0,0.6604931506849315,1.0,1.4166666666666667,8.0,12.0,0.0,0
store_0005,sku_00109,Household,baseline_seasonal_naive,1.4625205479452057,0.0,1.4625205479452057,1.0,0.6397849462365591,17.714285714285715,26.571428571428573,0.0,0
store_0005,sku_00109,Household,ML_95,0.5897260273972602,0.0,0.5897260273972602,1.0,1.5866666666666667,7.142857142857142,10.714285714285714,0.0,0
store_0005,sku_00109,Household,ML_99,0.5897260273972602,0.0,0.5897260273972602,1.0,1.5866666666666667,7.142857142857142,10.714285714285714,0.0,0
store_0005,sku_00110,Bakery,baseline_rolling_mean,1.50158904109589,0.0,1.50158904109589,1.0,1.1323529411764708,10.46153846153846,9.714285714285714,0.0,0
store_0005,sku_00110,Bakery,baseline_seasonal_naive,3.0694246575342468,0.0,3.0694246575342468,1.0,0.5539568345323741,21.384615384615383,19.857142857142858,0.0,0
store_0005,sku_00110,Bakery,ML_95,1.0047397260273971,0.0,1.0047397260273971,1.0,1.6923076923076923,7.0,6.5,0.0,0
store_0005,sku_00110,Bakery,ML_99,1.0047397260273971,0.0,1.0047397260273971,1.0,1.6923076923076923,7.0,6.5,0.0,0
store_0005,sku_00111,Automotive,baseline_rolling_mean,0.21936986301369868,0.0,0.21936986301369868,1.0,3.156862745098039,6.181818181818182,7.285714285714286,0.0,0
store_0005,sku_00111,Automotive,baseline_seasonal_naive,0.3312054794520548,0.0,0.3312054794520548,1.0,2.090909090909091,9.333333333333334,11.0,0.0,0
store_0005,sku_00111,Automotive,ML_95,0.29894520547945214,2.8259999999999996,3.1249452054794515,0.9565217391304348,2.316546762589928,8.424242424242424,9.928571428571429,1.0,1
store_0005,sku_00111,Automotive,ML_99,0.29894520547945214,2.8259999999999996,3.1249452054794515,0.9565217391304348,2.316546762589928,8.424242424242424,9.928571428571429,1.0,1
store_0005,sku_00112,Grocery,baseline_rolling_mean,3.0983835616438355,0.0,3.0983835616438355,1.0,1.221476510067114,9.3125,21.285714285714285,0.0,0
store_0005,sku_00112,Grocery,baseline_seasonal_naive,3.1399726027397263,0.0,3.1399726027397263,1.0,1.205298013245033,9.437500000000002,21.571428571428573,0.0,0
store_0005,sku_00112,Grocery,ML_95,2.3081917808219172,0.0,2.3081917808219172,1.0,1.6396396396396395,6.937500000000001,15.857142857142858,0.0,0
store_0005,sku_00112,Grocery,ML_99,2.3081917808219172,0.0,2.3081917808219172,1.0,1.6396396396396395,6.937500000000001,15.857142857142858,0.0,0
store_0005,sku_00113,Frozen,baseline_rolling_mean,0.9576164383561644,0.0,0.9576164383561644,1.0,2.518324607329843,7.618233618233618,14.692307692307692,0.0,0
store_0005,sku_00113,Frozen,baseline_seasonal_naive,1.2233424657534249,0.0,1.2233424657534249,1.0,1.971311475409836,9.732193732193732,18.76923076923077,0.0,0
store_0005,sku_00113,Frozen,ML_95,1.133095890410959,19.764000000000003,20.897095890410963,0.9189189189189189,2.1283185840707968,9.014245014245013,17.384615384615383,3.0,1
store_0005,sku_00113,Frozen,ML_99,1.133095890410959,19.764000000000003,20.897095890410963,0.9189189189189189,2.1283185840707968,9.014245014245013,17.384615384615383,3.0,1
store_0005,sku_00114,Toys,baseline_rolling_mean,0.8374246575342464,44.36999999999999,45.20742465753424,0.8333333333333334,3.387096774193548,6.7027027027027035,8.857142857142858,5.0,2
store_0005,sku_00114,Toys,baseline_seasonal_naive,1.5532876712328763,0.0,1.5532876712328763,1.0,1.8260869565217392,12.432432432432432,16.428571428571427,0.0,0
store_0005,sku_00114,Toys,ML_95,1.4992602739726029,8.873999999999999,10.373260273972601,0.9666666666666667,1.8918918918918919,12.0,15.857142857142858,1.0,1
store_0005,sku_00114,Toys,ML_99,1.4992602739726029,8.873999999999999,10.373260273972601,0.9666666666666667,1.8918918918918919,12.0,15.857142857142858,1.0,1
store_0005,sku_00115,Dairy,baseline_rolling_mean,1.0196232876712328,0.0,1.0196232876712328,1.0,2.210526315789474,9.047619047619047,6.785714285714286,0.0,0
store_0005,sku_00115,Dairy,baseline_seasonal_naive,1.5562671232876713,0.0,1.5562671232876713,1.0,1.4482758620689655,13.80952380952381,10.357142857142858,0.0,0
store_0005,sku_00115,Dairy,ML_95,0.6225068493150685,0.0,0.6225068493150685,1.0,3.6206896551724133,5.523809523809525,4.142857142857143,0.0,0
store_0005,sku_00115,Dairy,ML_99,0.6225068493150685,0.0,0.6225068493150685,1.0,3.6206896551724133,5.523809523809525,4.142857142857143,0.0,0
store_0005,sku_00116,Automotive,baseline_rolling_mean,0.27175342465753427,0.0,0.27175342465753427,1.0,3.0825688073394497,7.517241379310344,7.785714285714286,0.0,0
store_0005,sku_00116,Automotive,baseline_seasonal_naive,0.5061095890410959,0.0,0.5061095890410959,1.0,1.6551724137931034,13.999999999999998,14.5,0.0,0
store_0005,sku_00116,Automotive,ML_95,0.4886575342465753,3.2760000000000002,3.7646575342465756,0.9583333333333334,1.7142857142857142,13.517241379310343,14.0,1.0,1
store_0005,sku_00116,Automotive,ML_99,0.4886575342465753,3.2760000000000002,3.7646575342465756,0.9583333333333334,1.7142857142857142,13.517241379310343,14.0,1.0,1
store_0005,sku_00117,Beverages,baseline_rolling_mean,0.24193150684931505,0.0,0.24193150684931505,1.0,2.0,10.5,3.0,0.0,0
store_0005,sku_00117,Beverages,baseline_seasonal_naive,0.5069041095890411,0.0,0.5069041095890411,1.0,0.9545454545454546,22.0,6.285714285714286,0.0,0
store_0005,sku_00117,Beverages,ML_95,0.3571369863013699,0.0,0.3571369863013699,1.0,1.3548387096774193,15.500000000000002,4.428571428571429,0.0,0
store_0005,sku_00117,Beverages,ML_99,0.3571369863013699,0.0,0.3571369863013699,1.0,1.3548387096774193,15.500000000000002,4.428571428571429,0.0,0
store_0005,sku_00118,Garden,baseline_rolling_mean,17.7147602739726,0.0,17.7147602739726,1.0,1.4110236220472443,8.523489932885905,45.357142857142854,0.0,0
store_0005,sku_00118,Garden,baseline_seasonal_naive,20.392897260273973,0.0,20.392897260273973,1.0,1.225718194254446,9.812080536912752,52.214285714285715,0.0,0
store_0005,sku_00118,Garden,ML_95,15.9851301369863,0.0,15.9851301369863,1.0,1.5636998254799301,7.691275167785236,40.92857142857143,0.0,0
store_0005,sku_00118,Garden,ML_99,15.9851301369863,0.0,15.9851301369863,1.0,1.5636998254799301,7.691275167785236,40.92857142857143,0.0,0
store_0005,sku_00119,Beverages,baseline_rolling_mean,0.6568356164383561,0.0,0.6568356164383561,1.0,0.42424242424242425,14.666666666666666,4.714285714285714,0.0,0
store_0005,sku_00119,Beverages,baseline_seasonal_naive,1.2141506849315067,0.0,1.2141506849315067,1.0,0.2295081967213115,27.111111111111107,8.714285714285714,0.0,0
store_0005,sku_00119,Beverages,ML_95,0.5871712328767122,0.0,0.5871712328767122,1.0,0.4745762711864407,13.11111111111111,4.214285714285714,0.0,0
store_0005,sku_00119,Beverages,ML_99,0.5871712328767122,0.0,0.5871712328767122,1.0,0.4745762711864407,13.11111111111111,4.214285714285714,0.0,0
store_0005,sku_00120,Household,baseline_rolling_mean,1.5345616438356162,0.0,1.5345616438356162,1.0,0.4320987654320988,12.959999999999999,11.571428571428571,0.0,0
store_0005,sku_00120,Household,baseline_seasonal_naive,2.131335616438356,0.0,2.131335616438356,1.0,0.31111111111111106,18.0,16.071428571428573,0.0,0
store_0005,sku_00120,Household,ML_95,1.5345616438356162,0.0,1.5345616438356162,1.0,0.4320987654320988,12.959999999999999,11.571428571428571,0.0,0
store_0005,sku_00120,Household,ML_99,1.5345616438356162,0.0,1.5345616438356162,1.0,0.4320987654320988,12.959999999999999,11.571428571428571,0.0,0
store_0005,sku_00121,Home,baseline_rolling_mean,2.452493150684931,0.0,2.452493150684931,1.0,2.260869565217391,7.318181818181818,11.5,0.0,0
store_0005,sku_00121,Home,baseline_seasonal_naive,2.8485479452054796,0.0,2.8485479452054796,1.0,1.946524064171123,8.5,13.357142857142858,0.0,0
store_0005,sku_00121,Home,ML_95,2.8637808219178083,0.0,2.8637808219178083,1.0,1.9361702127659575,8.545454545454545,13.428571428571429,0.0,0
store_0005,sku_00121,Home,ML_99,2.8637808219178083,0.0,2.8637808219178083,1.0,1.9361702127659575,8.545454545454545,13.428571428571429,0.0,0
store_0005,sku_00122,Produce,baseline_rolling_mean,3.5768150684931506,0.0,3.5768150684931506,1.0,2.225941422594142,7.966666666666668,17.071428571428573,0.0,0
store_0005,sku_00122,Produce,baseline_seasonal_naive,6.061130136986302,0.0,6.061130136986302,1.0,1.3135802469135802,13.5,28.928571428571427,0.0,0
store_0005,sku_00122,Produce,ML_95,5.193116438356165,0.0,5.193116438356165,1.0,1.5331412103746398,11.566666666666666,24.785714285714285,0.0,0
store_0005,sku_00122,Produce,ML_99,5.193116438356165,0.0,5.193116438356165,1.0,1.5331412103746398,11.566666666666666,24.785714285714285,0.0,0
store_0005,sku_00123,Electronics,baseline_rolling_mean,6.287369863013698,0.0,6.287369863013698,1.0,0.5611510791366907,12.219780219780219,21.384615384615383,0.0,0
store_0005,sku_00123,Electronics,baseline_seasonal_naive,12.009328767123288,0.0,12.009328767123288,1.0,0.2937853107344633,23.34065934065934,40.84615384615385,0.0,0
store_0005,sku_00123,Electronics,ML_95,5.066082191780823,0.0,5.066082191780823,1.0,0.6964285714285715,9.846153846153845,17.23076923076923,0.0,0
store_0005,sku_00123,Electronics,ML_99,5.066082191780823,0.0,5.066082191780823,1.0,0.6964285714285715,9.846153846153845,17.23076923076923,0.0,0
store_0005,sku_00124,Baby,baseline_rolling_mean,0.23271232876712333,0.0,0.23271232876712333,1.0,0.22580645161290322,13.777777777777777,4.428571428571429,0.0,0
store_0005,sku_00124,Baby,baseline_seasonal_naive,0.4353972602739726,0.0,0.4353972602739726,1.0,0.12068965517241378,25.77777777777778,8.285714285714286,0.0,0
store_0005,sku_00124,Baby,ML_95,0.23271232876712333,0.0,0.23271232876712333,1.0,0.22580645161290322,13.777777777777777,4.428571428571429,0.0,0
store_0005,sku_00124,Baby,ML_99,0.23271232876712333,0.0,0.23271232876712333,1.0,0.22580645161290322,13.777777777777777,4.428571428571429,0.0,0
store_0005,sku_00125,Office,baseline_rolling_mean,1.2773561643835616,0.0,1.2773561643835616,1.0,1.0909090909090908,13.391304347826088,11.0,0.0,0
store_0005,sku_00125,Office,baseline_seasonal_naive,3.2514520547945205,0.0,3.2514520547945205,1.0,0.42857142857142855,34.08695652173913,28.0,0.0,0
store_0005,sku_00125,Office,ML_95,0.8294520547945204,0.0,0.8294520547945204,1.0,1.68,8.695652173913045,7.142857142857143,0.0,0
store_0005,sku_00125,Office,ML_99,0.8294520547945204,0.0,0.8294520547945204,1.0,1.68,8.695652173913045,7.142857142857143,0.0,0
store_0005,sku_00126,Bakery,baseline_rolling_mean,0.9401095890410958,0.0,0.9401095890410958,1.0,1.9534883720930232,10.11764705882353,6.142857142857143,0.0,0
store_0005,sku_00126,Bakery,baseline_seasonal_naive,1.6725205479452054,0.0,1.6725205479452054,1.0,1.0980392156862744,18.000000000000004,10.928571428571429,0.0,0
store_0005,sku_00126,Bakery,ML_95,0.8854520547945205,0.0,0.8854520547945205,1.0,2.074074074074074,9.529411764705882,5.785714285714286,0.0,0
store_0005,sku_00126,Bakery,ML_99,0.8854520547945205,0.0,0.8854520547945205,1.0,2.074074074074074,9.529411764705882,5.785714285714286,0.0,0
store_0005,sku_00127,Home,baseline_rolling_mean,2.6665068493150685,0.0,2.6665068493150685,1.0,0.8105263157894737,10.0,13.571428571428571,0.0,0
store_0005,sku_00127,Home,baseline_seasonal_naive,4.013794520547945,0.0,4.013794520547945,1.0,0.5384615384615385,15.052631578947366,20.428571428571427,0.0,0
store_0005,sku_00127,Home,ML_95,2.6665068493150685,0.0,2.6665068493150685,1.0,0.8105263157894737,10.0,13.571428571428571,0.0,0
store_0005,sku_00127,Home,ML_99,2.6665068493150685,0.0,2.6665068493150685,1.0,0.8105263157894737,10.0,13.571428571428571,0.0,0
store_0005,sku_00128,Household,baseline_rolling_mean,1.6206986301369866,0.0,1.6206986301369866,1.0,0.8672566371681416,15.586206896551722,16.142857142857142,0.0,0
store_0005,sku_00128,Household,baseline_seasonal_naive,2.4884178082191784,0.0,2.4884178082191784,1.0,0.5648414985590778,23.93103448275862,24.785714285714285,0.0,0
store_0005,sku_00128,Household,ML_95,0.7673219178082192,0.0,0.7673219178082192,1.0,1.8317757009345794,7.379310344827586,7.642857142857143,0.0,0
store_0005,sku_00128,Household,ML_99,0.7673219178082192,0.0,0.7673219178082192,1.0,1.8317757009345794,7.379310344827586,7.642857142857143,0.0,0
store_0005,sku_00129,Household,baseline_rolling_mean,0.7665890410958905,0.0,0.7665890410958905,1.0,1.7009345794392523,8.230769230769232,7.642857142857143,0.0,0
store_0005,sku_00129,Household,baseline_seasonal_naive,1.2895890410958906,0.0,1.2895890410958906,1.0,1.011111111111111,13.846153846153847,12.857142857142858,0.0,0
store_0005,sku_00129,Household,ML_95,0.5659863013698632,0.0,0.5659863013698632,1.0,2.3037974683544302,6.0769230769230775,5.642857142857143,0.0,0
store_0005,sku_00129,Household,ML_99,0.6662876712328769,0.0,0.6662876712328769,1.0,1.9569892473118278,7.153846153846154,6.642857142857143,0.0,0
store_0005,sku_00130,Household,baseline_rolling_mean,0.3411986301369863,10.935,11.276198630136987,0.8571428571428572,2.3902439024390247,7.454545454545454,2.9285714285714284,1.0,1
store_0005,sku_00130,Household,baseline_seasonal_naive,0.7073630136986303,0.0,0.7073630136986303,1.0,1.1529411764705884,15.454545454545455,6.071428571428571,0.0,0
store_0005,sku_00130,Household,ML_95,0.7489726027397261,0.0,0.7489726027397261,1.0,1.0888888888888888,16.363636363636363,6.428571428571429,0.0,0
store_0005,sku_00130,Household,ML_99,0.7489726027397261,0.0,0.7489726027397261,1.0,1.0888888888888888,16.363636363636363,6.428571428571429,0.0,0
store_0005,sku_00131,Toys,baseline_rolling_mean,10.840027397260274,0.0,10.840027397260274,1.0,1.7063142437591776,8.620253164556962,48.642857142857146,0.0,0
store_0005,sku_00131,Toys,baseline_seasonal_naive,11.174301369863013,0.0,11.174301369863013,1.0,1.655270655270655,8.886075949367088,50.142857142857146,0.0,0
store_0005,sku_00131,Toys,ML_95,6.717315068493151,20.915999999999997,27.633315068493147,0.9879518072289156,2.7535545023696684,5.341772151898733,30.142857142857142,1.0,1
store_0005,sku_00131,Toys,ML_99,6.733232876712329,20.915999999999997,27.649232876712325,0.9879518072289156,2.747044917257683,5.3544303797468356,30.214285714285715,1.0,1
store_0005,sku_00132,Health,baseline_rolling_mean,0.6988013698630137,0.0,0.6988013698630137,1.0,1.3818181818181818,10.0,27.5,0.0,0
store_0005,sku_00132,Health,baseline_seasonal_naive,1.3449657534246575,0.0,1.3449657534246575,1.0,0.717948717948718,19.246753246753247,52.92857142857143,0.0,0
store_0005,sku_00132,Health,ML_95,0.41746575342465747,0.0,0.41746575342465747,1.0,2.31304347826087,5.974025974025974,16.428571428571427,0.0,0
store_0005,sku_00132,Health,ML_99,0.41746575342465747,0.0,0.41746575342465747,1.0,2.31304347826087,5.974025974025974,16.428571428571427,0.0,0
store_0005,sku_00133,Meat,baseline_rolling_mean,1.4761232876712334,0.0,1.4761232876712334,1.0,1.1965811965811965,9.0,8.357142857142858,0.0,0
store_0005,sku_00133,Meat,baseline_seasonal_naive,2.8639315068493154,0.0,2.8639315068493154,1.0,0.6167400881057268,17.461538461538463,16.214285714285715,0.0,0
store_0005,sku_00133,Meat,ML_95,1.43827397260274,0.0,1.43827397260274,1.0,1.2280701754385965,8.769230769230768,8.142857142857142,0.0,0
store_0005,sku_00133,Meat,ML_99,1.43827397260274,0.0,1.43827397260274,1.0,1.2280701754385965,8.769230769230768,8.142857142857142,0.0,0
store_0005,sku_00134,Health,baseline_rolling_mean,0.6792876712328767,0.0,0.6792876712328767,1.0,1.9782608695652175,7.5102040816326525,13.142857142857142,0.0,0
store_0005,sku_00134,Health,baseline_seasonal_naive,1.443486301369863,0.0,1.443486301369863,1.0,0.9309462915601023,15.959183673469386,27.928571428571427,0.0,0
store_0005,sku_00134,Health,ML_95,0.6239109589041095,0.0,0.6239109589041095,1.0,2.1538461538461537,6.8979591836734695,12.071428571428571,0.0,0
store_0005,sku_00134,Health,ML_99,0.6239109589041095,0.0,0.6239109589041095,1.0,2.1538461538461537,6.8979591836734695,12.071428571428571,0.0,0
store_0005,sku_00135,Grocery,baseline_rolling_mean,1.0227945205479452,19.764,20.786794520547943,0.92,2.573529411764706,6.634146341463414,9.714285714285714,2.0,2
store_0005,sku_00135,Grocery,baseline_seasonal_naive,1.41386301369863,0.0,1.41386301369863,1.0,1.8617021276595744,9.170731707317074,13.428571428571429,0.0,0
store_0005,sku_00135,Grocery,ML_95,1.4063424657534247,0.0,1.4063424657534247,1.0,1.8716577540106951,9.121951219512196,13.357142857142858,0.0,0
store_0005,sku_00135,Grocery,ML_99,1.4063424657534247,0.0,1.4063424657534247,1.0,1.8716577540106951,9.121951219512196,13.357142857142858,0.0,0
store_0005,sku_00136,Produce,baseline_rolling_mean,0.7761917808219179,0.0,0.7761917808219179,1.0,2.2195121951219514,6.833333333333333,5.857142857142857,0.0,0
store_0005,sku_00136,Produce,baseline_seasonal_naive,0.8329863013698631,0.0,0.8329863013698631,1.0,2.0681818181818183,7.333333333333334,6.285714285714286,0.0,0
store_0005,sku_00136,Produce,ML_95,0.8897808219178085,0.0,0.8897808219178085,1.0,1.9361702127659575,7.833333333333334,6.714285714285714,0.0,0
store_0005,sku_00136,Produce,ML_99,0.8897808219178085,0.0,0.8897808219178085,1.0,1.9361702127659575,7.833333333333334,6.714285714285714,0.0,0
store_0005,sku_00137,Dairy,baseline_rolling_mean,2.881883561643836,0.0,2.881883561643836,1.0,1.4325581395348836,10.238095238095239,15.357142857142858,0.0,0
store_0005,sku_00137,Dairy,baseline_seasonal_naive,3.2706027397260273,0.0,3.2706027397260273,1.0,1.2622950819672132,11.619047619047619,17.428571428571427,0.0,0
store_0005,sku_00137,Dairy,ML_95,1.0991369863013698,0.0,1.0991369863013698,1.0,3.75609756097561,3.9047619047619047,5.857142857142857,0.0,0
store_0005,sku_00137,Dairy,ML_99,1.0991369863013698,0.0,1.0991369863013698,1.0,3.75609756097561,3.9047619047619047,5.857142857142857,0.0,0
store_0005,sku_00138,Office,baseline_rolling_mean,1.299205479452055,0.0,1.299205479452055,1.0,1.696969696969697,7.764705882352942,9.428571428571429,0.0,0
store_0005,sku_00138,Office,baseline_seasonal_naive,2.0866027397260276,0.0,2.0866027397260276,1.0,1.0566037735849056,12.470588235294118,15.142857142857142,0.0,0
store_0005,sku_00138,Office,ML_95,1.2696780821917808,0.0,1.2696780821917808,1.0,1.736434108527132,7.588235294117647,9.214285714285714,0.0,0
store_0005,sku_00138,Office,ML_99,1.2696780821917808,0.0,1.2696780821917808,1.0,1.736434108527132,7.588235294117647,9.214285714285714,0.0,0
store_0005,sku_00139,Seasonal,baseline_rolling_mean,4.116452054794521,0.0,4.116452054794521,1.0,2.30635838150289,7.134020618556701,24.714285714285715,0.0,0
store_0005,sku_00139,Seasonal,baseline_seasonal_naive,6.900410958904111,0.0,6.900410958904111,1.0,1.3758620689655172,11.958762886597938,41.42857142857143,0.0,0
store_0005,sku_00139,Seasonal,ML_95,4.735109589041096,62.532000000000004,67.2671095890411,0.9298245614035088,2.0050251256281406,8.206185567010309,28.428571428571427,4.0,1
store_0005,sku_00139,Seasonal,ML_99,4.735109589041096,62.532000000000004,67.2671095890411,0.9298245614035088,2.0050251256281406,8.206185567010309,28.428571428571427,4.0,1
store_0005,sku_00140,Home,baseline_rolling_mean,14.984452054794522,0.0,14.984452054794522,1.0,0.7993079584775087,12.98876404494382,41.285714285714285,0.0,0
store_0005,sku_00140,Home,baseline_seasonal_naive,27.920856164383565,0.0,27.920856164383565,1.0,0.4289693593314763,24.20224719101124,76.92857142857143,0.0,0
store_0005,sku_00140,Home,ML_95,10.810582191780822,0.0,10.810582191780822,1.0,1.1079136690647482,9.370786516853933,29.785714285714285,0.0,0
store_0005,sku_00140,Home,ML_99,10.810582191780822,0.0,10.810582191780822,1.0,1.1079136690647482,9.370786516853933,29.785714285714285,0.0,0
store_0005,sku_00141,Pet,baseline_rolling_mean,4.769835616438356,49.518,54.28783561643836,0.9492753623188406,2.18058690744921,7.00395256916996,63.285714285714285,7.0,1
store_0005,sku_00141,Pet,baseline_seasonal_naive,5.200520547945207,0.0,5.200520547945207,1.0,2.0,7.636363636363636,69.0,0.0,0
store_0005,sku_00141,Pet,ML_95,4.769835616438356,77.814,82.58383561643835,0.9202898550724637,2.18058690744921,7.00395256916996,63.285714285714285,11.0,1
store_0005,sku_00141,Pet,ML_99,4.769835616438356,77.814,82.58383561643835,0.9202898550724637,2.18058690744921,7.00395256916996,63.285714285714285,11.0,1
store_0005,sku_00142,Seasonal,baseline_rolling_mean,4.323945205479452,0.0,4.323945205479452,1.0,1.6041666666666665,7.6800000000000015,20.571428571428573,0.0,0
store_0005,sku_00142,Seasonal,baseline_seasonal_naive,4.7593424657534245,0.0,4.7593424657534245,1.0,1.4574132492113565,8.453333333333333,22.642857142857142,0.0,0
store_0005,sku_00142,Seasonal,ML_95,4.113753424657534,0.0,4.113753424657534,1.0,1.6861313868613137,7.3066666666666675,19.571428571428573,0.0,0
store_0005,sku_00142,Seasonal,ML_99,4.113753424657534,0.0,4.113753424657534,1.0,1.6861313868613137,7.3066666666666675,19.571428571428573,0.0,0
store_0005,sku_00143,Meat,baseline_rolling_mean,1.0219794520547945,0.0,1.0219794520547945,1.0,1.462686567164179,8.933333333333334,4.785714285714286,0.0,0
store_0005,sku_00143,Meat,baseline_seasonal_naive,1.1592602739726028,0.0,1.1592602739726028,1.0,1.2894736842105263,10.133333333333335,5.428571428571429,0.0,0
store_0005,sku_00143,Meat,ML_95,0.6101369863013698,0.0,0.6101369863013698,1.0,2.4499999999999997,5.333333333333334,2.857142857142857,0.0,0
store_0005,sku_00143,Meat,ML_99,0.6101369863013698,0.0,0.6101369863013698,1.0,2.4499999999999997,5.333333333333334,2.857142857142857,0.0,0
store_0005,sku_00144,Garden,baseline_rolling_mean,7.648767123287673,697.95,705.5987671232878,0.75,3.888888888888889,5.684210526315789,15.428571428571429,15.0,4
store_0005,sku_00144,Garden,baseline_seasonal_naive,13.420753424657535,46.53,59.950753424657535,0.9833333333333333,2.2163588390501316,9.973684210526315,27.071428571428573,1.0,1
store_0005,sku_00144,Garden,ML_95,17.493013698630136,46.53,64.02301369863014,0.9833333333333333,1.7004048582995952,12.999999999999998,35.285714285714285,1.0,1
store_0005,sku_00144,Garden,ML_99,17.670068493150687,46.53,64.2000684931507,0.9833333333333333,1.6833667334669338,13.131578947368421,35.642857142857146,1.0,1
store_0005,sku_00145,Baby,baseline_rolling_mean,0.1395205479452055,0.0,0.1395205479452055,1.0,1.6666666666666667,9.333333333333332,3.0,0.0,0
store_0005,sku_00145,Baby,baseline_seasonal_naive,0.09965753424657535,0.0,0.09965753424657535,1.0,2.3333333333333335,6.666666666666666,2.142857142857143,0.0,0
store_0005,sku_00145,Baby,ML_95,0.09965753424657535,0.0,0.09965753424657535,1.0,2.3333333333333335,6.666666666666666,2.142857142857143,0.0,0
store_0005,sku_00145,Baby,ML_99,0.09965753424657535,0.0,0.09965753424657535,1.0,2.3333333333333335,6.666666666666666,2.142857142857143,0.0,0
store_0005,sku_00146,Garden,baseline_rolling_mean,3.5605753424657536,0.0,3.5605753424657536,1.0,1.698224852071006,7.3478260869565215,24.142857142857142,0.0,0
store_0005,sku_00146,Garden,baseline_seasonal_naive,3.792328767123288,0.0,3.792328767123288,1.0,1.5944444444444443,7.82608695652174,25.714285714285715,0.0,0
store_0005,sku_00146,Garden,ML_95,3.5605753424657536,0.0,3.5605753424657536,1.0,1.698224852071006,7.3478260869565215,24.142857142857142,0.0,0
store_0005,sku_00146,Garden,ML_99,3.5605753424657536,0.0,3.5605753424657536,1.0,1.698224852071006,7.3478260869565215,24.142857142857142,0.0,0
store_0005,sku_00147,Meat,baseline_rolling_mean,1.3921369863013697,0.0,1.3921369863013697,1.0,1.647058823529412,8.0,4.857142857142857,0.0,0
store_0005,sku_00147,Meat,baseline_seasonal_naive,2.0063150684931506,0.0,2.0063150684931506,1.0,1.1428571428571428,11.529411764705884,7.0,0.0,0
store_0005,sku_00147,Meat,ML_95,1.3921369863013697,0.0,1.3921369863013697,1.0,1.647058823529412,8.0,4.857142857142857,0.0,0
store_0005,sku_00147,Meat,ML_99,1.3921369863013697,0.0,1.3921369863013697,1.0,1.647058823529412,8.0,4.857142857142857,0.0,0
store_0005,sku_00148,Pet,baseline_rolling_mean,0.40613698630136996,0.0,0.40613698630136996,1.0,2.0275229357798166,6.904977375565612,8.384615384615385,0.0,0
store_0005,sku_00148,Pet,baseline_seasonal_naive,0.6296986301369862,0.0,0.6296986301369862,1.0,1.3076923076923077,10.705882352941178,13.0,0.0,0
store_0005,sku_00148,Pet,ML_95,0.4806575342465754,0.0,0.4806575342465754,1.0,1.7131782945736433,8.171945701357467,9.923076923076923,0.0,0
store_0005,sku_00148,Pet,ML_99,0.4806575342465754,0.0,0.4806575342465754,1.0,1.7131782945736433,8.171945701357467,9.923076923076923,0.0,0
store_0005,sku_00149,Home,baseline_rolling_mean,3.573054794520548,0.0,3.573054794520548,1.0,0.8659793814432989,11.411764705882355,13.857142857142858,0.0,0
store_0005,sku_00149,Home,baseline_seasonal_naive,5.396417808219178,0.0,5.396417808219178,1.0,0.5733788395904438,17.235294117647058,20.928571428571427,0.0,0
store_0005,sku_00149,Home,ML_95,2.5416575342465753,0.0,2.5416575342465753,1.0,1.217391304347826,8.11764705882353,9.857142857142858,0.0,0
store_0005,sku_00149,Home,ML_99,2.5416575342465753,0.0,2.5416575342465753,1.0,1.217391304347826,8.11764705882353,9.857142857142858,0.0,0
store_0005,sku_00150,Pet,baseline_rolling_mean,0.8379520547945207,0.0,0.8379520547945207,1.0,1.7372262773722627,8.562500000000002,9.785714285714286,0.0,0
store_0005,sku_00150,Pet,baseline_seasonal_naive,1.5413424657534247,0.0,1.5413424657534247,1.0,0.9444444444444444,15.75,18.0,0.0,0
store_0005,sku_00150,Pet,ML_95,0.6238767123287672,0.0,0.6238767123287672,1.0,2.3333333333333335,6.375,7.285714285714286,0.0,0
store_0005,sku_00150,Pet,ML_99,0.6238767123287672,0.0,0.6238767123287672,1.0,2.3333333333333335,6.375,7.285714285714286,0.0,0
store_0005,sku_00151,Household,baseline_rolling_mean,0.5537808219178083,0.0,0.5537808219178083,1.0,1.689655172413793,7.250000000000001,8.285714285714286,0.0,0
store_0005,sku_00151,Household,baseline_seasonal_naive,0.9452465753424657,0.0,0.9452465753424657,1.0,0.98989898989899,12.375,14.142857142857142,0.0,0
store_0005,sku_00151,Household,ML_95,0.5155890410958903,0.0,0.5155890410958903,1.0,1.8148148148148149,6.750000000000001,7.714285714285714,0.0,0
store_0005,sku_00151,Household,ML_99,0.5155890410958903,0.0,0.5155890410958903,1.0,1.8148148148148149,6.750000000000001,7.714285714285714,0.0,0
store_0005,sku_00152,Meat,baseline_rolling_mean,0.8370753424657533,0.0,0.8370753424657533,1.0,0.46153846153846156,11.375,6.5,0.0,0
store_0005,sku_00152,Meat,baseline_seasonal_naive,1.8121301369863014,0.0,1.8121301369863014,1.0,0.2131979695431472,24.625,14.071428571428571,0.0,0
store_0005,sku_00152,Meat,ML_95,0.8370753424657533,0.0,0.8370753424657533,1.0,0.46153846153846156,11.375,6.5,0.0,0
store_0005,sku_00152,Meat,ML_99,0.8370753424657533,0.0,0.8370753424657533,1.0,0.46153846153846156,11.375,6.5,0.0,0
store_0005,sku_00153,Beauty,baseline_rolling_mean,0.4093698630136987,0.0,0.4093698630136987,1.0,0.45161290322580644,13.777777777777777,4.428571428571429,0.0,0
store_0005,sku_00153,Beauty,baseline_seasonal_naive,0.7659178082191781,0.0,0.7659178082191781,1.0,0.24137931034482757,25.77777777777778,8.285714285714286,0.0,0
store_0005,sku_00153,Beauty,ML_95,0.4093698630136987,0.0,0.4093698630136987,1.0,0.45161290322580644,13.777777777777777,4.428571428571429,0.0,0
store_0005,sku_00153,Beauty,ML_99,0.4093698630136987,0.0,0.4093698630136987,1.0,0.45161290322580644,13.777777777777777,4.428571428571429,0.0,0
store_0005,sku_00154,Frozen,baseline_rolling_mean,0.4879657534246575,0.0,0.4879657534246575,1.0,2.1256544502617802,7.2075471698113205,13.642857142857142,0.0,0
store_0005,sku_00154,Frozen,baseline_seasonal_naive,1.2339657534246575,0.0,1.2339657534246575,1.0,0.8405797101449275,18.22641509433962,34.5,0.0,0
store_0005,sku_00154,Frozen,ML_95,0.5722739726027397,6.714,7.28627397260274,0.9310344827586207,1.8125,8.452830188679245,16.0,2.0,1
store_0005,sku_00154,Frozen,ML_99,0.5722739726027397,6.714,7.28627397260274,0.9310344827586207,1.8125,8.452830188679245,16.0,2.0,1
store_0005,sku_00155,Health,baseline_rolling_mean,0.14629452054794523,21.762,21.908294520547944,0.25,2.1132075471698113,106.0,3.7857142857142856,6.0,2
store_0005,sku_00155,Health,baseline_seasonal_naive,0.0,25.389,25.389,0.125,7999999999.999999,0.0,0.0,7.0,3
store_0005,sku_00155,Health,ML_95,0.3836780821917808,21.762,22.145678082191782,0.25,0.8057553956834532,278.0,9.928571428571429,6.0,2
store_0005,sku_00155,Health,ML_99,0.3836780821917808,21.762,22.145678082191782,0.25,0.8057553956834532,278.0,9.928571428571429,6.0,2
store_0005,sku_00156,Home,baseline_rolling_mean,2.7943150684931504,0.0,2.7943150684931504,1.0,2.488888888888889,7.297297297297297,9.642857142857142,0.0,0
store_0005,sku_00156,Home,baseline_seasonal_naive,2.6494246575342464,0.0,2.6494246575342464,1.0,2.625,6.918918918918918,9.142857142857142,0.0,0
store_0005,sku_00156,Home,ML_95,4.574397260273972,0.0,4.574397260273972,1.0,1.5203619909502262,11.945945945945947,15.785714285714286,0.0,0
store_0005,sku_00156,Home,ML_99,4.574397260273972,0.0,4.574397260273972,1.0,1.5203619909502262,11.945945945945947,15.785714285714286,0.0,0
store_0005,sku_00157,Apparel,baseline_rolling_mean,0.7501369863013699,0.0,0.7501369863013699,1.0,3.1216216216216215,6.166666666666667,10.571428571428571,0.0,0
store_0005,sku_00157,Apparel,baseline_seasonal_naive,0.9173972602739727,0.0,0.9173972602739727,1.0,2.552486187845304,7.541666666666667,12.928571428571429,0.0,0
store_0005,sku_00157,Apparel,ML_95,1.1860273972602742,0.0,1.1860273972602742,1.0,1.9743589743589742,9.750000000000002,16.714285714285715,0.0,0
store_0005,sku_00157,Apparel,ML_99,1.1860273972602742,0.0,1.1860273972602742,1.0,1.9743589743589742,9.750000000000002,16.714285714285715,0.0,0
store_0005,sku_00158,Apparel,baseline_rolling_mean,0.3378561643835617,0.0,0.3378561643835617,1.0,3.1401869158878504,8.56,7.642857142857143,0.0,0
store_0005,sku_00158,Apparel,baseline_seasonal_naive,0.9630479452054794,0.0,0.9630479452054794,1.0,1.1016393442622952,24.4,21.785714285714285,0.0,0
store_0005,sku_00158,Apparel,ML_95,0.42942465753424663,16.596,17.025424657534245,0.8333333333333334,2.4705882352941178,10.879999999999999,9.714285714285714,4.0,1
store_0005,sku_00158,Apparel,ML_99,0.42942465753424663,16.596,17.025424657534245,0.8333333333333334,2.4705882352941178,10.879999999999999,9.714285714285714,4.0,1
store_0005,sku_00159,Beauty,baseline_rolling_mean,0.29256164383561645,0.0,0.29256164383561645,1.0,0.5185185185185185,12.0,3.857142857142857,0.0,0
store_0005,sku_00159,Beauty,baseline_seasonal_naive,0.29256164383561645,0.0,0.29256164383561645,1.0,0.5185185185185185,12.0,3.857142857142857,0.0,0
store_0005,sku_00159,Beauty,ML_95,0.29256164383561645,0.0,0.29256164383561645,1.0,0.5185185185185185,12.0,3.857142857142857,0.0,0
store_0005,sku_00159,Beauty,ML_99,0.29256164383561645,0.0,0.29256164383561645,1.0,0.5185185185185185,12.0,3.857142857142857,0.0,0
store_0005,sku_00160,Bakery,baseline_rolling_mean,0.8853287671232876,13.526999999999997,14.412328767123284,0.9090909090909091,1.7906976744186045,9.052631578947368,6.142857142857143,1.0,1
store_0005,sku_00160,Bakery,baseline_seasonal_naive,1.5853561643835616,0.0,1.5853561643835616,1.0,1.0,16.210526315789473,11.0,0.0,0
store_0005,sku_00160,Bakery,ML_95,1.111808219178082,13.526999999999997,14.63880821917808,0.9090909090909091,1.4259259259259258,11.368421052631579,7.714285714285714,1.0,1
store_0005,sku_00160,Bakery,ML_99,1.111808219178082,13.526999999999997,14.63880821917808,0.9090909090909091,1.4259259259259258,11.368421052631579,7.714285714285714,1.0,1
store_0005,sku_00161,Dairy,baseline_rolling_mean,6.761568493150685,0.0,6.761568493150685,1.0,1.5862068965517242,8.013157894736842,43.5,0.0,0
store_0005,sku_00161,Dairy,baseline_seasonal_naive,8.471390410958906,0.0,8.471390410958906,1.0,1.2660550458715596,10.039473684210526,54.5,0.0,0
store_0005,sku_00161,Dairy,ML_95,6.628335616438356,0.0,6.628335616438356,1.0,1.6180904522613064,7.855263157894737,42.642857142857146,0.0,0
store_0005,sku_00161,Dairy,ML_99,6.628335616438356,0.0,6.628335616438356,1.0,1.6180904522613064,7.855263157894737,42.642857142857146,0.0,0
store_0005,sku_00162,Health,baseline_rolling_mean,0.7489726027397259,0.0,0.7489726027397259,1.0,1.088888888888889,9.473684210526315,19.285714285714285,0.0,0
store_0005,sku_00162,Health,baseline_seasonal_naive,1.001404109589041,0.0,1.001404109589041,1.0,0.814404432132964,12.666666666666666,25.785714285714285,0.0,0
store_0005,sku_00162,Health,ML_95,0.6324657534246574,0.0,0.6324657534246574,1.0,1.2894736842105263,8.0,16.285714285714285,0.0,0
store_0005,sku_00162,Health,ML_99,0.6324657534246574,0.0,0.6324657534246574,1.0,1.2894736842105263,8.0,16.285714285714285,0.0,0
store_0005,sku_00163,Produce,baseline_rolling_mean,2.958,0.0,2.958,1.0,1.5784313725490196,9.488372093023255,14.571428571428571,0.0,0
store_0005,sku_00163,Produce,baseline_seasonal_naive,4.669,0.0,4.669,1.0,1.0,14.976744186046512,23.0,0.0,0
store_0005,sku_00163,Produce,ML_95,2.4650000000000003,19.053,21.518,0.9565217391304348,1.8941176470588237,7.9069767441860455,12.142857142857142,1.0,1
store_0005,sku_00163,Produce,ML_99,2.8565000000000005,0.0,2.8565000000000005,1.0,1.634517766497462,9.162790697674417,14.071428571428571,0.0,0
store_0005,sku_00164,Health,baseline_rolling_mean,2.5494520547945205,0.0,2.5494520547945205,1.0,1.9761431411530814,7.679389312977099,71.85714285714286,0.0,0
store_0005,sku_00164,Health,baseline_seasonal_naive,4.381712328767123,0.0,4.381712328767123,1.0,1.1497975708502024,13.198473282442748,123.5,0.0,0
store_0005,sku_00164,Health,ML_95,2.6761643835616438,6.66,9.336164383561645,0.9859154929577465,1.8825757575757576,8.061068702290076,75.42857142857143,2.0,1
store_0005,sku_00164,Health,ML_99,2.6786986301369864,6.66,9.338698630136987,0.9859154929577465,1.880794701986755,8.068702290076336,75.5,2.0,1
store_0005,sku_00165,Bakery,baseline_rolling_mean,2.031657534246575,0.0,2.031657534246575,1.0,0.5185185185185185,11.571428571428571,11.571428571428571,0.0,0
store_0005,sku_00165,Bakery,baseline_seasonal_naive,3.850116438356164,0.0,3.850116438356164,1.0,0.2736156351791531,21.928571428571427,21.928571428571427,0.0,0
store_0005,sku_00165,Bakery,ML_95,2.031657534246575,0.0,2.031657534246575,1.0,0.5185185185185185,11.571428571428571,11.571428571428571,0.0,0
store_0005,sku_00165,Bakery,ML_99,2.031657534246575,0.0,2.031657534246575,1.0,0.5185185185185185,11.571428571428571,11.571428571428571,0.0,0
store_0005,sku_00166,Beauty,baseline_rolling_mean,0.41904109589041105,28.98,29.39904109589041,0.7777777777777778,3.31578947368421,6.333333333333334,2.7142857142857144,2.0,2
store_0005,sku_00166,Beauty,baseline_seasonal_naive,0.893219178082192,14.49,15.383219178082193,0.8888888888888888,1.5555555555555556,13.5,5.785714285714286,1.0,1
store_0005,sku_00166,Beauty,ML_95,1.0034931506849316,0.0,1.0034931506849316,1.0,1.3846153846153846,15.166666666666668,6.5,0.0,0
store_0005,sku_00166,Beauty,ML_99,1.0034931506849316,0.0,1.0034931506849316,1.0,1.3846153846153846,15.166666666666668,6.5,0.0,0
store_0005,sku_00167,Garden,baseline_rolling_mean,2.4614726027397262,0.0,2.4614726027397262,1.0,0.24347826086956523,13.529411764705882,8.214285714285714,0.0,0
store_0005,sku_00167,Garden,baseline_seasonal_naive,7.341609589041096,0.0,7.341609589041096,1.0,0.08163265306122448,40.352941176470594,24.5,0.0,0
store_0005,sku_00167,Garden,ML_95,2.3116438356164384,0.0,2.3116438356164384,1.0,0.25925925925925924,12.705882352941178,7.714285714285714,0.0,0
store_0005,sku_00167,Garden,ML_99,2.3116438356164384,0.0,2.3116438356164384,1.0,0.25925925925925924,12.705882352941178,7.714285714285714,0.0,0
store_0005,sku_00168,Pet,baseline_rolling_mean,0.37578082191780826,0.0,0.37578082191780826,1.0,2.2037037037037037,9.391304347826088,7.714285714285714,0.0,0
store_0005,sku_00168,Pet,baseline_seasonal_naive,0.3931780821917808,0.0,0.3931780821917808,1.0,2.106194690265487,9.826086956521738,8.071428571428571,0.0,0
store_0005,sku_00168,Pet,ML_95,0.21920547945205482,4.572,4.791205479452055,0.9411764705882353,3.7777777777777777,5.478260869565218,4.5,1.0,1
store_0005,sku_00168,Pet,ML_99,0.21920547945205482,4.572,4.791205479452055,0.9411764705882353,3.7777777777777777,5.478260869565218,4.5,1.0,1
store_0005,sku_00169,Home,baseline_rolling_mean,3.9933904109589036,0.0,3.9933904109589036,1.0,0.8936170212765958,10.0,16.785714285714285,0.0,0
store_0005,sku_00169,Home,baseline_seasonal_naive,5.352842465753425,0.0,5.352842465753425,1.0,0.6666666666666666,13.404255319148936,22.5,0.0,0
store_0005,sku_00169,Home,ML_95,3.9933904109589036,0.0,3.9933904109589036,1.0,0.8936170212765958,10.0,16.785714285714285,0.0,0
store_0005,sku_00169,Home,ML_99,3.9933904109589036,0.0,3.9933904109589036,1.0,0.8936170212765958,10.0,16.785714285714285,0.0,0
store_0005,sku_00170,Pet,baseline_rolling_mean,0.11198630136986303,0.0,0.11198630136986303,1.0,0.5599999999999999,25.000000000000004,1.7857142857142858,0.0,0
store_0005,sku_00170,Pet,baseline_seasonal_naive,0.2508493150684932,0.0,0.2508493150684932,1.0,0.25,56.0,4.0,0.0,0
store_0005,sku_00170,Pet,ML_95,0.09406849315068493,0.0,0.09406849315068493,1.0,0.6666666666666666,21.0,1.5,0.0,0
store_0005,sku_00170,Pet,ML_99,0.09406849315068493,0.0,0.09406849315068493,1.0,0.6666666666666666,21.0,1.5,0.0,0
store_0005,sku_00171,Beverages,baseline_rolling_mean,0.30495205479452053,0.0,0.30495205479452053,1.0,1.5555555555555556,9.0,1.9285714285714286,0.0,0
store_0005,sku_00171,Beverages,baseline_seasonal_naive,0.6776712328767123,0.0,0.6776712328767123,1.0,0.7000000000000001,20.0,4.285714285714286,0.0,0
store_0005,sku_00171,Beverages,ML_95,0.30495205479452053,0.0,0.30495205479452053,1.0,1.5555555555555556,9.0,1.9285714285714286,0.0,0
store_0005,sku_00171,Beverages,ML_99,0.30495205479452053,0.0,0.30495205479452053,1.0,1.5555555555555556,9.0,1.9285714285714286,0.0,0
store_0005,sku_00172,Office,baseline_rolling_mean,0.48712328767123286,27.432000000000002,27.919123287671233,0.8,3.0,6.666666666666667,5.0,3.0,2
store_0005,sku_00172,Office,baseline_seasonal_naive,0.508,0.0,0.508,1.0,2.8767123287671232,6.9523809523809526,5.214285714285714,0.0,0
store_0005,sku_00172,Office,ML_95,0.9255342465753424,9.144,10.069534246575342,0.9333333333333333,1.5789473684210527,12.666666666666666,9.5,1.0,1
store_0005,sku_00172,Office,ML_99,0.9255342465753424,9.144,10.069534246575342,0.9333333333333333,1.5789473684210527,12.666666666666666,9.5,1.0,1
store_0005,sku_00173,Bakery,baseline_rolling_mean,2.4859178082191784,0.0,2.4859178082191784,1.0,0.9905660377358491,8.833333333333334,15.142857142857142,0.0,0
store_0005,sku_00173,Bakery,baseline_seasonal_naive,2.9549589041095894,0.0,2.9549589041095894,1.0,0.8333333333333334,10.5,18.0,0.0,0
store_0005,sku_00173,Bakery,ML_95,2.474191780821918,0.0,2.474191780821918,1.0,0.9952606635071091,8.791666666666668,15.071428571428571,0.0,0
store_0005,sku_00173,Bakery,ML_99,2.474191780821918,0.0,2.474191780821918,1.0,0.9952606635071091,8.791666666666668,15.071428571428571,0.0,0
store_0005,sku_00174,Beverages,baseline_rolling_mean,0.8162191780821918,0.0,0.8162191780821918,1.0,0.0,17.81818181818182,7.0,0.0,0
store_0005,sku_00174,Beverages,baseline_seasonal_naive,1.5658082191780822,0.0,1.5658082191780822,1.0,0.0,34.18181818181818,13.428571428571429,0.0,0
store_0005,sku_00174,Beverages,ML_95,0.6996164383561644,0.0,0.6996164383561644,1.0,0.0,15.272727272727273,6.0,0.0,0
store_0005,sku_00174,Beverages,ML_99,0.6996164383561644,0.0,0.6996164383561644,1.0,0.0,15.272727272727273,6.0,0.0,0
store_0005,sku_00175,Office,baseline_rolling_mean,0.8723835616438356,9.882,10.754383561643834,0.9,1.206896551724138,13.647058823529415,8.285714285714286,1.0,1
store_0005,sku_00175,Office,baseline_seasonal_naive,1.0303150684931508,9.882,10.91231506849315,0.9,1.021897810218978,16.117647058823533,9.785714285714286,1.0,1
store_0005,sku_00175,Office,ML_95,1.1807260273972604,9.882,11.062726027397261,0.9,0.89171974522293,18.47058823529412,11.214285714285714,1.0,1
store_0005,sku_00175,Office,ML_99,1.1807260273972604,9.882,11.062726027397261,0.9,0.89171974522293,18.47058823529412,11.214285714285714,1.0,1
store_0005,sku_00176,Beverages,baseline_rolling_mean,1.51713698630137,0.0,1.51713698630137,1.0,0.7313432835820896,14.105263157894736,9.571428571428571,0.0,0
store_0005,sku_00176,Beverages,baseline_seasonal_naive,1.7209315068493152,0.0,1.7209315068493152,1.0,0.6447368421052632,16.0,10.857142857142858,0.0,0
store_0005,sku_00176,Beverages,ML_95,0.815178082191781,0.0,0.815178082191781,1.0,1.361111111111111,7.578947368421053,5.142857142857143,0.0,0
store_0005,sku_00176,Beverages,ML_99,0.815178082191781,0.0,0.815178082191781,1.0,1.361111111111111,7.578947368421053,5.142857142857143,0.0,0
store_0005,sku_00177,Seasonal,baseline_rolling_mean,2.511438356164383,0.0,2.511438356164383,1.0,1.2108108108108109,9.135802469135802,26.428571428571427,0.0,0
store_0005,sku_00177,Seasonal,baseline_seasonal_naive,3.98436301369863,0.0,3.98436301369863,1.0,0.7632027257240204,14.493827160493828,41.92857142857143,0.0,0
store_0005,sku_00177,Seasonal,ML_95,2.1720547945205477,0.0,2.1720547945205477,1.0,1.4,7.901234567901235,22.857142857142858,0.0,0
store_0005,sku_00177,Seasonal,ML_99,2.1720547945205477,0.0,2.1720547945205477,1.0,1.4,7.901234567901235,22.857142857142858,0.0,0
store_0005,sku_00178,Office,baseline_rolling_mean,1.2915821917808217,0.0,1.2915821917808217,1.0,1.3472803347280333,9.958333333333334,17.071428571428573,0.0,0
store_0005,sku_00178,Office,baseline_seasonal_naive,1.7941643835616439,0.0,1.7941643835616439,1.0,0.9698795180722891,13.833333333333334,23.714285714285715,0.0,0
store_0005,sku_00178,Office,ML_95,0.9889520547945205,0.0,0.9889520547945205,1.0,1.7595628415300546,7.625,13.071428571428571,0.0,0
store_0005,sku_00178,Office,ML_99,0.9889520547945205,0.0,0.9889520547945205,1.0,1.7595628415300546,7.625,13.071428571428571,0.0,0
store_0005,sku_00179,Household,baseline_rolling_mean,0.7605068493150687,0.0,0.7605068493150687,1.0,0.8181818181818182,10.266666666666667,11.0,0.0,0
store_0005,sku_00179,Household,baseline_seasonal_naive,1.091376712328767,0.0,1.091376712328767,1.0,0.5701357466063348,14.733333333333334,15.785714285714286,0.0,0
store_0005,sku_00179,Household,ML_95,0.6172945205479452,0.0,0.6172945205479452,1.0,1.008,8.333333333333334,8.928571428571429,0.0,0
store_0005,sku_00179,Household,ML_99,0.6172945205479452,0.0,0.6172945205479452,1.0,1.008,8.333333333333334,8.928571428571429,0.0,0
store_0005,sku_00180,Seasonal,baseline_rolling_mean,1.4564109589041092,0.0,1.4564109589041092,1.0,4.1525423728813555,5.9,16.857142857142858,0.0,0
store_0005,sku_00180,Seasonal,baseline_seasonal_naive,2.4561506849315067,0.0,2.4561506849315067,1.0,2.462311557788945,9.95,28.428571428571427,0.0,0
store_0005,sku_00180,Seasonal,ML_95,2.462321917808219,16.218,18.680321917808218,0.9714285714285714,2.456140350877193,9.975,28.5,2.0,1
store_0005,sku_00180,Seasonal,ML_99,2.462321917808219,16.218,18.680321917808218,0.9714285714285714,2.456140350877193,9.975,28.5,2.0,1
store_0005,sku_00181,Beverages,baseline_rolling_mean,0.0965205479452055,0.0,0.0965205479452055,1.0,1.0769230769230769,26.000000000000004,0.9285714285714286,0.0,0
store_0005,sku_00181,Beverages,baseline_seasonal_naive,0.0965205479452055,0.0,0.0965205479452055,1.0,1.0769230769230769,26.000000000000004,0.9285714285714286,0.0,0
store_0005,sku_00181,Beverages,ML_95,0.0965205479452055,0.0,0.0965205479452055,1.0,1.0769230769230769,26.000000000000004,0.9285714285714286,0.0,0
store_0005,sku_00181,Beverages,ML_99,0.0965205479452055,0.0,0.0965205479452055,1.0,1.0769230769230769,26.000000000000004,0.9285714285714286,0.0,0
store_0005,sku_00182,Dairy,baseline_rolling_mean,9.827047945205477,0.0,9.827047945205477,1.0,1.1573926868044515,11.132743362831858,44.92857142857143,0.0,0
store_0005,sku_00182,Dairy,baseline_seasonal_naive,19.404123287671233,0.0,19.404123287671233,1.0,0.5861513687600645,21.98230088495575,88.71428571428571,0.0,0
store_0005,sku_00182,Dairy,ML_95,6.655520547945206,0.0,6.655520547945206,1.0,1.7089201877934272,7.539823008849558,30.428571428571427,0.0,0
store_0005,sku_00182,Dairy,ML_99,6.655520547945206,0.0,6.655520547945206,1.0,1.7089201877934272,7.539823008849558,30.428571428571427,0.0,0
store_0005,sku_00183,Dairy,baseline_rolling_mean,3.7084657534246572,0.0,3.7084657534246572,1.0,1.3249211356466877,8.929577464788732,22.642857142857142,0.0,0
store_0005,sku_00183,Dairy,baseline_seasonal_naive,4.117917808219178,0.0,4.117917808219178,1.0,1.1931818181818181,9.91549295774648,25.142857142857142,0.0,0
store_0005,sku_00183,Dairy,ML_95,3.7084657534246572,0.0,3.7084657534246572,1.0,1.3249211356466877,8.929577464788732,22.642857142857142,0.0,0
store_0005,sku_00183,Dairy,ML_99,3.7084657534246572,0.0,3.7084657534246572,1.0,1.3249211356466877,8.929577464788732,22.642857142857142,0.0,0
store_0005,sku_00184,Household,baseline_rolling_mean,1.0582328767123288,0.0,1.0582328767123288,1.0,1.2537313432835822,10.719999999999999,9.571428571428571,0.0,0
store_0005,sku_00184,Household,baseline_seasonal_naive,1.413609589041096,0.0,1.413609589041096,1.0,0.9385474860335195,14.32,12.785714285714286,0.0,0
store_0005,sku_00184,Household,ML_95,0.6712671232876714,0.0,0.6712671232876714,1.0,1.9764705882352942,6.799999999999999,6.071428571428571,0.0,0
store_0005,sku_00184,Household,ML_99,0.6712671232876714,0.0,0.6712671232876714,1.0,1.9764705882352942,6.799999999999999,6.071428571428571,0.0,0
store_0005,sku_00185,Garden,baseline_rolling_mean,19.952294520547945,0.0,19.952294520547945,1.0,0.8431618569636136,9.9625,56.92857142857143,0.0,0
store_0005,sku_00185,Garden,baseline_seasonal_naive,22.831232876712328,0.0,22.831232876712328,1.0,0.736842105263158,11.399999999999999,65.14285714285714,0.0,0
store_0005,sku_00185,Garden,ML_95,19.952294520547945,0.0,19.952294520547945,1.0,0.8431618569636136,9.9625,56.92857142857143,0.0,0
store_0005,sku_00185,Garden,ML_99,19.952294520547945,0.0,19.952294520547945,1.0,0.8431618569636136,9.9625,56.92857142857143,0.0,0
store_0005,sku_00186,Produce,baseline_rolling_mean,2.730369863013698,0.0,2.730369863013698,1.0,2.3037974683544302,7.1818181818181825,11.285714285714286,0.0,0
store_0005,sku_00186,Produce,baseline_seasonal_naive,3.3697602739726027,0.0,3.3697602739726027,1.0,1.8666666666666667,8.863636363636363,13.928571428571429,0.0,0
store_0005,sku_00186,Produce,ML_95,2.851335616438356,0.0,2.851335616438356,1.0,2.206060606060606,7.500000000000001,11.785714285714286,0.0,0
store_0005,sku_00186,Produce,ML_99,2.851335616438356,0.0,2.851335616438356,1.0,2.206060606060606,7.500000000000001,11.785714285714286,0.0,0
store_0005,sku_00187,Pet,baseline_rolling_mean,0.8356643835616439,0.0,0.8356643835616439,1.0,0.9054726368159204,9.136363636363637,14.357142857142858,0.0,0
store_0005,sku_00187,Pet,baseline_seasonal_naive,1.0476986301369864,0.0,1.0476986301369864,1.0,0.7222222222222222,11.454545454545455,18.0,0.0,0
store_0005,sku_00187,Pet,ML_95,0.7816164383561643,0.0,0.7816164383561643,1.0,0.9680851063829787,8.545454545454545,13.428571428571429,0.0,0
store_0005,sku_00187,Pet,ML_99,0.7816164383561643,0.0,0.7816164383561643,1.0,0.9680851063829787,8.545454545454545,13.428571428571429,0.0,0
store_0005,sku_00188,Seasonal,baseline_rolling_mean,13.672397260273973,0.0,13.672397260273973,1.0,1.1711026615969582,8.766666666666666,56.357142857142854,0.0,0
store_0005,sku_00188,Seasonal,baseline_seasonal_naive,15.977123287671231,0.0,15.977123287671231,1.0,1.002169197396963,10.244444444444445,65.85714285714286,0.0,0
store_0005,sku_00188,Seasonal,ML_95,13.655068493150685,0.0,13.655068493150685,1.0,1.1725888324873097,8.755555555555555,56.285714285714285,0.0,0
store_0005,sku_00188,Seasonal,ML_99,13.655068493150685,0.0,13.655068493150685,1.0,1.1725888324873097,8.755555555555555,56.285714285714285,0.0,0
store_0005,sku_00189,Frozen,baseline_rolling_mean,1.261109589041096,0.0,1.261109589041096,1.0,0.5803108808290155,10.87323943661972,27.571428571428573,0.0,0
store_0005,sku_00189,Frozen,baseline_seasonal_naive,1.261109589041096,0.0,1.261109589041096,1.0,0.5803108808290155,10.87323943661972,27.571428571428573,0.0,0
store_0005,sku_00189,Frozen,ML_95,1.261109589041096,0.0,1.261109589041096,1.0,0.5803108808290155,10.87323943661972,27.571428571428573,0.0,0
store_0005,sku_00189,Frozen,ML_99,1.261109589041096,0.0,1.261109589041096,1.0,0.5803108808290155,10.87323943661972,27.571428571428573,0.0,0
store_0005,sku_00190,Seasonal,baseline_rolling_mean,6.437123287671233,0.0,6.437123287671233,1.0,0.9183673469387755,10.473282442748092,49.0,0.0,0
store_0005,sku_00190,Seasonal,baseline_seasonal_naive,7.01890410958904,0.0,7.01890410958904,1.0,0.8422459893048128,11.419847328244275,53.42857142857143,0.0,0
store_0005,sku_00190,Seasonal,ML_95,4.963904109589041,0.0,4.963904109589041,1.0,1.1909262759924386,8.076335877862595,37.785714285714285,0.0,0
store_0005,sku_00190,Seasonal,ML_99,4.963904109589041,0.0,4.963904109589041,1.0,1.1909262759924386,8.076335877862595,37.785714285714285,0.0,0
store_0005,sku_00191,Health,baseline_rolling_mean,0.5791780821917808,0.0,0.5791780821917808,1.0,1.0,10.980392156862745,20.0,0.0,0
store_0005,sku_00191,Health,baseline_seasonal_naive,0.6743287671232876,0.0,0.6743287671232876,1.0,0.8588957055214724,12.784313725490195,23.285714285714285,0.0,0
store_0005,sku_00191,Health,ML_95,0.450931506849315,0.0,0.450931506849315,1.0,1.2844036697247707,8.549019607843137,15.571428571428571,0.0,0
store_0005,sku_00191,Health,ML_99,0.450931506849315,0.0,0.450931506849315,1.0,1.2844036697247707,8.549019607843137,15.571428571428571,0.0,0
store_0005,sku_00192,Toys,baseline_rolling_mean,2.0277739726027395,0.0,2.0277739726027395,1.0,1.5372549019607842,9.622641509433963,18.214285714285715,0.0,0
store_0005,sku_00192,Toys,baseline_seasonal_naive,2.7116506849315067,0.0,2.7116506849315067,1.0,1.1495601173020527,12.867924528301888,24.357142857142858,0.0,0
store_0005,sku_00192,Toys,ML_95,1.3120890410958908,0.0,1.3120890410958908,1.0,2.3757575757575755,6.2264150943396235,11.785714285714286,0.0,0
store_0005,sku_00192,Toys,ML_99,1.3120890410958908,0.0,1.3120890410958908,1.0,2.3757575757575755,6.2264150943396235,11.785714285714286,0.0,0
store_0005,sku_00193,Electronics,baseline_rolling_mean,4.615595890410958,0.0,4.615595890410958,1.0,0.8328611898016997,9.943661971830986,25.214285714285715,0.0,0
store_0005,sku_00193,Electronics,baseline_seasonal_naive,5.635472602739726,0.0,5.635472602739726,1.0,0.6821345707656613,12.140845070422536,30.785714285714285,0.0,0
store_0005,sku_00193,Electronics,ML_95,4.615595890410958,0.0,4.615595890410958,1.0,0.8328611898016997,9.943661971830986,25.214285714285715,0.0,0
store_0005,sku_00193,Electronics,ML_99,4.615595890410958,0.0,4.615595890410958,1.0,0.8328611898016997,9.943661971830986,25.214285714285715,0.0,0
store_0005,sku_00194,Baby,baseline_rolling_mean,0.0414041095890411,0.0,0.0414041095890411,1.0,3.230769230769231,6.500000000000001,0.9285714285714286,0.0,0
store_0005,sku_00194,Baby,baseline_seasonal_naive,0.0414041095890411,4.1850000000000005,4.2264041095890414,0.6666666666666667,3.230769230769231,6.500000000000001,0.9285714285714286,1.0,1
store_0005,sku_00194,Baby,ML_95,0.06051369863013699,0.0,0.06051369863013699,1.0,2.2105263157894735,9.500000000000002,1.3571428571428572,0.0,0
store_0005,sku_00194,Baby,ML_99,0.06051369863013699,0.0,0.06051369863013699,1.0,2.2105263157894735,9.500000000000002,1.3571428571428572,0.0,0
store_0005,sku_00195,Meat,baseline_rolling_mean,5.790082191780822,0.0,5.790082191780822,1.0,1.463276836158192,8.53012048192771,25.285714285714285,0.0,0
store_0005,sku_00195,Meat,baseline_seasonal_naive,6.624246575342466,0.0,6.624246575342466,1.0,1.2790123456790123,9.759036144578312,28.928571428571427,0.0,0
store_0005,sku_00195,Meat,ML_95,4.792356164383561,0.0,4.792356164383561,1.0,1.7679180887372015,7.060240963855421,20.928571428571427,0.0,0
store_0005,sku_00195,Meat,ML_99,4.792356164383561,0.0,4.792356164383561,1.0,1.7679180887372015,7.060240963855421,20.928571428571427,0.0,0
store_0005,sku_00196,Pet,baseline_rolling_mean,0.5005,9.008999999999999,9.5095,0.9545454545454546,3.9178082191780823,5.615384615384615,5.615384615384615,1.0,1
store_0005,sku_00196,Pet,baseline_seasonal_naive,0.2742465753424657,27.026999999999994,27.30124657534246,0.8636363636363636,7.1499999999999995,3.076923076923077,3.076923076923077,3.0,3
store_0005,sku_00196,Pet,ML_95,0.8158835616438357,9.008999999999999,9.824883561643833,0.9545454545454546,2.4033613445378155,9.153846153846153,9.153846153846153,1.0,1
store_0005,sku_00196,Pet,ML_99,1.138123287671233,0.0,1.138123287671233,1.0,1.7228915662650601,12.76923076923077,12.76923076923077,0.0,0
store_0005,sku_00197,Automotive,baseline_rolling_mean,0.2633972602739726,0.0,0.2633972602739726,1.0,0.8369565217391305,11.870967741935482,13.142857142857142,0.0,0
store_0005,sku_00197,Automotive,baseline_seasonal_naive,0.5368150684931507,0.0,0.5368150684931507,1.0,0.4106666666666667,24.193548387096772,26.785714285714285,0.0,0
store_0005,sku_00197,Automotive,ML_95,0.2218835616438356,0.0,0.2218835616438356,1.0,0.9935483870967742,10.0,11.071428571428571,0.0,0
store_0005,sku_00197,Automotive,ML_99,0.2218835616438356,0.0,0.2218835616438356,1.0,0.9935483870967742,10.0,11.071428571428571,0.0,0
store_0005,sku_00198,Grocery,baseline_rolling_mean,4.754383561643836,0.0,4.754383561643836,1.0,1.1260869565217393,8.846153846153845,32.857142857142854,0.0,0
store_0005,sku_00198,Grocery,baseline_seasonal_naive,9.02299315068493,0.0,9.02299315068493,1.0,0.5933562428407789,16.788461538461537,62.357142857142854,0.0,0
store_0005,sku_00198,Grocery,ML_95,4.464986301369862,0.0,4.464986301369862,1.0,1.199074074074074,8.307692307692308,30.857142857142858,0.0,0
store_0005,sku_00198,Grocery,ML_99,4.464986301369862,0.0,4.464986301369862,1.0,1.199074074074074,8.307692307692308,30.857142857142858,0.0,0
store_0005,sku_00199,Office,baseline_rolling_mean,0.6098630136986303,0.0,0.6098630136986303,1.0,2.933333333333333,7.5,7.5,0.0,0
store_0005,sku_00199,Office,baseline_seasonal_naive,1.1267945205479453,7.632,8.758794520547944,0.9545454545454546,1.5876288659793814,13.857142857142858,13.857142857142858,1.0,1
store_0005,sku_00199,Office,ML_95,1.2487671232876714,0.0,1.2487671232876714,1.0,1.4325581395348836,15.357142857142858,15.357142857142858,0.0,0
store_0005,sku_00199,Office,ML_99,1.2487671232876714,0.0,1.2487671232876714,1.0,1.4325581395348836,15.357142857142858,15.357142857142858,0.0,0
store_0005,sku_00200,Pet,baseline_rolling_mean,0.3965205479452054,0.0,0.3965205479452054,1.0,3.414634146341464,7.454545454545454,5.857142857142857,0.0,0
store_0005,sku_00200,Pet,baseline_seasonal_naive,0.2853013698630137,6.353999999999999,6.639301369863013,0.95,4.745762711864407,5.363636363636364,4.214285714285714,1.0,1
store_0005,sku_00200,Pet,ML_95,0.49323287671232874,6.353999999999999,6.847232876712328,0.95,2.7450980392156863,9.272727272727273,7.285714285714286,1.0,1
store_0005,sku_00200,Pet,ML_99,0.49323287671232874,6.353999999999999,6.847232876712328,0.95,2.7450980392156863,9.272727272727273,7.285714285714286,1.0,1
